crop,mandi,as_of_date,horizon_days,price_low,price_mid,price_high,uses_baseline,last_price_date,falling
onion,Lasalgaon,2025-08-01,0,1310,1310,1310,true,2025-08-01,false
onion,Lasalgaon,2025-08-01,1,1203,1310,1432,true,2025-08-01,false
onion,Lasalgaon,2025-08-01,2,1168,1310,1472,true,2025-08-01,false
onion,Lasalgaon,2025-08-01,3,1247,1313,1571,false,2025-08-01,false
onion,Lasalgaon,2025-08-01,7,1246,1333,1729,false,2025-08-01,false
onion,Lasalgaon,2025-08-01,14,1241,1348,1954,false,2025-08-01,false
onion,Lasalgaon,2025-08-01,21,1230,1354,2127,false,2025-08-01,false
onion,Lasalgaon (Niphad),2025-08-01,0,1325,1325,1325,true,2025-08-01,false
onion,Lasalgaon (Niphad),2025-08-01,1,1223,1325,1436,true,2025-08-01,false
onion,Lasalgaon (Niphad),2025-08-01,2,1187,1325,1480,true,2025-08-01,false
onion,Lasalgaon (Niphad),2025-08-01,3,1269,1344,1582,false,2025-08-01,false
onion,Lasalgaon (Niphad),2025-08-01,7,1267,1363,1739,false,2025-08-01,false
onion,Lasalgaon (Niphad),2025-08-01,14,1260,1377,1974,false,2025-08-01,false
onion,Lasalgaon (Niphad),2025-08-01,21,1253,1382,2164,false,2025-08-01,false
onion,Lasalgaon (Vinchur),2025-08-01,0,1300,1300,1300,true,2025-08-01,false
onion,Lasalgaon (Vinchur),2025-08-01,1,1219,1300,1393,true,2025-08-01,false
onion,Lasalgaon (Vinchur),2025-08-01,2,1259,1306,1473,false,2025-08-01,false
onion,Lasalgaon (Vinchur),2025-08-01,3,1253,1311,1510,false,2025-08-01,false
onion,Lasalgaon (Vinchur),2025-08-01,7,1252,1328,1667,false,2025-08-01,false
onion,Lasalgaon (Vinchur),2025-08-01,14,1247,1340,1881,false,2025-08-01,false
onion,Lasalgaon (Vinchur),2025-08-01,21,1238,1344,2045,false,2025-08-01,false
onion,Nasik,2025-08-01,0,725,725,725,true,2025-08-01,true
onion,Nasik,2025-08-01,1,659,725,806,true,2025-08-01,true
onion,Nasik,2025-08-01,2,699,812,983,false,2025-08-01,true
onion,Nasik,2025-08-01,3,698,817,1007,false,2025-08-01,true
onion,Nasik,2025-08-01,7,702,839,1103,false,2025-08-01,true
onion,Nasik,2025-08-01,14,717,885,1269,false,2025-08-01,true
onion,Nasik,2025-08-01,21,723,912,1336,false,2025-08-01,true
onion,Pimpalgaon,2025-08-01,0,1300,1300,1300,true,2025-08-01,false
onion,Pimpalgaon,2025-08-01,1,1209,1300,1393,true,2025-08-01,false
onion,Pimpalgaon,2025-08-01,2,1178,1300,1440,true,2025-08-01,false
onion,Pimpalgaon,2025-08-01,3,1145,1300,1485,true,2025-08-01,false
onion,Pimpalgaon,2025-08-01,7,1250,1339,1697,false,2025-08-01,false
onion,Pimpalgaon,2025-08-01,14,1244,1353,1922,false,2025-08-01,false
onion,Pimpalgaon,2025-08-01,21,1237,1355,2089,false,2025-08-01,false
onion,Pune,2025-08-01,0,1100,1100,1100,true,2025-08-01,false
onion,Pune,2025-08-01,1,1006,1100,1200,true,2025-08-01,false
onion,Pune,2025-08-01,2,986,1100,1238,true,2025-08-01,false
onion,Pune,2025-08-01,3,963,1100,1260,true,2025-08-01,false
onion,Pune,2025-08-01,7,1040,1102,1366,false,2025-08-01,false
onion,Pune,2025-08-01,14,1035,1116,1547,false,2025-08-01,false
onion,Pune,2025-08-01,21,1036,1131,1647,false,2025-08-01,false
onion,Solapur,2025-08-01,0,1100,1100,1100,true,2025-08-01,false
onion,Solapur,2025-08-01,1,990,1100,1222,true,2025-08-01,false
onion,Solapur,2025-08-01,2,963,1100,1244,true,2025-08-01,false
onion,Solapur,2025-08-01,3,998,1090,1250,false,2025-08-01,false
onion,Solapur,2025-08-01,7,1000,1109,1330,false,2025-08-01,false
onion,Solapur,2025-08-01,14,807,1100,1488,true,2025-08-01,false
onion,Solapur,2025-08-01,21,733,1100,1630,true,2025-08-01,false
soybean,Akola,2025-08-01,0,4615,4615,4615,true,2025-08-01,false
soybean,Akola,2025-08-01,1,4421,4560,4637,false,2025-08-01,false
soybean,Akola,2025-08-01,2,4418,4560,4640,false,2025-08-01,false
soybean,Akola,2025-08-01,3,4413,4560,4642,false,2025-08-01,false
soybean,Akola,2025-08-01,7,4392,4545,4646,false,2025-08-01,false
soybean,Akola,2025-08-01,14,4293,4615,4970,true,2025-08-01,false
soybean,Akola,2025-08-01,21,4254,4615,5077,true,2025-08-01,false
soybean,Amarawati,2025-08-01,0,4400,4400,4400,true,2025-08-01,false
soybean,Amarawati,2025-08-01,1,4314,4400,4485,true,2025-08-01,false
soybean,Amarawati,2025-08-01,2,4295,4400,4510,true,2025-08-01,false
soybean,Amarawati,2025-08-01,3,4273,4400,4520,true,2025-08-01,false
soybean,Amarawati,2025-08-01,7,4244,4400,4562,true,2025-08-01,false
soybean,Amarawati,2025-08-01,14,4185,4400,4588,true,2025-08-01,false
soybean,Amarawati,2025-08-01,21,4130,4400,4675,true,2025-08-01,false
soybean,Latur,2025-08-01,0,4650,4650,4650,true,2025-07-31,false
soybean,Latur,2025-08-01,1,4577,4650,4743,true,2025-07-31,false
soybean,Latur,2025-08-01,2,4553,4650,4763,true,2025-07-31,false
soybean,Latur,2025-08-01,3,4523,4650,4790,true,2025-07-31,false
soybean,Latur,2025-08-01,7,4457,4650,4861,true,2025-07-31,false
soybean,Latur,2025-08-01,14,4415,4650,4953,true,2025-07-31,false
soybean,Latur,2025-08-01,21,4371,4650,5127,true,2025-07-31,false
soybean,Nagpur,2025-08-01,0,4475,4475,4475,true,2025-08-01,false
soybean,Nagpur,2025-08-01,1,4273,4387,4504,false,2025-08-01,false
soybean,Nagpur,2025-08-01,2,4271,4387,4506,false,2025-08-01,false
soybean,Nagpur,2025-08-01,3,4266,4386,4508,false,2025-08-01,false
soybean,Nagpur,2025-08-01,7,4251,4372,4514,false,2025-08-01,false
soybean,Nagpur,2025-08-01,14,4222,4351,4571,false,2025-08-01,false
soybean,Nagpur,2025-08-01,21,4204,4475,4849,true,2025-08-01,false
soybean,Washim,2025-08-01,0,4350,4350,4350,true,2025-08-01,false
soybean,Washim,2025-08-01,1,4215,4339,4538,false,2025-08-01,false
soybean,Washim,2025-08-01,2,4213,4339,4540,false,2025-08-01,false
soybean,Washim,2025-08-01,3,4194,4339,4541,false,2025-08-01,false
soybean,Washim,2025-08-01,7,4108,4350,4640,true,2025-08-01,false
soybean,Washim,2025-08-01,14,4137,4320,4565,false,2025-08-01,false
soybean,Washim,2025-08-01,21,4159,4315,4545,false,2025-08-01,false
tomato,Junnar (Narayangaon),2025-08-01,0,3000,3000,3000,true,2025-08-01,true
tomato,Junnar (Narayangaon),2025-08-01,1,2400,3000,3750,true,2025-08-01,true
tomato,Junnar (Narayangaon),2025-08-01,2,2250,3000,4000,true,2025-08-01,true
tomato,Junnar (Narayangaon),2025-08-01,3,2100,3000,4000,true,2025-08-01,true
tomato,Junnar (Narayangaon),2025-08-01,7,2000,3000,4500,true,2025-08-01,true
tomato,Junnar (Narayangaon),2025-08-01,14,1600,3000,6000,true,2025-08-01,true
tomato,Junnar (Narayangaon),2025-08-01,21,1500,3000,7200,true,2025-08-01,true
tomato,Nasik,2025-08-01,0,2250,2250,2250,true,2025-08-01,true
tomato,Nasik,2025-08-01,1,1800,2250,2700,true,2025-08-01,true
tomato,Nasik,2025-08-01,2,1710,2250,3000,true,2025-08-01,true
tomato,Nasik,2025-08-01,3,1636,2250,3094,true,2025-08-01,true
tomato,Nasik,2025-08-01,7,1500,2250,3375,true,2025-08-01,true
tomato,Nasik,2025-08-01,14,1212,2250,4120,true,2025-08-01,true
tomato,Nasik,2025-08-01,21,1200,2250,4725,true,2025-08-01,true
tomato,Pimpalgaon,2025-08-01,0,4255,4255,4255,true,2025-08-01,false
tomato,Pimpalgaon,2025-08-01,1,3359,4255,5319,true,2025-08-01,false
tomato,Pimpalgaon,2025-08-01,2,3102,4255,5670,true,2025-08-01,false
tomato,Pimpalgaon,2025-08-01,3,2958,4255,5986,true,2025-08-01,false
tomato,Pimpalgaon,2025-08-01,7,2540,4255,6671,true,2025-08-01,false
tomato,Pimpalgaon,2025-08-01,14,2079,4255,8280,true,2025-08-01,false
tomato,Pimpalgaon,2025-08-01,21,1869,3521,5101,false,2025-08-01,false
tomato,Pune,2025-08-01,0,2000,2000,2000,true,2025-08-01,true
tomato,Pune,2025-08-01,1,1692,2000,2366,true,2025-08-01,true
tomato,Pune,2025-08-01,2,1619,2000,2444,true,2025-08-01,true
tomato,Pune,2025-08-01,3,1600,2000,2500,true,2025-08-01,true
tomato,Pune,2025-08-01,7,1468,2000,2705,true,2025-08-01,true
tomato,Pune,2025-08-01,14,1281,2000,3156,true,2025-08-01,true
tomato,Pune,2025-08-01,21,1145,2000,3636,true,2025-08-01,true
tomato,Pune (Pimpri),2025-08-01,0,2500,2500,2500,true,2025-07-31,true
tomato,Pune (Pimpri),2025-08-01,1,2083,2500,3000,true,2025-07-31,true
tomato,Pune (Pimpri),2025-08-01,2,2045,2500,3000,true,2025-07-31,true
tomato,Pune (Pimpri),2025-08-01,3,2037,2500,3125,true,2025-07-31,true
tomato,Pune (Pimpri),2025-08-01,7,1902,2500,3333,true,2025-07-31,true
tomato,Pune (Pimpri),2025-08-01,14,1667,2500,3790,true,2025-07-31,true
tomato,Pune (Pimpri),2025-08-01,21,1500,2500,4500,true,2025-07-31,true
onion,Lasalgaon,2025-08-04,0,1275,1275,1275,true,2025-08-04,false
onion,Lasalgaon,2025-08-04,1,1171,1275,1393,true,2025-08-04,false
onion,Lasalgaon,2025-08-04,2,1137,1275,1432,true,2025-08-04,false
onion,Lasalgaon,2025-08-04,3,1223,1306,1476,false,2025-08-04,false
onion,Lasalgaon,2025-08-04,7,1219,1324,1620,false,2025-08-04,false
onion,Lasalgaon,2025-08-04,14,1213,1338,1846,false,2025-08-04,false
onion,Lasalgaon,2025-08-04,21,1206,1339,1985,false,2025-08-04,false
onion,Lasalgaon (Niphad),2025-08-04,0,1351,1351,1351,true,2025-08-04,false
onion,Lasalgaon (Niphad),2025-08-04,1,1247,1351,1464,true,2025-08-04,false
onion,Lasalgaon (Niphad),2025-08-04,2,1295,1383,1571,false,2025-08-04,false
onion,Lasalgaon (Niphad),2025-08-04,3,1284,1394,1622,false,2025-08-04,false
onion,Lasalgaon (Niphad),2025-08-04,7,1280,1418,1796,false,2025-08-04,false
onion,Lasalgaon (Niphad),2025-08-04,14,1274,1433,2028,false,2025-08-04,false
onion,Lasalgaon (Niphad),2025-08-04,21,1261,1439,2175,false,2025-08-04,false
onion,Lasalgaon (Vinchur),2025-08-04,0,1300,1300,1300,true,2025-08-04,false
onion,Lasalgaon (Vinchur),2025-08-04,1,1219,1300,1393,true,2025-08-04,false
onion,Lasalgaon (Vinchur),2025-08-04,2,1262,1314,1471,false,2025-08-04,false
onion,Lasalgaon (Vinchur),2025-08-04,3,1256,1321,1520,false,2025-08-04,false
onion,Lasalgaon (Vinchur),2025-08-04,7,1253,1343,1681,false,2025-08-04,false
onion,Lasalgaon (Vinchur),2025-08-04,14,1248,1358,1894,false,2025-08-04,false
onion,Lasalgaon (Vinchur),2025-08-04,21,1240,1362,2013,false,2025-08-04,false
onion,Nasik,2025-08-04,0,850,850,850,true,2025-08-04,false
onion,Nasik,2025-08-04,1,773,850,944,true,2025-08-04,false
onion,Nasik,2025-08-04,2,779,905,1102,false,2025-08-04,false
onion,Nasik,2025-08-04,3,778,922,1127,false,2025-08-04,false
onion,Nasik,2025-08-04,7,778,950,1236,false,2025-08-04,false
onion,Nasik,2025-08-04,14,791,992,1431,false,2025-08-04,false
onion,Nasik,2025-08-04,21,793,1012,1485,false,2025-08-04,false
onion,Pimpalgaon,2025-08-04,0,1400,1400,1400,true,2025-08-04,false
onion,Pimpalgaon,2025-08-04,1,1302,1400,1500,true,2025-08-04,false
onion,Pimpalgaon,2025-08-04,2,1269,1400,1551,true,2025-08-04,false
onion,Pimpalgaon,2025-08-04,3,1333,1451,1673,false,2025-08-04,false
onion,Pimpalgaon,2025-08-04,7,1328,1476,1869,false,2025-08-04,false
onion,Pimpalgaon,2025-08-04,14,1323,1489,2083,false,2025-08-04,false
onion,Pimpalgaon,2025-08-04,21,1308,1495,2210,false,2025-08-04,false
onion,Pune,2025-08-04,0,950,950,950,true,2025-08-04,true
onion,Pune,2025-08-04,1,868,950,1036,true,2025-08-04,true
onion,Pune,2025-08-04,2,852,950,1069,true,2025-08-04,true
onion,Pune,2025-08-04,3,831,950,1088,true,2025-08-04,true
onion,Pune,2025-08-04,7,945,1019,1232,false,2025-08-04,true
onion,Pune,2025-08-04,14,948,1067,1416,false,2025-08-04,true
onion,Pune,2025-08-04,21,949,1074,1491,false,2025-08-04,true
onion,Solapur,2025-08-04,0,1000,1000,1000,true,2025-08-04,false
onion,Solapur,2025-08-04,1,900,1000,1111,true,2025-08-04,false
onion,Solapur,2025-08-04,2,875,1000,1131,true,2025-08-04,false
onion,Solapur,2025-08-04,3,935,1027,1142,false,2025-08-04,false
onion,Solapur,2025-08-04,7,778,1000,1250,true,2025-08-04,false
onion,Solapur,2025-08-04,14,733,1000,1353,true,2025-08-04,false
onion,Solapur,2025-08-04,21,667,1000,1481,true,2025-08-04,false
soybean,Akola,2025-08-04,0,4690,4690,4690,true,2025-08-04,false
soybean,Akola,2025-08-04,1,4492,4629,4731,false,2025-08-04,false
soybean,Akola,2025-08-04,2,4526,4690,4854,true,2025-08-04,false
soybean,Akola,2025-08-04,3,4510,4690,4892,true,2025-08-04,false
soybean,Akola,2025-08-04,7,4461,4690,4958,true,2025-08-04,false
soybean,Akola,2025-08-04,14,4363,4690,5051,true,2025-08-04,false
soybean,Akola,2025-08-04,21,4324,4690,5159,true,2025-08-04,false
soybean,Amarawati,2025-08-04,0,4404,4404,4404,true,2025-08-04,false
soybean,Amarawati,2025-08-04,1,4318,4404,4489,true,2025-08-04,false
soybean,Amarawati,2025-08-04,2,4339,4401,4486,false,2025-08-04,false
soybean,Amarawati,2025-08-04,3,4336,4400,4488,false,2025-08-04,false
soybean,Amarawati,2025-08-04,7,4248,4404,4566,true,2025-08-04,false
soybean,Amarawati,2025-08-04,14,4189,4404,4592,true,2025-08-04,false
soybean,Amarawati,2025-08-04,21,4134,4404,4679,true,2025-08-04,false
soybean,Latur,2025-08-04,0,4750,4750,4750,true,2025-08-04,false
soybean,Latur,2025-08-04,1,4675,4750,4845,true,2025-08-04,false
soybean,Latur,2025-08-04,2,4651,4750,4866,true,2025-08-04,false
soybean,Latur,2025-08-04,3,4620,4750,4893,true,2025-08-04,false
soybean,Latur,2025-08-04,7,4553,4750,4965,true,2025-08-04,false
soybean,Latur,2025-08-04,14,4510,4750,5059,true,2025-08-04,false
soybean,Latur,2025-08-04,21,4465,4750,5237,true,2025-08-04,false
soybean,Nagpur,2025-08-04,0,4613,4613,4613,true,2025-08-04,false
soybean,Nagpur,2025-08-04,1,4371,4531,4636,false,2025-08-04,false
soybean,Nagpur,2025-08-04,2,4369,4531,4638,false,2025-08-04,false
soybean,Nagpur,2025-08-04,3,4364,4530,4639,false,2025-08-04,false
soybean,Nagpur,2025-08-04,7,4323,4515,4686,false,2025-08-04,false
soybean,Nagpur,2025-08-04,14,4380,4613,4923,true,2025-08-04,false
soybean,Nagpur,2025-08-04,21,4292,4486,4699,false,2025-08-04,false
soybean,Washim,2025-08-04,0,4300,4300,4300,true,2025-08-04,false
soybean,Washim,2025-08-04,1,4250,4350,4545,false,2025-08-04,false
soybean,Washim,2025-08-04,2,4250,4350,4548,false,2025-08-04,false
soybean,Washim,2025-08-04,3,4252,4350,4549,false,2025-08-04,false
soybean,Washim,2025-08-04,7,4060,4300,4587,true,2025-08-04,false
soybean,Washim,2025-08-04,14,4191,4347,4597,false,2025-08-04,false
soybean,Washim,2025-08-04,21,4180,4342,4598,false,2025-08-04,false
tomato,Junnar (Narayangaon),2025-08-04,0,4000,4000,4000,true,2025-08-04,false
tomato,Junnar (Narayangaon),2025-08-04,1,3200,4000,5000,true,2025-08-04,false
tomato,Junnar (Narayangaon),2025-08-04,2,3000,4000,5333,true,2025-08-04,false
tomato,Junnar (Narayangaon),2025-08-04,3,2800,4000,5333,true,2025-08-04,false
tomato,Junnar (Narayangaon),2025-08-04,7,2667,4000,6000,true,2025-08-04,false
tomato,Junnar (Narayangaon),2025-08-04,14,2133,4000,8000,true,2025-08-04,false
tomato,Junnar (Narayangaon),2025-08-04,21,2000,4000,9600,true,2025-08-04,false
tomato,Nasik,2025-08-04,0,2500,2500,2500,true,2025-08-04,false
tomato,Nasik,2025-08-04,1,2000,2500,3000,true,2025-08-04,false
tomato,Nasik,2025-08-04,2,1900,2500,3333,true,2025-08-04,false
tomato,Nasik,2025-08-04,3,1818,2500,3438,true,2025-08-04,false
tomato,Nasik,2025-08-04,7,1667,2500,3750,true,2025-08-04,false
tomato,Nasik,2025-08-04,14,1346,2500,4578,true,2025-08-04,false
tomato,Nasik,2025-08-04,21,1333,2500,5250,true,2025-08-04,false
tomato,Pimpalgaon,2025-08-04,0,4255,4255,4255,true,2025-08-04,false
tomato,Pimpalgaon,2025-08-04,1,3359,4255,5319,true,2025-08-04,false
tomato,Pimpalgaon,2025-08-04,2,3102,4255,5670,true,2025-08-04,false
tomato,Pimpalgaon,2025-08-04,3,2958,4255,5986,true,2025-08-04,false
tomato,Pimpalgaon,2025-08-04,7,2540,4255,6671,true,2025-08-04,false
tomato,Pimpalgaon,2025-08-04,14,2079,4255,8280,true,2025-08-04,false
tomato,Pimpalgaon,2025-08-04,21,1845,3181,4680,false,2025-08-04,false
tomato,Pune,2025-08-04,0,2750,2750,2750,true,2025-08-04,false
tomato,Pune,2025-08-04,1,2327,2750,3254,true,2025-08-04,false
tomato,Pune,2025-08-04,2,2226,2750,3361,true,2025-08-04,false
tomato,Pune,2025-08-04,3,2200,2750,3438,true,2025-08-04,false
tomato,Pune,2025-08-04,7,2019,2750,3719,true,2025-08-04,false
tomato,Pune,2025-08-04,14,1761,2750,4340,true,2025-08-04,false
tomato,Pune,2025-08-04,21,1574,2750,5000,true,2025-08-04,false
tomato,Pune (Pimpri),2025-08-04,0,3500,3500,3500,true,2025-08-03,false
tomato,Pune (Pimpri),2025-08-04,1,2917,3500,4200,true,2025-08-03,false
tomato,Pune (Pimpri),2025-08-04,2,2864,3500,4200,true,2025-08-03,false
tomato,Pune (Pimpri),2025-08-04,3,2852,3500,4375,true,2025-08-03,false
tomato,Pune (Pimpri),2025-08-04,7,2663,3500,4667,true,2025-08-03,false
tomato,Pune (Pimpri),2025-08-04,14,2333,3500,5305,true,2025-08-03,false
tomato,Pune (Pimpri),2025-08-04,21,2100,3500,6300,true,2025-08-03,false
onion,Lasalgaon,2025-08-07,0,1340,1340,1340,true,2025-08-07,false
onion,Lasalgaon,2025-08-07,1,1230,1340,1464,true,2025-08-07,false
onion,Lasalgaon,2025-08-07,2,1195,1340,1505,true,2025-08-07,false
onion,Lasalgaon,2025-08-07,3,1271,1366,1613,false,2025-08-07,false
onion,Lasalgaon,2025-08-07,7,1266,1398,1780,false,2025-08-07,false
onion,Lasalgaon,2025-08-07,14,1261,1412,1863,false,2025-08-07,false
onion,Lasalgaon,2025-08-07,21,1249,1418,1993,false,2025-08-07,false
onion,Lasalgaon (Niphad),2025-08-07,0,1270,1270,1270,true,2025-08-07,false
onion,Lasalgaon (Niphad),2025-08-07,1,1172,1270,1376,true,2025-08-07,false
onion,Lasalgaon (Niphad),2025-08-07,2,1226,1311,1440,false,2025-08-07,false
onion,Lasalgaon (Niphad),2025-08-07,3,1221,1322,1490,false,2025-08-07,false
onion,Lasalgaon (Niphad),2025-08-07,7,1217,1346,1649,false,2025-08-07,false
onion,Lasalgaon (Niphad),2025-08-07,14,1210,1357,1731,false,2025-08-07,false
onion,Lasalgaon (Niphad),2025-08-07,21,1202,1361,1869,false,2025-08-07,false
onion,Lasalgaon (Vinchur),2025-08-07,0,1270,1270,1270,true,2025-08-07,false
onion,Lasalgaon (Vinchur),2025-08-07,1,1191,1270,1361,true,2025-08-07,false
onion,Lasalgaon (Vinchur),2025-08-07,2,1172,1270,1417,true,2025-08-07,false
onion,Lasalgaon (Vinchur),2025-08-07,3,1233,1321,1486,false,2025-08-07,false
onion,Lasalgaon (Vinchur),2025-08-07,7,1229,1346,1639,false,2025-08-07,false
onion,Lasalgaon (Vinchur),2025-08-07,14,1223,1359,1717,false,2025-08-07,false
onion,Lasalgaon (Vinchur),2025-08-07,21,1215,1363,1847,false,2025-08-07,false
onion,Nasik,2025-08-07,0,875,875,875,true,2025-08-07,false
onion,Nasik,2025-08-07,1,795,875,972,true,2025-08-07,false
onion,Nasik,2025-08-07,2,792,924,1120,false,2025-08-07,false
onion,Nasik,2025-08-07,3,791,942,1141,false,2025-08-07,false
onion,Nasik,2025-08-07,7,791,969,1253,false,2025-08-07,false
onion,Nasik,2025-08-07,14,810,1011,1388,false,2025-08-07,false
onion,Nasik,2025-08-07,21,814,1049,1446,false,2025-08-07,false
onion,Pimpalgaon,2025-08-07,0,1350,1350,1350,true,2025-08-07,false
onion,Pimpalgaon,2025-08-07,1,1256,1350,1446,true,2025-08-07,false
onion,Pimpalgaon,2025-08-07,2,1223,1350,1496,true,2025-08-07,false
onion,Pimpalgaon,2025-08-07,3,1301,1395,1573,false,2025-08-07,false
onion,Pimpalgaon,2025-08-07,7,1297,1421,1733,false,2025-08-07,false
onion,Pimpalgaon,2025-08-07,14,1292,1435,1811,false,2025-08-07,false
onion,Pimpalgaon,2025-08-07,21,1283,1442,1938,false,2025-08-07,false
onion,Pune,2025-08-07,0,1050,1050,1050,true,2025-08-07,false
onion,Pune,2025-08-07,1,960,1050,1145,true,2025-08-07,false
onion,Pune,2025-08-07,2,941,1050,1181,true,2025-08-07,false
onion,Pune,2025-08-07,3,919,1050,1203,true,2025-08-07,false
onion,Pune,2025-08-07,7,859,1050,1262,true,2025-08-07,false
onion,Pune,2025-08-07,14,979,1082,1361,false,2025-08-07,false
onion,Pune,2025-08-07,21,976,1097,1438,false,2025-08-07,false
onion,Solapur,2025-08-07,0,1000,1000,1000,true,2025-08-07,false
onion,Solapur,2025-08-07,1,900,1000,1111,true,2025-08-07,false
onion,Solapur,2025-08-07,2,875,1000,1131,true,2025-08-07,false
onion,Solapur,2025-08-07,3,833,1000,1167,true,2025-08-07,false
onion,Solapur,2025-08-07,7,778,1000,1250,true,2025-08-07,false
onion,Solapur,2025-08-07,14,733,1000,1353,true,2025-08-07,false
onion,Solapur,2025-08-07,21,667,1000,1481,true,2025-08-07,false
soybean,Akola,2025-08-07,0,4700,4700,4700,true,2025-08-07,false
soybean,Akola,2025-08-07,1,4538,4661,4767,false,2025-08-07,false
soybean,Akola,2025-08-07,2,4536,4700,4864,true,2025-08-07,false
soybean,Akola,2025-08-07,3,4519,4700,4902,true,2025-08-07,false
soybean,Akola,2025-08-07,7,4470,4700,4969,true,2025-08-07,false
soybean,Akola,2025-08-07,14,4373,4700,5062,true,2025-08-07,false
soybean,Akola,2025-08-07,21,4333,4700,5170,true,2025-08-07,false
soybean,Amarawati,2025-08-07,0,4602,4602,4602,true,2025-08-07,false
soybean,Amarawati,2025-08-07,1,4512,4602,4691,true,2025-08-07,false
soybean,Amarawati,2025-08-07,2,4451,4565,4617,false,2025-08-07,false
soybean,Amarawati,2025-08-07,3,4447,4564,4619,false,2025-08-07,false
soybean,Amarawati,2025-08-07,7,4439,4602,4771,true,2025-08-07,false
soybean,Amarawati,2025-08-07,14,4377,4602,4799,true,2025-08-07,false
soybean,Amarawati,2025-08-07,21,4320,4602,4889,true,2025-08-07,false
soybean,Latur,2025-08-07,0,4750,4750,4750,true,2025-08-07,false
soybean,Latur,2025-08-07,1,4675,4750,4845,true,2025-08-07,false
soybean,Latur,2025-08-07,2,4651,4750,4866,true,2025-08-07,false
soybean,Latur,2025-08-07,3,4620,4750,4893,true,2025-08-07,false
soybean,Latur,2025-08-07,7,4553,4750,4965,true,2025-08-07,false
soybean,Latur,2025-08-07,14,4510,4750,5059,true,2025-08-07,false
soybean,Latur,2025-08-07,21,4465,4750,5237,true,2025-08-07,false
soybean,Nagpur,2025-08-07,0,4628,4628,4628,true,2025-08-07,false
soybean,Nagpur,2025-08-07,1,4456,4565,4678,false,2025-08-07,false
soybean,Nagpur,2025-08-07,2,4453,4565,4681,false,2025-08-07,false
soybean,Nagpur,2025-08-07,3,4448,4565,4682,false,2025-08-07,false
soybean,Nagpur,2025-08-07,7,4388,4548,4724,false,2025-08-07,false
soybean,Nagpur,2025-08-07,14,4395,4628,4939,true,2025-08-07,false
soybean,Nagpur,2025-08-07,21,4322,4510,4774,false,2025-08-07,false
soybean,Washim,2025-08-07,0,4550,4550,4550,true,2025-08-07,false
soybean,Washim,2025-08-07,1,4323,4474,4618,false,2025-08-07,false
soybean,Washim,2025-08-07,2,4322,4474,4621,false,2025-08-07,false
soybean,Washim,2025-08-07,3,4319,4474,4622,false,2025-08-07,false
soybean,Washim,2025-08-07,7,4297,4550,4853,true,2025-08-07,false
soybean,Washim,2025-08-07,14,4241,4435,4689,false,2025-08-07,false
soybean,Washim,2025-08-07,21,4215,4428,4716,false,2025-08-07,false
tomato,Junnar (Narayangaon),2025-08-07,0,3500,3500,3500,true,2025-08-07,false
tomato,Junnar (Narayangaon),2025-08-07,1,2800,3500,4375,true,2025-08-07,false
tomato,Junnar (Narayangaon),2025-08-07,2,2625,3500,4667,true,2025-08-07,false
tomato,Junnar (Narayangaon),2025-08-07,3,2450,3500,4667,true,2025-08-07,false
tomato,Junnar (Narayangaon),2025-08-07,7,2333,3500,5250,true,2025-08-07,false
tomato,Junnar (Narayangaon),2025-08-07,14,1867,3500,7000,true,2025-08-07,false
tomato,Junnar (Narayangaon),2025-08-07,21,1750,3500,8400,true,2025-08-07,false
tomato,Nasik,2025-08-07,0,2500,2500,2500,true,2025-08-07,false
tomato,Nasik,2025-08-07,1,2000,2500,3000,true,2025-08-07,false
tomato,Nasik,2025-08-07,2,1900,2500,3333,true,2025-08-07,false
tomato,Nasik,2025-08-07,3,1818,2500,3438,true,2025-08-07,false
tomato,Nasik,2025-08-07,7,1667,2500,3750,true,2025-08-07,false
tomato,Nasik,2025-08-07,14,1346,2500,4578,true,2025-08-07,false
tomato,Nasik,2025-08-07,21,1333,2500,5250,true,2025-08-07,false
tomato,Pimpalgaon,2025-08-07,0,3555,3555,3555,true,2025-08-07,false
tomato,Pimpalgaon,2025-08-07,1,2807,3555,4444,true,2025-08-07,false
tomato,Pimpalgaon,2025-08-07,2,2592,3555,4737,true,2025-08-07,false
tomato,Pimpalgaon,2025-08-07,3,2471,3555,5002,true,2025-08-07,false
tomato,Pimpalgaon,2025-08-07,7,2122,3555,5574,true,2025-08-07,false
tomato,Pimpalgaon,2025-08-07,14,1737,3555,6918,true,2025-08-07,false
tomato,Pimpalgaon,2025-08-07,21,1672,2694,3632,false,2025-08-07,false
tomato,Pune,2025-08-07,0,2500,2500,2500,true,2025-08-07,false
tomato,Pune,2025-08-07,1,2115,2500,2958,true,2025-08-07,false
tomato,Pune,2025-08-07,2,2024,2500,3056,true,2025-08-07,false
tomato,Pune,2025-08-07,3,2000,2500,3125,true,2025-08-07,false
tomato,Pune,2025-08-07,7,1835,2500,3381,true,2025-08-07,false
tomato,Pune,2025-08-07,14,1601,2500,3945,true,2025-08-07,false
tomato,Pune,2025-08-07,21,1431,2500,4545,true,2025-08-07,false
tomato,Pune (Pimpri),2025-08-07,0,2500,2500,2500,true,2025-08-07,true
tomato,Pune (Pimpri),2025-08-07,1,2083,2500,3000,true,2025-08-07,true
tomato,Pune (Pimpri),2025-08-07,2,2045,2500,3000,true,2025-08-07,true
tomato,Pune (Pimpri),2025-08-07,3,2037,2500,3125,true,2025-08-07,true
tomato,Pune (Pimpri),2025-08-07,7,1902,2500,3333,true,2025-08-07,true
tomato,Pune (Pimpri),2025-08-07,14,1667,2500,3790,true,2025-08-07,true
tomato,Pune (Pimpri),2025-08-07,21,1500,2500,4500,true,2025-08-07,true
onion,Lasalgaon,2025-08-10,0,1340,1340,1340,true,2025-08-07,false
onion,Lasalgaon,2025-08-10,1,1230,1340,1464,true,2025-08-07,false
onion,Lasalgaon,2025-08-10,2,1195,1340,1505,true,2025-08-07,false
onion,Lasalgaon,2025-08-10,3,1267,1380,1614,false,2025-08-07,false
onion,Lasalgaon,2025-08-10,7,1266,1412,1747,false,2025-08-07,false
onion,Lasalgaon,2025-08-10,14,1261,1426,1780,false,2025-08-07,false
onion,Lasalgaon,2025-08-10,21,1249,1431,1924,false,2025-08-07,false
onion,Lasalgaon (Niphad),2025-08-10,0,1270,1270,1270,true,2025-08-07,false
onion,Lasalgaon (Niphad),2025-08-10,1,1172,1270,1376,true,2025-08-07,false
onion,Lasalgaon (Niphad),2025-08-10,2,1138,1270,1418,true,2025-08-07,false
onion,Lasalgaon (Niphad),2025-08-10,3,1215,1325,1499,false,2025-08-07,false
onion,Lasalgaon (Niphad),2025-08-10,7,1212,1349,1616,false,2025-08-07,false
onion,Lasalgaon (Niphad),2025-08-10,14,1204,1362,1650,false,2025-08-07,false
onion,Lasalgaon (Niphad),2025-08-10,21,1197,1366,1802,false,2025-08-07,false
onion,Lasalgaon (Vinchur),2025-08-10,0,1270,1270,1270,true,2025-08-07,false
onion,Lasalgaon (Vinchur),2025-08-10,1,1191,1270,1361,true,2025-08-07,false
onion,Lasalgaon (Vinchur),2025-08-10,2,1172,1270,1417,true,2025-08-07,false
onion,Lasalgaon (Vinchur),2025-08-10,3,1228,1316,1477,false,2025-08-07,false
onion,Lasalgaon (Vinchur),2025-08-10,7,1224,1341,1598,false,2025-08-07,false
onion,Lasalgaon (Vinchur),2025-08-10,14,1219,1354,1632,false,2025-08-07,false
onion,Lasalgaon (Vinchur),2025-08-10,21,1211,1358,1762,false,2025-08-07,false
onion,Nasik,2025-08-10,0,750,750,750,true,2025-08-08,false
onion,Nasik,2025-08-10,1,682,750,833,true,2025-08-08,false
onion,Nasik,2025-08-10,2,728,837,994,false,2025-08-08,false
onion,Nasik,2025-08-10,3,723,842,1014,false,2025-08-08,false
onion,Nasik,2025-08-10,7,728,872,1103,false,2025-08-08,false
onion,Nasik,2025-08-10,14,743,919,1239,false,2025-08-08,false
onion,Nasik,2025-08-10,21,749,948,1309,false,2025-08-08,false
onion,Pimpalgaon,2025-08-10,0,1400,1400,1400,true,2025-08-08,false
onion,Pimpalgaon,2025-08-10,1,1302,1400,1500,true,2025-08-08,false
onion,Pimpalgaon,2025-08-10,2,1269,1400,1551,true,2025-08-08,false
onion,Pimpalgaon,2025-08-10,3,1329,1453,1657,false,2025-08-08,false
onion,Pimpalgaon,2025-08-10,7,1329,1484,1771,false,2025-08-08,false
onion,Pimpalgaon,2025-08-10,14,1324,1498,1816,false,2025-08-08,false
onion,Pimpalgaon,2025-08-10,21,1311,1504,1946,false,2025-08-08,false
onion,Pune,2025-08-10,0,1150,1150,1150,true,2025-08-10,false
onion,Pune,2025-08-10,1,1051,1150,1255,true,2025-08-10,false
onion,Pune,2025-08-10,2,1031,1150,1294,true,2025-08-10,false
onion,Pune,2025-08-10,3,1006,1150,1317,true,2025-08-10,false
onion,Pune,2025-08-10,7,941,1150,1382,true,2025-08-10,false
onion,Pune,2025-08-10,14,1051,1188,1424,false,2025-08-10,false
onion,Pune,2025-08-10,21,1048,1204,1492,false,2025-08-10,false
onion,Solapur,2025-08-10,0,1050,1050,1050,true,2025-08-08,false
onion,Solapur,2025-08-10,1,945,1050,1167,true,2025-08-08,false
onion,Solapur,2025-08-10,2,919,1050,1188,true,2025-08-08,false
onion,Solapur,2025-08-10,3,928,1073,1191,false,2025-08-08,false
onion,Solapur,2025-08-10,7,817,1050,1313,true,2025-08-08,false
onion,Solapur,2025-08-10,14,770,1050,1421,true,2025-08-08,false
onion,Solapur,2025-08-10,21,700,1050,1556,true,2025-08-08,false
soybean,Akola,2025-08-10,0,4740,4740,4740,true,2025-08-08,false
soybean,Akola,2025-08-10,1,4569,4709,4812,false,2025-08-08,false
soybean,Akola,2025-08-10,2,4574,4740,4906,true,2025-08-08,false
soybean,Akola,2025-08-10,3,4558,4740,4944,true,2025-08-08,false
soybean,Akola,2025-08-10,7,4508,4740,5011,true,2025-08-08,false
soybean,Akola,2025-08-10,14,4410,4740,5105,true,2025-08-08,false
soybean,Akola,2025-08-10,21,4370,4740,5214,true,2025-08-08,false
soybean,Amarawati,2025-08-10,0,4600,4600,4600,true,2025-08-08,false
soybean,Amarawati,2025-08-10,1,4511,4600,4689,true,2025-08-08,false
soybean,Amarawati,2025-08-10,2,4483,4566,4666,false,2025-08-08,false
soybean,Amarawati,2025-08-10,3,4479,4566,4667,false,2025-08-08,false
soybean,Amarawati,2025-08-10,7,4437,4600,4769,true,2025-08-08,false
soybean,Amarawati,2025-08-10,14,4375,4600,4797,true,2025-08-08,false
soybean,Amarawati,2025-08-10,21,4318,4600,4887,true,2025-08-08,false
soybean,Latur,2025-08-10,0,4750,4750,4750,true,2025-08-08,false
soybean,Latur,2025-08-10,1,4675,4750,4845,true,2025-08-08,false
soybean,Latur,2025-08-10,2,4651,4750,4866,true,2025-08-08,false
soybean,Latur,2025-08-10,3,4620,4750,4893,true,2025-08-08,false
soybean,Latur,2025-08-10,7,4553,4750,4965,true,2025-08-08,false
soybean,Latur,2025-08-10,14,4510,4750,5059,true,2025-08-08,false
soybean,Latur,2025-08-10,21,4465,4750,5237,true,2025-08-08,false
soybean,Nagpur,2025-08-10,0,4613,4613,4613,true,2025-08-08,false
soybean,Nagpur,2025-08-10,1,4494,4613,4749,true,2025-08-08,false
soybean,Nagpur,2025-08-10,2,4472,4577,4677,false,2025-08-08,false
soybean,Nagpur,2025-08-10,3,4468,4576,4679,false,2025-08-08,false
soybean,Nagpur,2025-08-10,7,4393,4560,4734,false,2025-08-08,false
soybean,Nagpur,2025-08-10,14,4380,4613,4923,true,2025-08-08,false
soybean,Nagpur,2025-08-10,21,4334,4613,4999,true,2025-08-08,false
soybean,Washim,2025-08-10,0,4550,4550,4550,true,2025-08-07,false
soybean,Washim,2025-08-10,1,4329,4490,4629,false,2025-08-07,false
soybean,Washim,2025-08-10,2,4327,4490,4634,false,2025-08-07,false
soybean,Washim,2025-08-10,3,4324,4490,4635,false,2025-08-07,false
soybean,Washim,2025-08-10,7,4297,4550,4853,true,2025-08-07,false
soybean,Washim,2025-08-10,14,4198,4445,4749,false,2025-08-07,false
soybean,Washim,2025-08-10,21,4182,4440,4762,false,2025-08-07,false
tomato,Junnar (Narayangaon),2025-08-10,0,3500,3500,3500,true,2025-08-10,false
tomato,Junnar (Narayangaon),2025-08-10,1,2800,3500,4375,true,2025-08-10,false
tomato,Junnar (Narayangaon),2025-08-10,2,2625,3500,4667,true,2025-08-10,false
tomato,Junnar (Narayangaon),2025-08-10,3,2450,3500,4667,true,2025-08-10,false
tomato,Junnar (Narayangaon),2025-08-10,7,2333,3500,5250,true,2025-08-10,false
tomato,Junnar (Narayangaon),2025-08-10,14,1867,3500,7000,true,2025-08-10,false
tomato,Junnar (Narayangaon),2025-08-10,21,1750,3500,8400,true,2025-08-10,false
tomato,Nasik,2025-08-10,0,2575,2575,2575,true,2025-08-10,false
tomato,Nasik,2025-08-10,1,2060,2575,3090,true,2025-08-10,false
tomato,Nasik,2025-08-10,2,1957,2575,3433,true,2025-08-10,false
tomato,Nasik,2025-08-10,3,1873,2575,3541,true,2025-08-10,false
tomato,Nasik,2025-08-10,7,1717,2575,3863,true,2025-08-10,false
tomato,Nasik,2025-08-10,14,1387,2575,4716,true,2025-08-10,false
tomato,Nasik,2025-08-10,21,1373,2575,5408,true,2025-08-10,false
tomato,Pimpalgaon,2025-08-10,0,3505,3505,3505,true,2025-08-10,false
tomato,Pimpalgaon,2025-08-10,1,2767,3505,4381,true,2025-08-10,false
tomato,Pimpalgaon,2025-08-10,2,2555,3505,4670,true,2025-08-10,false
tomato,Pimpalgaon,2025-08-10,3,2437,3505,4931,true,2025-08-10,false
tomato,Pimpalgaon,2025-08-10,7,2092,3505,5496,true,2025-08-10,false
tomato,Pimpalgaon,2025-08-10,14,1713,3505,6820,true,2025-08-10,false
tomato,Pimpalgaon,2025-08-10,21,1262,2308,3379,false,2025-08-10,false
tomato,Pune,2025-08-10,0,2500,2500,2500,true,2025-08-10,false
tomato,Pune,2025-08-10,1,2115,2500,2958,true,2025-08-10,false
tomato,Pune,2025-08-10,2,2024,2500,3056,true,2025-08-10,false
tomato,Pune,2025-08-10,3,2000,2500,3125,true,2025-08-10,false
tomato,Pune,2025-08-10,7,1835,2500,3381,true,2025-08-10,false
tomato,Pune,2025-08-10,14,1601,2500,3945,true,2025-08-10,false
tomato,Pune,2025-08-10,21,1431,2500,4545,true,2025-08-10,false
tomato,Pune (Pimpri),2025-08-10,0,2500,2500,2500,true,2025-08-10,true
tomato,Pune (Pimpri),2025-08-10,1,2083,2500,3000,true,2025-08-10,true
tomato,Pune (Pimpri),2025-08-10,2,2045,2500,3000,true,2025-08-10,true
tomato,Pune (Pimpri),2025-08-10,3,2037,2500,3125,true,2025-08-10,true
tomato,Pune (Pimpri),2025-08-10,7,1902,2500,3333,true,2025-08-10,true
tomato,Pune (Pimpri),2025-08-10,14,1667,2500,3790,true,2025-08-10,true
tomato,Pune (Pimpri),2025-08-10,21,1500,2500,4500,true,2025-08-10,true
onion,Lasalgaon,2025-08-13,0,1701,1701,1701,true,2025-08-13,false
onion,Lasalgaon,2025-08-13,1,1562,1701,1859,true,2025-08-13,false
onion,Lasalgaon,2025-08-13,2,1516,1701,1911,true,2025-08-13,false
onion,Lasalgaon,2025-08-13,3,1559,1765,1853,false,2025-08-13,false
onion,Lasalgaon,2025-08-13,7,1534,1753,1935,false,2025-08-13,false
onion,Lasalgaon,2025-08-13,14,1508,1768,1981,false,2025-08-13,false
onion,Lasalgaon,2025-08-13,21,1501,1776,2126,false,2025-08-13,false
onion,Lasalgaon (Niphad),2025-08-13,0,1650,1650,1650,true,2025-08-13,false
onion,Lasalgaon (Niphad),2025-08-13,1,1523,1650,1788,true,2025-08-13,false
onion,Lasalgaon (Niphad),2025-08-13,2,1505,1705,1787,false,2025-08-13,false
onion,Lasalgaon (Niphad),2025-08-13,3,1490,1705,1809,false,2025-08-13,false
onion,Lasalgaon (Niphad),2025-08-13,7,1468,1690,1881,false,2025-08-13,false
onion,Lasalgaon (Niphad),2025-08-13,14,1442,1704,1925,false,2025-08-13,false
onion,Lasalgaon (Niphad),2025-08-13,21,1436,1712,2067,false,2025-08-13,false
onion,Lasalgaon (Vinchur),2025-08-13,0,1650,1650,1650,true,2025-08-13,false
onion,Lasalgaon (Vinchur),2025-08-13,1,1548,1650,1768,true,2025-08-13,false
onion,Lasalgaon (Vinchur),2025-08-13,2,1514,1705,1761,false,2025-08-13,false
onion,Lasalgaon (Vinchur),2025-08-13,3,1504,1705,1784,false,2025-08-13,false
onion,Lasalgaon (Vinchur),2025-08-13,7,1482,1690,1865,false,2025-08-13,false
onion,Lasalgaon (Vinchur),2025-08-13,14,1458,1704,1909,false,2025-08-13,false
onion,Lasalgaon (Vinchur),2025-08-13,21,1451,1715,2041,false,2025-08-13,false
onion,Nasik,2025-08-13,0,1250,1250,1250,true,2025-08-13,false
onion,Nasik,2025-08-13,1,1136,1250,1389,true,2025-08-13,false
onion,Nasik,2025-08-13,2,955,1178,1375,false,2025-08-13,false
onion,Nasik,2025-08-13,3,947,1176,1368,false,2025-08-13,false
onion,Nasik,2025-08-13,7,964,1165,1431,false,2025-08-13,false
onion,Nasik,2025-08-13,14,977,1175,1465,false,2025-08-13,false
onion,Nasik,2025-08-13,21,984,1194,1526,false,2025-08-13,false
onion,Pimpalgaon,2025-08-13,0,1650,1650,1650,true,2025-08-13,false
onion,Pimpalgaon,2025-08-13,1,1535,1650,1768,true,2025-08-13,false
onion,Pimpalgaon,2025-08-13,2,1495,1650,1828,true,2025-08-13,false
onion,Pimpalgaon,2025-08-13,3,1514,1674,1793,false,2025-08-13,false
onion,Pimpalgaon,2025-08-13,7,1491,1660,1865,false,2025-08-13,false
onion,Pimpalgaon,2025-08-13,14,1465,1674,1913,false,2025-08-13,false
onion,Pimpalgaon,2025-08-13,21,1459,1682,2030,false,2025-08-13,false
onion,Pune,2025-08-13,0,1150,1150,1150,true,2025-08-13,false
onion,Pune,2025-08-13,1,1051,1150,1255,true,2025-08-13,false
onion,Pune,2025-08-13,2,1031,1150,1294,true,2025-08-13,false
onion,Pune,2025-08-13,3,1006,1150,1317,true,2025-08-13,false
onion,Pune,2025-08-13,7,1044,1142,1297,false,2025-08-13,false
onion,Pune,2025-08-13,14,1037,1150,1322,false,2025-08-13,false
onion,Pune,2025-08-13,21,1042,1171,1408,false,2025-08-13,false
onion,Solapur,2025-08-13,0,1200,1200,1200,true,2025-08-13,false
onion,Solapur,2025-08-13,1,1080,1200,1333,true,2025-08-13,false
onion,Solapur,2025-08-13,2,1050,1200,1358,true,2025-08-13,false
onion,Solapur,2025-08-13,3,1048,1184,1300,false,2025-08-13,false
onion,Solapur,2025-08-13,7,1035,1181,1351,false,2025-08-13,false
onion,Solapur,2025-08-13,14,880,1200,1624,true,2025-08-13,false
onion,Solapur,2025-08-13,21,800,1200,1778,true,2025-08-13,false
soybean,Akola,2025-08-13,0,4600,4600,4600,true,2025-08-13,false
soybean,Akola,2025-08-13,1,4545,4640,4747,false,2025-08-13,false
soybean,Akola,2025-08-13,2,4439,4600,4761,true,2025-08-13,false
soybean,Akola,2025-08-13,3,4423,4600,4798,true,2025-08-13,false
soybean,Akola,2025-08-13,7,4375,4600,4863,true,2025-08-13,false
soybean,Akola,2025-08-13,14,4280,4600,4954,true,2025-08-13,false
soybean,Akola,2025-08-13,21,4241,4600,5060,true,2025-08-13,false
soybean,Amarawati,2025-08-13,0,4625,4625,4625,true,2025-08-13,false
soybean,Amarawati,2025-08-13,1,4535,4625,4714,true,2025-08-13,false
soybean,Amarawati,2025-08-13,2,4515,4625,4740,true,2025-08-13,false
soybean,Amarawati,2025-08-13,3,4491,4625,4751,true,2025-08-13,false
soybean,Amarawati,2025-08-13,7,4461,4625,4795,true,2025-08-13,false
soybean,Amarawati,2025-08-13,14,4399,4625,4823,true,2025-08-13,false
soybean,Amarawati,2025-08-13,21,4342,4625,4914,true,2025-08-13,false
soybean,Latur,2025-08-13,0,4660,4660,4660,true,2025-08-12,false
soybean,Latur,2025-08-13,1,4587,4660,4753,true,2025-08-12,false
soybean,Latur,2025-08-13,2,4563,4660,4774,true,2025-08-12,false
soybean,Latur,2025-08-13,3,4533,4660,4800,true,2025-08-12,false
soybean,Latur,2025-08-13,7,4467,4660,4871,true,2025-08-12,false
soybean,Latur,2025-08-13,14,4425,4660,4963,true,2025-08-12,false
soybean,Latur,2025-08-13,21,4380,4660,5138,true,2025-08-12,false
soybean,Nagpur,2025-08-13,0,4731,4731,4731,true,2025-08-13,false
soybean,Nagpur,2025-08-13,1,4609,4731,4871,true,2025-08-13,false
soybean,Nagpur,2025-08-13,2,4584,4731,4899,true,2025-08-13,false
soybean,Nagpur,2025-08-13,3,4583,4731,4913,true,2025-08-13,false
soybean,Nagpur,2025-08-13,7,4447,4666,4843,false,2025-08-13,false
soybean,Nagpur,2025-08-13,14,4492,4731,5049,true,2025-08-13,false
soybean,Nagpur,2025-08-13,21,4445,4731,5127,true,2025-08-13,false
soybean,Washim,2025-08-13,0,4500,4500,4500,true,2025-08-13,false
soybean,Washim,2025-08-13,1,4414,4492,4589,false,2025-08-13,false
soybean,Washim,2025-08-13,2,4407,4492,4592,false,2025-08-13,false
soybean,Washim,2025-08-13,3,4404,4491,4593,false,2025-08-13,false
soybean,Washim,2025-08-13,7,4249,4500,4800,true,2025-08-13,false
soybean,Washim,2025-08-13,14,4207,4482,4742,false,2025-08-13,false
soybean,Washim,2025-08-13,21,4157,4474,4786,false,2025-08-13,false
tomato,Junnar (Narayangaon),2025-08-13,0,3000,3000,3000,true,2025-08-13,true
tomato,Junnar (Narayangaon),2025-08-13,1,2400,3000,3750,true,2025-08-13,true
tomato,Junnar (Narayangaon),2025-08-13,2,2250,3000,4000,true,2025-08-13,true
tomato,Junnar (Narayangaon),2025-08-13,3,2100,3000,4000,true,2025-08-13,true
tomato,Junnar (Narayangaon),2025-08-13,7,2000,3000,4500,true,2025-08-13,true
tomato,Junnar (Narayangaon),2025-08-13,14,1600,3000,6000,true,2025-08-13,true
tomato,Junnar (Narayangaon),2025-08-13,21,1500,3000,7200,true,2025-08-13,true
tomato,Nasik,2025-08-13,0,2500,2500,2500,true,2025-08-13,false
tomato,Nasik,2025-08-13,1,2000,2500,3000,true,2025-08-13,false
tomato,Nasik,2025-08-13,2,1900,2500,3333,true,2025-08-13,false
tomato,Nasik,2025-08-13,3,1818,2500,3438,true,2025-08-13,false
tomato,Nasik,2025-08-13,7,1667,2500,3750,true,2025-08-13,false
tomato,Nasik,2025-08-13,14,1346,2500,4578,true,2025-08-13,false
tomato,Nasik,2025-08-13,21,1333,2500,5250,true,2025-08-13,false
tomato,Pimpalgaon,2025-08-13,0,3725,3725,3725,true,2025-08-13,false
tomato,Pimpalgaon,2025-08-13,1,2941,3725,4656,true,2025-08-13,false
tomato,Pimpalgaon,2025-08-13,2,2716,3725,4963,true,2025-08-13,false
tomato,Pimpalgaon,2025-08-13,3,2590,3725,5241,true,2025-08-13,false
tomato,Pimpalgaon,2025-08-13,7,2223,3725,5840,true,2025-08-13,false
tomato,Pimpalgaon,2025-08-13,14,1820,3725,7248,true,2025-08-13,false
tomato,Pimpalgaon,2025-08-13,21,1652,3725,8846,true,2025-08-13,false
tomato,Pune,2025-08-13,0,2000,2000,2000,true,2025-08-13,true
tomato,Pune,2025-08-13,1,1692,2000,2366,true,2025-08-13,true
tomato,Pune,2025-08-13,2,1619,2000,2444,true,2025-08-13,true
tomato,Pune,2025-08-13,3,1600,2000,2500,true,2025-08-13,true
tomato,Pune,2025-08-13,7,1468,2000,2705,true,2025-08-13,true
tomato,Pune,2025-08-13,14,1281,2000,3156,true,2025-08-13,true
tomato,Pune,2025-08-13,21,1145,2000,3636,true,2025-08-13,true
tomato,Pune (Pimpri),2025-08-13,0,3000,3000,3000,true,2025-08-13,false
tomato,Pune (Pimpri),2025-08-13,1,2500,3000,3600,true,2025-08-13,false
tomato,Pune (Pimpri),2025-08-13,2,2455,3000,3600,true,2025-08-13,false
tomato,Pune (Pimpri),2025-08-13,3,2444,3000,3750,true,2025-08-13,false
tomato,Pune (Pimpri),2025-08-13,7,2282,3000,4000,true,2025-08-13,false
tomato,Pune (Pimpri),2025-08-13,14,2000,3000,4547,true,2025-08-13,false
tomato,Pune (Pimpri),2025-08-13,21,1800,3000,5400,true,2025-08-13,false
onion,Lasalgaon,2025-08-16,0,1575,1575,1575,true,2025-08-16,false
onion,Lasalgaon,2025-08-16,1,1446,1575,1721,true,2025-08-16,false
onion,Lasalgaon,2025-08-16,2,1404,1575,1770,true,2025-08-16,false
onion,Lasalgaon,2025-08-16,3,1434,1559,1729,false,2025-08-16,false
onion,Lasalgaon,2025-08-16,7,1417,1533,1803,false,2025-08-16,false
onion,Lasalgaon,2025-08-16,14,1399,1542,1818,false,2025-08-16,false
onion,Lasalgaon,2025-08-16,21,1389,1549,1931,false,2025-08-16,false
onion,Lasalgaon (Niphad),2025-08-16,0,1575,1575,1575,true,2025-08-16,false
onion,Lasalgaon (Niphad),2025-08-16,1,1454,1575,1707,true,2025-08-16,false
onion,Lasalgaon (Niphad),2025-08-16,2,1442,1553,1713,false,2025-08-16,false
onion,Lasalgaon (Niphad),2025-08-16,3,1427,1552,1737,false,2025-08-16,false
onion,Lasalgaon (Niphad),2025-08-16,7,1405,1526,1801,false,2025-08-16,false
onion,Lasalgaon (Niphad),2025-08-16,14,1388,1534,1815,false,2025-08-16,false
onion,Lasalgaon (Niphad),2025-08-16,21,1379,1541,1929,false,2025-08-16,false
onion,Lasalgaon (Vinchur),2025-08-16,0,1600,1600,1600,true,2025-08-16,false
onion,Lasalgaon (Vinchur),2025-08-16,1,1501,1600,1714,true,2025-08-16,false
onion,Lasalgaon (Vinchur),2025-08-16,2,1468,1575,1723,false,2025-08-16,false
onion,Lasalgaon (Vinchur),2025-08-16,3,1455,1572,1751,false,2025-08-16,false
onion,Lasalgaon (Vinchur),2025-08-16,7,1432,1546,1815,false,2025-08-16,false
onion,Lasalgaon (Vinchur),2025-08-16,14,1414,1550,1824,false,2025-08-16,false
onion,Lasalgaon (Vinchur),2025-08-16,21,1405,1561,1952,false,2025-08-16,false
onion,Nasik,2025-08-16,0,1300,1300,1300,true,2025-08-16,false
onion,Nasik,2025-08-16,1,1182,1300,1444,true,2025-08-16,false
onion,Nasik,2025-08-16,2,1034,1213,1369,false,2025-08-16,false
onion,Nasik,2025-08-16,3,1026,1209,1388,false,2025-08-16,false
onion,Nasik,2025-08-16,7,1007,1185,1449,false,2025-08-16,false
onion,Nasik,2025-08-16,14,1009,1195,1478,false,2025-08-16,false
onion,Nasik,2025-08-16,21,1017,1202,1563,false,2025-08-16,false
onion,Pimpalgaon,2025-08-16,0,1600,1600,1600,true,2025-08-16,false
onion,Pimpalgaon,2025-08-16,1,1489,1600,1714,true,2025-08-16,false
onion,Pimpalgaon,2025-08-16,2,1465,1561,1706,false,2025-08-16,false
onion,Pimpalgaon,2025-08-16,3,1451,1559,1729,false,2025-08-16,false
onion,Pimpalgaon,2025-08-16,7,1429,1531,1800,false,2025-08-16,false
onion,Pimpalgaon,2025-08-16,14,1411,1535,1815,false,2025-08-16,false
onion,Pimpalgaon,2025-08-16,21,1287,1600,2311,true,2025-08-16,false
onion,Pune,2025-08-16,0,1200,1200,1200,true,2025-08-14,false
onion,Pune,2025-08-16,1,1097,1200,1309,true,2025-08-14,false
onion,Pune,2025-08-16,2,1076,1200,1350,true,2025-08-14,false
onion,Pune,2025-08-16,3,1050,1200,1375,true,2025-08-14,false
onion,Pune,2025-08-16,7,1047,1153,1350,false,2025-08-14,false
onion,Pune,2025-08-16,14,1037,1161,1379,false,2025-08-14,false
onion,Pune,2025-08-16,21,1039,1178,1467,false,2025-08-14,false
onion,Solapur,2025-08-16,0,1200,1200,1200,true,2025-08-16,false
onion,Solapur,2025-08-16,1,1080,1200,1333,true,2025-08-16,false
onion,Solapur,2025-08-16,2,1050,1200,1358,true,2025-08-16,false
onion,Solapur,2025-08-16,3,1062,1183,1286,false,2025-08-16,false
onion,Solapur,2025-08-16,7,1047,1175,1334,false,2025-08-16,false
onion,Solapur,2025-08-16,14,880,1200,1624,true,2025-08-16,false
onion,Solapur,2025-08-16,21,800,1200,1778,true,2025-08-16,false
soybean,Akola,2025-08-16,0,4580,4580,4580,true,2025-08-16,false
soybean,Akola,2025-08-16,1,4532,4634,4709,false,2025-08-16,false
soybean,Akola,2025-08-16,2,4420,4580,4740,true,2025-08-16,false
soybean,Akola,2025-08-16,3,4404,4580,4777,true,2025-08-16,false
soybean,Akola,2025-08-16,7,4356,4580,4842,true,2025-08-16,false
soybean,Akola,2025-08-16,14,4261,4580,4932,true,2025-08-16,false
soybean,Akola,2025-08-16,21,4222,4580,5038,true,2025-08-16,false
soybean,Amarawati,2025-08-16,0,4475,4475,4475,true,2025-08-16,false
soybean,Amarawati,2025-08-16,1,4388,4475,4561,true,2025-08-16,false
soybean,Amarawati,2025-08-16,2,4369,4475,4586,true,2025-08-16,false
soybean,Amarawati,2025-08-16,3,4345,4475,4597,true,2025-08-16,false
soybean,Amarawati,2025-08-16,7,4317,4475,4640,true,2025-08-16,false
soybean,Amarawati,2025-08-16,14,4256,4475,4666,true,2025-08-16,false
soybean,Amarawati,2025-08-16,21,4201,4475,4754,true,2025-08-16,false
soybean,Latur,2025-08-16,0,4600,4600,4600,true,2025-08-14,false
soybean,Latur,2025-08-16,1,4528,4600,4692,true,2025-08-14,false
soybean,Latur,2025-08-16,2,4504,4600,4712,true,2025-08-14,false
soybean,Latur,2025-08-16,3,4474,4600,4738,true,2025-08-14,false
soybean,Latur,2025-08-16,7,4409,4600,4809,true,2025-08-14,false
soybean,Latur,2025-08-16,14,4368,4600,4900,true,2025-08-14,false
soybean,Latur,2025-08-16,21,4324,4600,5071,true,2025-08-14,false
soybean,Nagpur,2025-08-16,0,4613,4613,4613,true,2025-08-16,false
soybean,Nagpur,2025-08-16,1,4494,4613,4749,true,2025-08-16,false
soybean,Nagpur,2025-08-16,2,4524,4633,4715,false,2025-08-16,false
soybean,Nagpur,2025-08-16,3,4469,4613,4790,true,2025-08-16,false
soybean,Nagpur,2025-08-16,7,4435,4631,4781,false,2025-08-16,false
soybean,Nagpur,2025-08-16,14,4380,4613,4923,true,2025-08-16,false
soybean,Nagpur,2025-08-16,21,4334,4613,4999,true,2025-08-16,false
soybean,Washim,2025-08-16,0,4500,4500,4500,true,2025-08-16,false
soybean,Washim,2025-08-16,1,4398,4506,4626,false,2025-08-16,false
soybean,Washim,2025-08-16,2,4391,4506,4629,false,2025-08-16,false
soybean,Washim,2025-08-16,3,4388,4506,4637,false,2025-08-16,false
soybean,Washim,2025-08-16,7,4249,4500,4800,true,2025-08-16,false
soybean,Washim,2025-08-16,14,4180,4505,4809,false,2025-08-16,false
soybean,Washim,2025-08-16,21,4116,4496,4865,false,2025-08-16,false
tomato,Junnar (Narayangaon),2025-08-16,0,3000,3000,3000,true,2025-08-16,false
tomato,Junnar (Narayangaon),2025-08-16,1,2400,3000,3750,true,2025-08-16,false
tomato,Junnar (Narayangaon),2025-08-16,2,2250,3000,4000,true,2025-08-16,false
tomato,Junnar (Narayangaon),2025-08-16,3,2100,3000,4000,true,2025-08-16,false
tomato,Junnar (Narayangaon),2025-08-16,7,2000,3000,4500,true,2025-08-16,false
tomato,Junnar (Narayangaon),2025-08-16,14,1600,3000,6000,true,2025-08-16,false
tomato,Junnar (Narayangaon),2025-08-16,21,1500,3000,7200,true,2025-08-16,false
tomato,Nasik,2025-08-16,0,2500,2500,2500,true,2025-08-16,false
tomato,Nasik,2025-08-16,1,2000,2500,3000,true,2025-08-16,false
tomato,Nasik,2025-08-16,2,1900,2500,3333,true,2025-08-16,false
tomato,Nasik,2025-08-16,3,1818,2500,3438,true,2025-08-16,false
tomato,Nasik,2025-08-16,7,1667,2500,3750,true,2025-08-16,false
tomato,Nasik,2025-08-16,14,1346,2500,4578,true,2025-08-16,false
tomato,Nasik,2025-08-16,21,1333,2500,5250,true,2025-08-16,false
tomato,Pimpalgaon,2025-08-16,0,3605,3605,3605,true,2025-08-16,false
tomato,Pimpalgaon,2025-08-16,1,2846,3605,4506,true,2025-08-16,false
tomato,Pimpalgaon,2025-08-16,2,2628,3605,4803,true,2025-08-16,false
tomato,Pimpalgaon,2025-08-16,3,2506,3605,5072,true,2025-08-16,false
tomato,Pimpalgaon,2025-08-16,7,2152,3605,5652,true,2025-08-16,false
tomato,Pimpalgaon,2025-08-16,14,1762,3605,7015,true,2025-08-16,false
tomato,Pimpalgaon,2025-08-16,21,1599,3605,8561,true,2025-08-16,false
tomato,Pune,2025-08-16,0,2000,2000,2000,true,2025-08-14,true
tomato,Pune,2025-08-16,1,1692,2000,2366,true,2025-08-14,true
tomato,Pune,2025-08-16,2,1619,2000,2444,true,2025-08-14,true
tomato,Pune,2025-08-16,3,1600,2000,2500,true,2025-08-14,true
tomato,Pune,2025-08-16,7,1468,2000,2705,true,2025-08-14,true
tomato,Pune,2025-08-16,14,1281,2000,3156,true,2025-08-14,true
tomato,Pune,2025-08-16,21,1145,2000,3636,true,2025-08-14,true
tomato,Pune (Pimpri),2025-08-16,0,3000,3000,3000,true,2025-08-16,false
tomato,Pune (Pimpri),2025-08-16,1,2500,3000,3600,true,2025-08-16,false
tomato,Pune (Pimpri),2025-08-16,2,2455,3000,3600,true,2025-08-16,false
tomato,Pune (Pimpri),2025-08-16,3,2444,3000,3750,true,2025-08-16,false
tomato,Pune (Pimpri),2025-08-16,7,2282,3000,4000,true,2025-08-16,false
tomato,Pune (Pimpri),2025-08-16,14,2000,3000,4547,true,2025-08-16,false
tomato,Pune (Pimpri),2025-08-16,21,1800,3000,5400,true,2025-08-16,false
onion,Lasalgaon,2025-08-19,0,1640,1640,1640,true,2025-08-19,false
onion,Lasalgaon,2025-08-19,1,1506,1640,1792,true,2025-08-19,false
onion,Lasalgaon,2025-08-19,2,1462,1640,1843,true,2025-08-19,false
onion,Lasalgaon,2025-08-19,3,1497,1610,1767,false,2025-08-19,false
onion,Lasalgaon,2025-08-19,7,1480,1593,1828,false,2025-08-19,false
onion,Lasalgaon,2025-08-19,14,1449,1604,1841,false,2025-08-19,false
onion,Lasalgaon,2025-08-19,21,1441,1613,1980,false,2025-08-19,false
onion,Lasalgaon (Niphad),2025-08-19,0,1600,1600,1600,true,2025-08-19,false
onion,Lasalgaon (Niphad),2025-08-19,1,1477,1600,1734,true,2025-08-19,false
onion,Lasalgaon (Niphad),2025-08-19,2,1489,1585,1722,false,2025-08-19,false
onion,Lasalgaon (Niphad),2025-08-19,3,1474,1585,1749,false,2025-08-19,false
onion,Lasalgaon (Niphad),2025-08-19,7,1458,1569,1811,false,2025-08-19,false
onion,Lasalgaon (Niphad),2025-08-19,14,1444,1580,1827,false,2025-08-19,false
onion,Lasalgaon (Niphad),2025-08-19,21,1437,1588,1966,false,2025-08-19,false
onion,Lasalgaon (Vinchur),2025-08-19,0,1580,1580,1580,true,2025-08-19,false
onion,Lasalgaon (Vinchur),2025-08-19,1,1482,1580,1693,true,2025-08-19,false
onion,Lasalgaon (Vinchur),2025-08-19,2,1486,1560,1660,false,2025-08-19,false
onion,Lasalgaon (Vinchur),2025-08-19,3,1479,1560,1684,false,2025-08-19,false
onion,Lasalgaon (Vinchur),2025-08-19,7,1463,1542,1748,false,2025-08-19,false
onion,Lasalgaon (Vinchur),2025-08-19,14,1447,1550,1758,false,2025-08-19,false
onion,Lasalgaon (Vinchur),2025-08-19,21,1445,1559,1886,false,2025-08-19,false
onion,Nasik,2025-08-19,0,1351,1351,1351,true,2025-08-19,false
onion,Nasik,2025-08-19,1,1228,1351,1501,true,2025-08-19,false
onion,Nasik,2025-08-19,2,1124,1256,1383,false,2025-08-19,false
onion,Nasik,2025-08-19,3,1115,1251,1408,false,2025-08-19,false
onion,Nasik,2025-08-19,7,1095,1240,1458,false,2025-08-19,false
onion,Nasik,2025-08-19,14,1088,1250,1490,false,2025-08-19,false
onion,Nasik,2025-08-19,21,1091,1257,1601,false,2025-08-19,false
onion,Pimpalgaon,2025-08-19,0,1600,1600,1600,true,2025-08-19,false
onion,Pimpalgaon,2025-08-19,1,1489,1600,1714,true,2025-08-19,false
onion,Pimpalgaon,2025-08-19,2,1450,1600,1773,true,2025-08-19,false
onion,Pimpalgaon,2025-08-19,3,1486,1562,1700,false,2025-08-19,false
onion,Pimpalgaon,2025-08-19,7,1471,1545,1761,false,2025-08-19,false
onion,Pimpalgaon,2025-08-19,14,1456,1549,1777,false,2025-08-19,false
onion,Pimpalgaon,2025-08-19,21,1287,1600,2311,true,2025-08-19,false
onion,Pune,2025-08-19,0,1200,1200,1200,true,2025-08-19,false
onion,Pune,2025-08-19,1,1097,1200,1309,true,2025-08-19,false
onion,Pune,2025-08-19,2,1076,1200,1350,true,2025-08-19,false
onion,Pune,2025-08-19,3,1050,1200,1375,true,2025-08-19,false
onion,Pune,2025-08-19,7,1076,1163,1302,false,2025-08-19,false
onion,Pune,2025-08-19,14,1066,1173,1326,false,2025-08-19,false
onion,Pune,2025-08-19,21,1067,1189,1425,false,2025-08-19,false
onion,Solapur,2025-08-19,0,1100,1100,1100,true,2025-08-19,false
onion,Solapur,2025-08-19,1,990,1100,1222,true,2025-08-19,false
onion,Solapur,2025-08-19,2,963,1100,1244,true,2025-08-19,false
onion,Solapur,2025-08-19,3,991,1116,1207,false,2025-08-19,false
onion,Solapur,2025-08-19,7,981,1109,1251,false,2025-08-19,false
onion,Solapur,2025-08-19,14,807,1100,1488,true,2025-08-19,false
onion,Solapur,2025-08-19,21,733,1100,1630,true,2025-08-19,false
soybean,Akola,2025-08-19,0,4500,4500,4500,true,2025-08-19,false
soybean,Akola,2025-08-19,1,4469,4551,4623,false,2025-08-19,false
soybean,Akola,2025-08-19,2,4343,4500,4657,true,2025-08-19,false
soybean,Akola,2025-08-19,3,4327,4500,4693,true,2025-08-19,false
soybean,Akola,2025-08-19,7,4280,4500,4757,true,2025-08-19,false
soybean,Akola,2025-08-19,14,4187,4500,4846,true,2025-08-19,false
soybean,Akola,2025-08-19,21,4148,4500,4950,true,2025-08-19,false
soybean,Amarawati,2025-08-19,0,4417,4417,4417,true,2025-08-19,false
soybean,Amarawati,2025-08-19,1,4331,4417,4502,true,2025-08-19,false
soybean,Amarawati,2025-08-19,2,4312,4417,4527,true,2025-08-19,false
soybean,Amarawati,2025-08-19,3,4289,4417,4537,true,2025-08-19,false
soybean,Amarawati,2025-08-19,7,4261,4417,4580,true,2025-08-19,false
soybean,Amarawati,2025-08-19,14,4201,4417,4606,true,2025-08-19,false
soybean,Amarawati,2025-08-19,21,4146,4417,4693,true,2025-08-19,false
soybean,Latur,2025-08-19,0,4560,4560,4560,true,2025-08-19,false
soybean,Latur,2025-08-19,1,4488,4560,4651,true,2025-08-19,false
soybean,Latur,2025-08-19,2,4465,4560,4671,true,2025-08-19,false
soybean,Latur,2025-08-19,3,4435,4560,4697,true,2025-08-19,false
soybean,Latur,2025-08-19,7,4371,4560,4767,true,2025-08-19,false
soybean,Latur,2025-08-19,14,4330,4560,4857,true,2025-08-19,false
soybean,Latur,2025-08-19,21,4286,4560,5027,true,2025-08-19,false
soybean,Nagpur,2025-08-19,0,4537,4537,4537,true,2025-08-19,false
soybean,Nagpur,2025-08-19,1,4420,4537,4671,true,2025-08-19,false
soybean,Nagpur,2025-08-19,2,4396,4537,4698,true,2025-08-19,false
soybean,Nagpur,2025-08-19,3,4395,4537,4711,true,2025-08-19,false
soybean,Nagpur,2025-08-19,7,4423,4584,4763,false,2025-08-19,false
soybean,Nagpur,2025-08-19,14,4308,4537,4842,true,2025-08-19,false
soybean,Nagpur,2025-08-19,21,4263,4537,4916,true,2025-08-19,false
soybean,Washim,2025-08-19,0,4450,4450,4450,true,2025-08-19,false
soybean,Washim,2025-08-19,1,4361,4459,4562,false,2025-08-19,false
soybean,Washim,2025-08-19,2,4334,4459,4584,false,2025-08-19,false
soybean,Washim,2025-08-19,3,4328,4459,4596,false,2025-08-19,false
soybean,Washim,2025-08-19,7,4202,4450,4747,true,2025-08-19,false
soybean,Washim,2025-08-19,14,4150,4464,4760,false,2025-08-19,false
soybean,Washim,2025-08-19,21,4082,4456,4824,false,2025-08-19,false
tomato,Junnar (Narayangaon),2025-08-19,0,4000,4000,4000,true,2025-08-18,false
tomato,Junnar (Narayangaon),2025-08-19,1,3200,4000,5000,true,2025-08-18,false
tomato,Junnar (Narayangaon),2025-08-19,2,3000,4000,5333,true,2025-08-18,false
tomato,Junnar (Narayangaon),2025-08-19,3,2800,4000,5333,true,2025-08-18,false
tomato,Junnar (Narayangaon),2025-08-19,7,2667,4000,6000,true,2025-08-18,false
tomato,Junnar (Narayangaon),2025-08-19,14,2133,4000,8000,true,2025-08-18,false
tomato,Junnar (Narayangaon),2025-08-19,21,2000,4000,9600,true,2025-08-18,false
tomato,Nasik,2025-08-19,0,2750,2750,2750,true,2025-08-18,false
tomato,Nasik,2025-08-19,1,2200,2750,3300,true,2025-08-18,false
tomato,Nasik,2025-08-19,2,2090,2750,3667,true,2025-08-18,false
tomato,Nasik,2025-08-19,3,2000,2750,3781,true,2025-08-18,false
tomato,Nasik,2025-08-19,7,1833,2750,4125,true,2025-08-18,false
tomato,Nasik,2025-08-19,14,1481,2750,5036,true,2025-08-18,false
tomato,Nasik,2025-08-19,21,1467,2750,5775,true,2025-08-18,false
tomato,Pimpalgaon,2025-08-19,0,3805,3805,3805,true,2025-08-19,false
tomato,Pimpalgaon,2025-08-19,1,3004,3805,4756,true,2025-08-19,false
tomato,Pimpalgaon,2025-08-19,2,2774,3805,5070,true,2025-08-19,false
tomato,Pimpalgaon,2025-08-19,3,2645,3805,5353,true,2025-08-19,false
tomato,Pimpalgaon,2025-08-19,7,2271,3805,5966,true,2025-08-19,false
tomato,Pimpalgaon,2025-08-19,14,1859,3805,7404,true,2025-08-19,false
tomato,Pimpalgaon,2025-08-19,21,1687,3805,9036,true,2025-08-19,false
tomato,Pune,2025-08-19,0,2000,2000,2000,true,2025-08-19,false
tomato,Pune,2025-08-19,1,1692,2000,2366,true,2025-08-19,false
tomato,Pune,2025-08-19,2,1619,2000,2444,true,2025-08-19,false
tomato,Pune,2025-08-19,3,1600,2000,2500,true,2025-08-19,false
tomato,Pune,2025-08-19,7,1468,2000,2705,true,2025-08-19,false
tomato,Pune,2025-08-19,14,1281,2000,3156,true,2025-08-19,false
tomato,Pune,2025-08-19,21,1145,2000,3636,true,2025-08-19,false
tomato,Pune (Pimpri),2025-08-19,0,1000,1000,1000,true,2025-08-19,true
tomato,Pune (Pimpri),2025-08-19,1,833,1000,1200,true,2025-08-19,true
tomato,Pune (Pimpri),2025-08-19,2,818,1000,1200,true,2025-08-19,true
tomato,Pune (Pimpri),2025-08-19,3,815,1000,1250,true,2025-08-19,true
tomato,Pune (Pimpri),2025-08-19,7,761,1000,1333,true,2025-08-19,true
tomato,Pune (Pimpri),2025-08-19,14,667,1000,1516,true,2025-08-19,true
tomato,Pune (Pimpri),2025-08-19,21,600,1000,1800,true,2025-08-19,true
onion,Lasalgaon,2025-08-22,0,1640,1640,1640,true,2025-08-19,false
onion,Lasalgaon,2025-08-22,1,1506,1640,1792,true,2025-08-19,false
onion,Lasalgaon,2025-08-22,2,1462,1640,1843,true,2025-08-19,false
onion,Lasalgaon,2025-08-22,3,1484,1589,1764,false,2025-08-19,false
onion,Lasalgaon,2025-08-22,7,1472,1572,1825,false,2025-08-19,false
onion,Lasalgaon,2025-08-22,14,1442,1581,1848,false,2025-08-19,false
onion,Lasalgaon,2025-08-22,21,1410,1589,1985,false,2025-08-19,false
onion,Lasalgaon (Niphad),2025-08-22,0,1500,1500,1500,true,2025-08-21,false
onion,Lasalgaon (Niphad),2025-08-22,1,1385,1500,1625,true,2025-08-21,false
onion,Lasalgaon (Niphad),2025-08-22,2,1405,1477,1586,false,2025-08-21,false
onion,Lasalgaon (Niphad),2025-08-22,3,1397,1477,1610,false,2025-08-21,false
onion,Lasalgaon (Niphad),2025-08-22,7,1383,1461,1668,false,2025-08-21,false
onion,Lasalgaon (Niphad),2025-08-22,14,1368,1469,1694,false,2025-08-21,false
onion,Lasalgaon (Niphad),2025-08-22,21,1361,1477,1840,false,2025-08-21,false
onion,Lasalgaon (Vinchur),2025-08-22,0,1500,1500,1500,true,2025-08-21,false
onion,Lasalgaon (Vinchur),2025-08-22,1,1437,1478,1534,false,2025-08-21,false
onion,Lasalgaon (Vinchur),2025-08-22,2,1421,1478,1561,false,2025-08-21,false
onion,Lasalgaon (Vinchur),2025-08-22,3,1417,1478,1583,false,2025-08-21,false
onion,Lasalgaon (Vinchur),2025-08-22,7,1403,1461,1643,false,2025-08-21,false
onion,Lasalgaon (Vinchur),2025-08-22,14,1388,1465,1661,false,2025-08-21,false
onion,Lasalgaon (Vinchur),2025-08-22,21,1381,1465,1801,false,2025-08-21,false
onion,Nasik,2025-08-22,0,1300,1300,1300,true,2025-08-22,false
onion,Nasik,2025-08-22,1,1182,1300,1444,true,2025-08-22,false
onion,Nasik,2025-08-22,2,1092,1198,1353,false,2025-08-22,false
onion,Nasik,2025-08-22,3,1084,1197,1370,false,2025-08-22,false
onion,Nasik,2025-08-22,7,1067,1187,1426,false,2025-08-22,false
onion,Nasik,2025-08-22,14,1065,1197,1457,false,2025-08-22,false
onion,Nasik,2025-08-22,21,1073,1204,1567,false,2025-08-22,false
onion,Pimpalgaon,2025-08-22,0,1500,1500,1500,true,2025-08-21,false
onion,Pimpalgaon,2025-08-22,1,1396,1500,1607,true,2025-08-21,false
onion,Pimpalgaon,2025-08-22,2,1359,1500,1662,true,2025-08-21,false
onion,Pimpalgaon,2025-08-22,3,1435,1480,1599,false,2025-08-21,false
onion,Pimpalgaon,2025-08-22,7,1420,1462,1657,false,2025-08-21,false
onion,Pimpalgaon,2025-08-22,14,1178,1500,2022,true,2025-08-21,false
onion,Pimpalgaon,2025-08-22,21,1207,1500,2167,true,2025-08-21,false
onion,Pune,2025-08-22,0,1100,1100,1100,true,2025-08-22,false
onion,Pune,2025-08-22,1,1006,1100,1200,true,2025-08-22,false
onion,Pune,2025-08-22,2,986,1100,1238,true,2025-08-22,false
onion,Pune,2025-08-22,3,963,1100,1260,true,2025-08-22,false
onion,Pune,2025-08-22,7,1043,1106,1242,false,2025-08-22,false
onion,Pune,2025-08-22,14,1034,1116,1265,false,2025-08-22,false
onion,Pune,2025-08-22,21,1035,1130,1365,false,2025-08-22,false
onion,Solapur,2025-08-22,0,1150,1150,1150,true,2025-08-22,false
onion,Solapur,2025-08-22,1,1035,1150,1278,true,2025-08-22,false
onion,Solapur,2025-08-22,2,1006,1150,1301,true,2025-08-22,false
onion,Solapur,2025-08-22,3,1006,1119,1216,false,2025-08-22,false
onion,Solapur,2025-08-22,7,894,1150,1438,true,2025-08-22,false
onion,Solapur,2025-08-22,14,843,1150,1556,true,2025-08-22,false
onion,Solapur,2025-08-22,21,767,1150,1704,true,2025-08-22,false
soybean,Akola,2025-08-22,0,4500,4500,4500,true,2025-08-21,false
soybean,Akola,2025-08-22,1,4444,4531,4606,false,2025-08-21,false
soybean,Akola,2025-08-22,2,4343,4500,4657,true,2025-08-21,false
soybean,Akola,2025-08-22,3,4327,4500,4693,true,2025-08-21,false
soybean,Akola,2025-08-22,7,4280,4500,4757,true,2025-08-21,false
soybean,Akola,2025-08-22,14,4187,4500,4846,true,2025-08-21,false
soybean,Akola,2025-08-22,21,4148,4500,4950,true,2025-08-21,false
soybean,Amarawati,2025-08-22,0,4322,4322,4322,true,2025-08-21,false
soybean,Amarawati,2025-08-22,1,4238,4322,4405,true,2025-08-21,false
soybean,Amarawati,2025-08-22,2,4219,4322,4430,true,2025-08-21,false
soybean,Amarawati,2025-08-22,3,4197,4322,4439,true,2025-08-21,false
soybean,Amarawati,2025-08-22,7,4169,4322,4481,true,2025-08-21,false
soybean,Amarawati,2025-08-22,14,4111,4322,4507,true,2025-08-21,false
soybean,Amarawati,2025-08-22,21,4057,4322,4592,true,2025-08-21,false
soybean,Latur,2025-08-22,0,4570,4570,4570,true,2025-08-20,false
soybean,Latur,2025-08-22,1,4498,4570,4661,true,2025-08-20,false
soybean,Latur,2025-08-22,2,4474,4570,4681,true,2025-08-20,false
soybean,Latur,2025-08-22,3,4445,4570,4707,true,2025-08-20,false
soybean,Latur,2025-08-22,7,4380,4570,4777,true,2025-08-20,false
soybean,Latur,2025-08-22,14,4339,4570,4868,true,2025-08-20,false
soybean,Latur,2025-08-22,21,4296,4570,5038,true,2025-08-20,false
soybean,Nagpur,2025-08-22,0,4400,4400,4400,true,2025-08-22,false
soybean,Nagpur,2025-08-22,1,4287,4400,4530,true,2025-08-22,false
soybean,Nagpur,2025-08-22,2,4264,4400,4556,true,2025-08-22,false
soybean,Nagpur,2025-08-22,3,4262,4400,4569,true,2025-08-22,false
soybean,Nagpur,2025-08-22,7,4292,4484,4646,false,2025-08-22,false
soybean,Nagpur,2025-08-22,14,4178,4400,4696,true,2025-08-22,false
soybean,Nagpur,2025-08-22,21,4134,4400,4768,true,2025-08-22,false
soybean,Washim,2025-08-22,0,4450,4450,4450,true,2025-08-21,false
soybean,Washim,2025-08-22,1,4357,4466,4546,false,2025-08-21,false
soybean,Washim,2025-08-22,2,4331,4466,4568,false,2025-08-21,false
soybean,Washim,2025-08-22,3,4324,4466,4580,false,2025-08-21,false
soybean,Washim,2025-08-22,7,4202,4450,4747,true,2025-08-21,false
soybean,Washim,2025-08-22,14,4148,4471,4733,false,2025-08-21,false
soybean,Washim,2025-08-22,21,4080,4461,4798,false,2025-08-21,false
tomato,Junnar (Narayangaon),2025-08-22,0,3000,3000,3000,true,2025-08-22,false
tomato,Junnar (Narayangaon),2025-08-22,1,2400,3000,3750,true,2025-08-22,false
tomato,Junnar (Narayangaon),2025-08-22,2,2250,3000,4000,true,2025-08-22,false
tomato,Junnar (Narayangaon),2025-08-22,3,2100,3000,4000,true,2025-08-22,false
tomato,Junnar (Narayangaon),2025-08-22,7,2000,3000,4500,true,2025-08-22,false
tomato,Junnar (Narayangaon),2025-08-22,14,1600,3000,6000,true,2025-08-22,false
tomato,Junnar (Narayangaon),2025-08-22,21,1500,3000,7200,true,2025-08-22,false
tomato,Nasik,2025-08-22,0,1250,1250,1250,true,2025-08-22,true
tomato,Nasik,2025-08-22,1,1000,1250,1500,true,2025-08-22,true
tomato,Nasik,2025-08-22,2,950,1250,1667,true,2025-08-22,true
tomato,Nasik,2025-08-22,3,909,1250,1719,true,2025-08-22,true
tomato,Nasik,2025-08-22,7,833,1250,1875,true,2025-08-22,true
tomato,Nasik,2025-08-22,14,673,1250,2289,true,2025-08-22,true
tomato,Nasik,2025-08-22,21,667,1250,2625,true,2025-08-22,true
tomato,Pimpalgaon,2025-08-22,0,2325,2325,2325,true,2025-08-22,true
tomato,Pimpalgaon,2025-08-22,1,1836,2325,2906,true,2025-08-22,true
tomato,Pimpalgaon,2025-08-22,2,1695,2325,3098,true,2025-08-22,true
tomato,Pimpalgaon,2025-08-22,3,1616,2325,3271,true,2025-08-22,true
tomato,Pimpalgaon,2025-08-22,7,1388,2325,3645,true,2025-08-22,true
tomato,Pimpalgaon,2025-08-22,14,1136,2325,4524,true,2025-08-22,true
tomato,Pimpalgaon,2025-08-22,21,1031,2325,5522,true,2025-08-22,true
tomato,Pune,2025-08-22,0,2500,2500,2500,true,2025-08-22,false
tomato,Pune,2025-08-22,1,2115,2500,2958,true,2025-08-22,false
tomato,Pune,2025-08-22,2,2024,2500,3056,true,2025-08-22,false
tomato,Pune,2025-08-22,3,2000,2500,3125,true,2025-08-22,false
tomato,Pune,2025-08-22,7,1835,2500,3381,true,2025-08-22,false
tomato,Pune,2025-08-22,14,1601,2500,3945,true,2025-08-22,false
tomato,Pune,2025-08-22,21,1431,2500,4545,true,2025-08-22,false
tomato,Pune (Pimpri),2025-08-22,0,3250,3250,3250,true,2025-08-22,false
tomato,Pune (Pimpri),2025-08-22,1,2708,3250,3900,true,2025-08-22,false
tomato,Pune (Pimpri),2025-08-22,2,2659,3250,3900,true,2025-08-22,false
tomato,Pune (Pimpri),2025-08-22,3,2648,3250,4063,true,2025-08-22,false
tomato,Pune (Pimpri),2025-08-22,7,2472,3250,4333,true,2025-08-22,false
tomato,Pune (Pimpri),2025-08-22,14,2167,3250,4926,true,2025-08-22,false
tomato,Pune (Pimpri),2025-08-22,21,1950,3250,5850,true,2025-08-22,false
onion,Lasalgaon,2025-08-25,0,1551,1551,1551,true,2025-08-25,false
onion,Lasalgaon,2025-08-25,1,1424,1551,1695,true,2025-08-25,false
onion,Lasalgaon,2025-08-25,2,1383,1551,1743,true,2025-08-25,false
onion,Lasalgaon,2025-08-25,3,1435,1521,1646,false,2025-08-25,false
onion,Lasalgaon,2025-08-25,7,1420,1506,1702,false,2025-08-25,false
onion,Lasalgaon,2025-08-25,14,1404,1514,1715,false,2025-08-25,false
onion,Lasalgaon,2025-08-25,21,1382,1519,1854,false,2025-08-25,false
onion,Lasalgaon (Niphad),2025-08-25,0,1400,1400,1400,true,2025-08-25,false
onion,Lasalgaon (Niphad),2025-08-25,1,1292,1400,1517,true,2025-08-25,false
onion,Lasalgaon (Niphad),2025-08-25,2,1331,1414,1479,false,2025-08-25,false
onion,Lasalgaon (Niphad),2025-08-25,3,1327,1414,1506,false,2025-08-25,false
onion,Lasalgaon (Niphad),2025-08-25,7,1314,1398,1560,false,2025-08-25,false
onion,Lasalgaon (Niphad),2025-08-25,14,1300,1406,1611,false,2025-08-25,false
onion,Lasalgaon (Niphad),2025-08-25,21,1303,1406,1803,false,2025-08-25,false
onion,Lasalgaon (Vinchur),2025-08-25,0,1450,1450,1450,true,2025-08-25,false
onion,Lasalgaon (Vinchur),2025-08-25,1,1360,1450,1554,true,2025-08-25,false
onion,Lasalgaon (Vinchur),2025-08-25,2,1368,1425,1490,false,2025-08-25,false
onion,Lasalgaon (Vinchur),2025-08-25,3,1361,1425,1517,false,2025-08-25,false
onion,Lasalgaon (Vinchur),2025-08-25,7,1348,1408,1576,false,2025-08-25,false
onion,Lasalgaon (Vinchur),2025-08-25,14,1333,1412,1593,false,2025-08-25,false
onion,Lasalgaon (Vinchur),2025-08-25,21,1329,1417,1759,false,2025-08-25,false
onion,Nasik,2025-08-25,0,1201,1201,1201,true,2025-08-25,false
onion,Nasik,2025-08-25,1,1092,1201,1334,true,2025-08-25,false
onion,Nasik,2025-08-25,2,1056,1170,1265,false,2025-08-25,false
onion,Nasik,2025-08-25,3,1049,1170,1282,false,2025-08-25,false
onion,Nasik,2025-08-25,7,1040,1162,1324,false,2025-08-25,false
onion,Nasik,2025-08-25,14,1033,1175,1357,false,2025-08-25,false
onion,Nasik,2025-08-25,21,1035,1180,1482,false,2025-08-25,false
onion,Pimpalgaon,2025-08-25,0,1400,1400,1400,true,2025-08-25,false
onion,Pimpalgaon,2025-08-25,1,1302,1400,1500,true,2025-08-25,false
onion,Pimpalgaon,2025-08-25,2,1269,1400,1551,true,2025-08-25,false
onion,Pimpalgaon,2025-08-25,3,1234,1400,1600,true,2025-08-25,false
onion,Pimpalgaon,2025-08-25,7,1326,1394,1550,false,2025-08-25,false
onion,Pimpalgaon,2025-08-25,14,1099,1400,1887,true,2025-08-25,false
onion,Pimpalgaon,2025-08-25,21,1127,1400,2022,true,2025-08-25,false
onion,Pune,2025-08-25,0,1150,1150,1150,true,2025-08-25,false
onion,Pune,2025-08-25,1,1051,1150,1255,true,2025-08-25,false
onion,Pune,2025-08-25,2,1031,1150,1294,true,2025-08-25,false
onion,Pune,2025-08-25,3,1006,1150,1317,true,2025-08-25,false
onion,Pune,2025-08-25,7,1067,1133,1264,false,2025-08-25,false
onion,Pune,2025-08-25,14,1057,1144,1291,false,2025-08-25,false
onion,Pune,2025-08-25,21,1058,1164,1408,false,2025-08-25,false
onion,Solapur,2025-08-25,0,1050,1050,1050,true,2025-08-25,false
onion,Solapur,2025-08-25,1,945,1050,1167,true,2025-08-25,false
onion,Solapur,2025-08-25,2,919,1050,1188,true,2025-08-25,false
onion,Solapur,2025-08-25,3,956,1051,1115,false,2025-08-25,false
onion,Solapur,2025-08-25,7,817,1050,1313,true,2025-08-25,false
onion,Solapur,2025-08-25,14,770,1050,1421,true,2025-08-25,false
onion,Solapur,2025-08-25,21,700,1050,1556,true,2025-08-25,false
soybean,Akola,2025-08-25,0,4505,4505,4505,true,2025-08-25,false
soybean,Akola,2025-08-25,1,4437,4525,4598,false,2025-08-25,false
soybean,Akola,2025-08-25,2,4348,4505,4663,true,2025-08-25,false
soybean,Akola,2025-08-25,3,4332,4505,4699,true,2025-08-25,false
soybean,Akola,2025-08-25,7,4285,4505,4763,true,2025-08-25,false
soybean,Akola,2025-08-25,14,4191,4505,4852,true,2025-08-25,false
soybean,Akola,2025-08-25,21,4153,4505,4956,true,2025-08-25,false
soybean,Amarawati,2025-08-25,0,4292,4292,4292,true,2025-08-25,false
soybean,Amarawati,2025-08-25,1,4209,4292,4375,true,2025-08-25,false
soybean,Amarawati,2025-08-25,2,4190,4292,4399,true,2025-08-25,false
soybean,Amarawati,2025-08-25,3,4168,4292,4409,true,2025-08-25,false
soybean,Amarawati,2025-08-25,7,4140,4292,4450,true,2025-08-25,false
soybean,Amarawati,2025-08-25,14,4082,4292,4476,true,2025-08-25,false
soybean,Amarawati,2025-08-25,21,4029,4292,4560,true,2025-08-25,false
soybean,Latur,2025-08-25,0,4610,4610,4610,true,2025-08-25,false
soybean,Latur,2025-08-25,1,4538,4610,4702,true,2025-08-25,false
soybean,Latur,2025-08-25,2,4514,4610,4722,true,2025-08-25,false
soybean,Latur,2025-08-25,3,4484,4610,4748,true,2025-08-25,false
soybean,Latur,2025-08-25,7,4419,4610,4819,true,2025-08-25,false
soybean,Latur,2025-08-25,14,4377,4610,4910,true,2025-08-25,false
soybean,Latur,2025-08-25,21,4333,4610,5082,true,2025-08-25,false
soybean,Nagpur,2025-08-25,0,4400,4400,4400,true,2025-08-22,false
soybean,Nagpur,2025-08-25,1,4287,4400,4530,true,2025-08-22,false
soybean,Nagpur,2025-08-25,2,4264,4400,4556,true,2025-08-22,false
soybean,Nagpur,2025-08-25,3,4262,4400,4569,true,2025-08-22,false
soybean,Nagpur,2025-08-25,7,4258,4451,4622,false,2025-08-22,false
soybean,Nagpur,2025-08-25,14,4178,4400,4696,true,2025-08-22,false
soybean,Nagpur,2025-08-25,21,4134,4400,4768,true,2025-08-22,false
soybean,Washim,2025-08-25,0,4550,4550,4550,true,2025-08-25,false
soybean,Washim,2025-08-25,1,4440,4537,4617,false,2025-08-25,false
soybean,Washim,2025-08-25,2,4437,4537,4624,false,2025-08-25,false
soybean,Washim,2025-08-25,3,4411,4537,4648,false,2025-08-25,false
soybean,Washim,2025-08-25,7,4297,4550,4853,true,2025-08-25,false
soybean,Washim,2025-08-25,14,4233,4541,4789,false,2025-08-25,false
soybean,Washim,2025-08-25,21,4166,4531,4857,false,2025-08-25,false
tomato,Junnar (Narayangaon),2025-08-25,0,2000,2000,2000,true,2025-08-24,true
tomato,Junnar (Narayangaon),2025-08-25,1,1600,2000,2500,true,2025-08-24,true
tomato,Junnar (Narayangaon),2025-08-25,2,1500,2000,2667,true,2025-08-24,true
tomato,Junnar (Narayangaon),2025-08-25,3,1400,2000,2667,true,2025-08-24,true
tomato,Junnar (Narayangaon),2025-08-25,7,1333,2000,3000,true,2025-08-24,true
tomato,Junnar (Narayangaon),2025-08-25,14,1067,2000,4000,true,2025-08-24,true
tomato,Junnar (Narayangaon),2025-08-25,21,555,1336,2419,false,2025-08-24,true
tomato,Nasik,2025-08-25,0,1250,1250,1250,true,2025-08-25,true
tomato,Nasik,2025-08-25,1,1000,1250,1500,true,2025-08-25,true
tomato,Nasik,2025-08-25,2,950,1250,1667,true,2025-08-25,true
tomato,Nasik,2025-08-25,3,909,1250,1719,true,2025-08-25,true
tomato,Nasik,2025-08-25,7,833,1250,1875,true,2025-08-25,true
tomato,Nasik,2025-08-25,14,673,1250,2289,true,2025-08-25,true
tomato,Nasik,2025-08-25,21,667,1250,2625,true,2025-08-25,true
tomato,Pimpalgaon,2025-08-25,0,1775,1775,1775,true,2025-08-25,true
tomato,Pimpalgaon,2025-08-25,1,1401,1775,2219,true,2025-08-25,true
tomato,Pimpalgaon,2025-08-25,2,1294,1775,2365,true,2025-08-25,true
tomato,Pimpalgaon,2025-08-25,3,1234,1775,2497,true,2025-08-25,true
tomato,Pimpalgaon,2025-08-25,7,1037,1663,2047,false,2025-08-25,true
tomato,Pimpalgaon,2025-08-25,14,814,1380,1968,false,2025-08-25,true
tomato,Pimpalgaon,2025-08-25,21,568,1289,2101,false,2025-08-25,true
tomato,Pune,2025-08-25,0,2000,2000,2000,true,2025-08-25,true
tomato,Pune,2025-08-25,1,1692,2000,2366,true,2025-08-25,true
tomato,Pune,2025-08-25,2,1619,2000,2444,true,2025-08-25,true
tomato,Pune,2025-08-25,3,1600,2000,2500,true,2025-08-25,true
tomato,Pune,2025-08-25,7,1468,2000,2705,true,2025-08-25,true
tomato,Pune,2025-08-25,14,1281,2000,3156,true,2025-08-25,true
tomato,Pune,2025-08-25,21,1145,2000,3636,true,2025-08-25,true
tomato,Pune (Pimpri),2025-08-25,0,2500,2500,2500,true,2025-08-25,true
tomato,Pune (Pimpri),2025-08-25,1,2129,2603,2969,false,2025-08-25,true
tomato,Pune (Pimpri),2025-08-25,2,2045,2500,3000,true,2025-08-25,true
tomato,Pune (Pimpri),2025-08-25,3,2037,2500,3125,true,2025-08-25,true
tomato,Pune (Pimpri),2025-08-25,7,1902,2500,3333,true,2025-08-25,true
tomato,Pune (Pimpri),2025-08-25,14,1667,2500,3790,true,2025-08-25,true
tomato,Pune (Pimpri),2025-08-25,21,1500,2500,4500,true,2025-08-25,true
onion,Lasalgaon,2025-08-28,0,1400,1400,1400,true,2025-08-28,true
onion,Lasalgaon,2025-08-28,1,1286,1400,1530,true,2025-08-28,true
onion,Lasalgaon,2025-08-28,2,1360,1423,1498,false,2025-08-28,true
onion,Lasalgaon,2025-08-28,3,1358,1423,1525,false,2025-08-28,true
onion,Lasalgaon,2025-08-28,7,1351,1420,1575,false,2025-08-28,true
onion,Lasalgaon,2025-08-28,14,1347,1437,1616,false,2025-08-28,true
onion,Lasalgaon,2025-08-28,21,1345,1438,1793,false,2025-08-28,true
onion,Lasalgaon (Niphad),2025-08-28,0,1320,1320,1320,true,2025-08-28,false
onion,Lasalgaon (Niphad),2025-08-28,1,1219,1320,1430,true,2025-08-28,false
onion,Lasalgaon (Niphad),2025-08-28,2,1285,1352,1425,false,2025-08-28,false
onion,Lasalgaon (Niphad),2025-08-28,3,1285,1353,1454,false,2025-08-28,false
onion,Lasalgaon (Niphad),2025-08-28,7,1278,1351,1504,false,2025-08-28,false
onion,Lasalgaon (Niphad),2025-08-28,14,1274,1361,1540,false,2025-08-28,false
onion,Lasalgaon (Niphad),2025-08-28,21,1275,1365,1743,false,2025-08-28,false
onion,Lasalgaon (Vinchur),2025-08-28,0,1350,1350,1350,true,2025-08-28,false
onion,Lasalgaon (Vinchur),2025-08-28,1,1266,1350,1446,true,2025-08-28,false
onion,Lasalgaon (Vinchur),2025-08-28,2,1311,1359,1461,false,2025-08-28,false
onion,Lasalgaon (Vinchur),2025-08-28,3,1310,1359,1491,false,2025-08-28,false
onion,Lasalgaon (Vinchur),2025-08-28,7,1303,1358,1544,false,2025-08-28,false
onion,Lasalgaon (Vinchur),2025-08-28,14,1300,1368,1581,false,2025-08-28,false
onion,Lasalgaon (Vinchur),2025-08-28,21,1301,1373,1752,false,2025-08-28,false
onion,Nasik,2025-08-28,0,1050,1050,1050,true,2025-08-28,false
onion,Nasik,2025-08-28,1,955,1050,1167,true,2025-08-28,false
onion,Nasik,2025-08-28,2,964,1070,1179,false,2025-08-28,false
onion,Nasik,2025-08-28,3,961,1070,1194,false,2025-08-28,false
onion,Nasik,2025-08-28,7,958,1067,1226,false,2025-08-28,false
onion,Nasik,2025-08-28,14,958,1080,1249,false,2025-08-28,false
onion,Nasik,2025-08-28,21,960,1088,1347,false,2025-08-28,false
onion,Pimpalgaon,2025-08-28,0,1275,1275,1275,true,2025-08-28,true
onion,Pimpalgaon,2025-08-28,1,1186,1275,1366,true,2025-08-28,true
onion,Pimpalgaon,2025-08-28,2,1155,1275,1412,true,2025-08-28,true
onion,Pimpalgaon,2025-08-28,3,1244,1333,1405,false,2025-08-28,true
onion,Pimpalgaon,2025-08-28,7,1238,1334,1447,false,2025-08-28,true
onion,Pimpalgaon,2025-08-28,14,1001,1275,1718,true,2025-08-28,true
onion,Pimpalgaon,2025-08-28,21,1026,1275,1842,true,2025-08-28,true
onion,Pune,2025-08-28,0,1050,1050,1050,true,2025-08-28,false
onion,Pune,2025-08-28,1,960,1050,1145,true,2025-08-28,false
onion,Pune,2025-08-28,2,941,1050,1181,true,2025-08-28,false
onion,Pune,2025-08-28,3,919,1050,1203,true,2025-08-28,false
onion,Pune,2025-08-28,7,1019,1075,1176,false,2025-08-28,false
onion,Pune,2025-08-28,14,1018,1088,1199,false,2025-08-28,false
onion,Pune,2025-08-28,21,1018,1104,1295,false,2025-08-28,false
onion,Solapur,2025-08-28,0,1000,1000,1000,true,2025-08-28,false
onion,Solapur,2025-08-28,1,900,1000,1111,true,2025-08-28,false
onion,Solapur,2025-08-28,2,875,1000,1131,true,2025-08-28,false
onion,Solapur,2025-08-28,3,936,1029,1083,false,2025-08-28,false
onion,Solapur,2025-08-28,7,932,1029,1121,false,2025-08-28,false
onion,Solapur,2025-08-28,14,733,1000,1353,true,2025-08-28,false
onion,Solapur,2025-08-28,21,933,1045,1242,false,2025-08-28,false
soybean,Akola,2025-08-28,0,4300,4300,4300,true,2025-08-28,false
soybean,Akola,2025-08-28,1,4290,4405,4502,false,2025-08-28,false
soybean,Akola,2025-08-28,2,4150,4300,4450,true,2025-08-28,false
soybean,Akola,2025-08-28,3,4135,4300,4485,true,2025-08-28,false
soybean,Akola,2025-08-28,7,4090,4300,4546,true,2025-08-28,false
soybean,Akola,2025-08-28,14,4000,4300,4631,true,2025-08-28,false
soybean,Akola,2025-08-28,21,3964,4300,4730,true,2025-08-28,false
soybean,Amarawati,2025-08-28,0,4225,4225,4225,true,2025-08-28,false
soybean,Amarawati,2025-08-28,1,4143,4225,4306,true,2025-08-28,false
soybean,Amarawati,2025-08-28,2,4124,4225,4330,true,2025-08-28,false
soybean,Amarawati,2025-08-28,3,4103,4225,4340,true,2025-08-28,false
soybean,Amarawati,2025-08-28,7,4076,4225,4380,true,2025-08-28,false
soybean,Amarawati,2025-08-28,14,4019,4225,4406,true,2025-08-28,false
soybean,Amarawati,2025-08-28,21,3966,4225,4489,true,2025-08-28,false
soybean,Latur,2025-08-28,0,4610,4610,4610,true,2025-08-25,false
soybean,Latur,2025-08-28,1,4538,4610,4702,true,2025-08-25,false
soybean,Latur,2025-08-28,2,4514,4610,4722,true,2025-08-25,false
soybean,Latur,2025-08-28,3,4484,4610,4748,true,2025-08-25,false
soybean,Latur,2025-08-28,7,4419,4610,4819,true,2025-08-25,false
soybean,Latur,2025-08-28,14,4377,4610,4910,true,2025-08-25,false
soybean,Latur,2025-08-28,21,4333,4610,5082,true,2025-08-25,false
soybean,Nagpur,2025-08-28,0,4400,4400,4400,true,2025-08-28,false
soybean,Nagpur,2025-08-28,1,4287,4400,4530,true,2025-08-28,false
soybean,Nagpur,2025-08-28,2,4264,4400,4556,true,2025-08-28,false
soybean,Nagpur,2025-08-28,3,4262,4400,4569,true,2025-08-28,false
soybean,Nagpur,2025-08-28,7,4217,4400,4615,true,2025-08-28,false
soybean,Nagpur,2025-08-28,14,4178,4400,4696,true,2025-08-28,false
soybean,Nagpur,2025-08-28,21,4049,4396,4740,false,2025-08-28,false
soybean,Washim,2025-08-28,0,4550,4550,4550,true,2025-08-25,false
soybean,Washim,2025-08-28,1,4445,4565,4648,false,2025-08-25,false
soybean,Washim,2025-08-28,2,4438,4565,4651,false,2025-08-25,false
soybean,Washim,2025-08-28,3,4411,4565,4677,false,2025-08-25,false
soybean,Washim,2025-08-28,7,4297,4550,4853,true,2025-08-25,false
soybean,Washim,2025-08-28,14,4230,4578,4826,false,2025-08-25,false
soybean,Washim,2025-08-28,21,4173,4568,4887,false,2025-08-25,false
tomato,Junnar (Narayangaon),2025-08-28,0,1500,1500,1500,true,2025-08-28,true
tomato,Junnar (Narayangaon),2025-08-28,1,1200,1500,1875,true,2025-08-28,true
tomato,Junnar (Narayangaon),2025-08-28,2,1125,1500,2000,true,2025-08-28,true
tomato,Junnar (Narayangaon),2025-08-28,3,1050,1500,2000,true,2025-08-28,true
tomato,Junnar (Narayangaon),2025-08-28,7,1000,1500,2250,true,2025-08-28,true
tomato,Junnar (Narayangaon),2025-08-28,14,744,1436,1878,false,2025-08-28,true
tomato,Junnar (Narayangaon),2025-08-28,21,492,1396,2067,false,2025-08-28,true
tomato,Nasik,2025-08-28,0,1300,1300,1300,true,2025-08-28,true
tomato,Nasik,2025-08-28,1,1040,1300,1560,true,2025-08-28,true
tomato,Nasik,2025-08-28,2,988,1300,1733,true,2025-08-28,true
tomato,Nasik,2025-08-28,3,945,1300,1788,true,2025-08-28,true
tomato,Nasik,2025-08-28,7,867,1300,1950,true,2025-08-28,true
tomato,Nasik,2025-08-28,14,700,1300,2381,true,2025-08-28,true
tomato,Nasik,2025-08-28,21,693,1300,2730,true,2025-08-28,true
tomato,Pimpalgaon,2025-08-28,0,1875,1875,1875,true,2025-08-28,true
tomato,Pimpalgaon,2025-08-28,1,1480,1875,2344,true,2025-08-28,true
tomato,Pimpalgaon,2025-08-28,2,1367,1875,2498,true,2025-08-28,true
tomato,Pimpalgaon,2025-08-28,3,1304,1875,2638,true,2025-08-28,true
tomato,Pimpalgaon,2025-08-28,7,716,1597,2273,false,2025-08-28,true
tomato,Pimpalgaon,2025-08-28,14,625,1240,2154,false,2025-08-28,true
tomato,Pimpalgaon,2025-08-28,21,352,1086,2386,false,2025-08-28,true
tomato,Pune,2025-08-28,0,1100,1100,1100,true,2025-08-28,true
tomato,Pune,2025-08-28,1,931,1100,1301,true,2025-08-28,true
tomato,Pune,2025-08-28,2,890,1100,1344,true,2025-08-28,true
tomato,Pune,2025-08-28,3,880,1100,1375,true,2025-08-28,true
tomato,Pune,2025-08-28,7,807,1100,1488,true,2025-08-28,true
tomato,Pune,2025-08-28,14,704,1100,1736,true,2025-08-28,true
tomato,Pune,2025-08-28,21,630,1100,2000,true,2025-08-28,true
tomato,Pune (Pimpri),2025-08-28,0,2000,2000,2000,true,2025-08-28,true
tomato,Pune (Pimpri),2025-08-28,1,1714,2006,2697,false,2025-08-28,true
tomato,Pune (Pimpri),2025-08-28,2,1636,2000,2400,true,2025-08-28,true
tomato,Pune (Pimpri),2025-08-28,3,1630,2000,2500,true,2025-08-28,true
tomato,Pune (Pimpri),2025-08-28,7,1521,2000,2667,true,2025-08-28,true
tomato,Pune (Pimpri),2025-08-28,14,1333,2000,3032,true,2025-08-28,true
tomato,Pune (Pimpri),2025-08-28,21,1200,2000,3600,true,2025-08-28,true
onion,Lasalgaon,2025-08-31,0,1340,1340,1340,true,2025-08-30,true
onion,Lasalgaon,2025-08-31,1,1313,1382,1491,false,2025-08-30,true
onion,Lasalgaon,2025-08-31,2,1308,1382,1517,false,2025-08-30,true
onion,Lasalgaon,2025-08-31,3,1307,1383,1547,false,2025-08-30,true
onion,Lasalgaon,2025-08-31,7,1300,1387,1589,false,2025-08-30,true
onion,Lasalgaon,2025-08-31,14,1296,1405,1619,false,2025-08-30,true
onion,Lasalgaon,2025-08-31,21,1296,1420,1766,false,2025-08-30,true
onion,Lasalgaon (Niphad),2025-08-31,0,1320,1320,1320,true,2025-08-28,false
onion,Lasalgaon (Niphad),2025-08-31,1,1280,1341,1431,false,2025-08-28,false
onion,Lasalgaon (Niphad),2025-08-31,2,1272,1341,1464,false,2025-08-28,false
onion,Lasalgaon (Niphad),2025-08-31,3,1269,1341,1495,false,2025-08-28,false
onion,Lasalgaon (Niphad),2025-08-31,7,1264,1343,1544,false,2025-08-28,false
onion,Lasalgaon (Niphad),2025-08-31,14,1260,1361,1592,false,2025-08-28,false
onion,Lasalgaon (Niphad),2025-08-31,21,1264,1382,1794,false,2025-08-28,false
onion,Lasalgaon (Vinchur),2025-08-31,0,1300,1300,1300,true,2025-08-30,false
onion,Lasalgaon (Vinchur),2025-08-31,1,1262,1323,1366,false,2025-08-30,false
onion,Lasalgaon (Vinchur),2025-08-31,2,1257,1323,1391,false,2025-08-30,false
onion,Lasalgaon (Vinchur),2025-08-31,3,1256,1323,1424,false,2025-08-30,false
onion,Lasalgaon (Vinchur),2025-08-31,7,1249,1328,1474,false,2025-08-30,false
onion,Lasalgaon (Vinchur),2025-08-31,14,1247,1341,1509,false,2025-08-30,false
onion,Lasalgaon (Vinchur),2025-08-31,21,1251,1355,1673,false,2025-08-30,false
onion,Nasik,2025-08-31,0,1000,1000,1000,true,2025-08-29,true
onion,Nasik,2025-08-31,1,909,1000,1111,true,2025-08-29,true
onion,Nasik,2025-08-31,2,889,1000,1133,true,2025-08-29,true
onion,Nasik,2025-08-31,3,926,1033,1150,false,2025-08-29,true
onion,Nasik,2025-08-31,7,925,1035,1183,false,2025-08-29,true
onion,Nasik,2025-08-31,14,925,1053,1220,false,2025-08-29,true
onion,Nasik,2025-08-31,21,928,1071,1339,false,2025-08-29,true
onion,Pimpalgaon,2025-08-31,0,1300,1300,1300,true,2025-08-30,false
onion,Pimpalgaon,2025-08-31,1,1209,1300,1393,true,2025-08-30,false
onion,Pimpalgaon,2025-08-31,2,1240,1305,1396,false,2025-08-30,false
onion,Pimpalgaon,2025-08-31,3,1235,1306,1428,false,2025-08-30,false
onion,Pimpalgaon,2025-08-31,7,1228,1310,1476,false,2025-08-30,false
onion,Pimpalgaon,2025-08-31,14,1021,1300,1752,true,2025-08-30,false
onion,Pimpalgaon,2025-08-31,21,1046,1300,1878,true,2025-08-30,false
onion,Pune,2025-08-31,0,1050,1050,1050,true,2025-08-31,false
onion,Pune,2025-08-31,1,960,1050,1145,true,2025-08-31,false
onion,Pune,2025-08-31,2,941,1050,1181,true,2025-08-31,false
onion,Pune,2025-08-31,3,919,1050,1203,true,2025-08-31,false
onion,Pune,2025-08-31,7,1019,1075,1195,false,2025-08-31,false
onion,Pune,2025-08-31,14,1018,1091,1218,false,2025-08-31,false
onion,Pune,2025-08-31,21,1021,1117,1314,false,2025-08-31,false
onion,Solapur,2025-08-31,0,1050,1050,1050,true,2025-08-29,false
onion,Solapur,2025-08-31,1,945,1050,1167,true,2025-08-29,false
onion,Solapur,2025-08-31,2,941,1032,1120,false,2025-08-29,false
onion,Solapur,2025-08-31,3,937,1031,1139,false,2025-08-29,false
onion,Solapur,2025-08-31,7,931,1035,1175,false,2025-08-29,false
onion,Solapur,2025-08-31,14,932,1044,1202,false,2025-08-29,false
onion,Solapur,2025-08-31,21,936,1059,1300,false,2025-08-29,false
soybean,Akola,2025-08-31,0,4460,4460,4460,true,2025-08-29,false
soybean,Akola,2025-08-31,1,4367,4481,4561,false,2025-08-29,false
soybean,Akola,2025-08-31,2,4304,4460,4616,true,2025-08-29,false
soybean,Akola,2025-08-31,3,4289,4460,4652,true,2025-08-29,false
soybean,Akola,2025-08-31,7,4242,4460,4715,true,2025-08-29,false
soybean,Akola,2025-08-31,14,4149,4460,4803,true,2025-08-29,false
soybean,Akola,2025-08-31,21,4112,4460,4906,true,2025-08-29,false
soybean,Amarawati,2025-08-31,0,4235,4235,4235,true,2025-08-30,false
soybean,Amarawati,2025-08-31,1,4153,4235,4316,true,2025-08-30,false
soybean,Amarawati,2025-08-31,2,4134,4235,4340,true,2025-08-30,false
soybean,Amarawati,2025-08-31,3,4112,4235,4350,true,2025-08-30,false
soybean,Amarawati,2025-08-31,7,4085,4235,4391,true,2025-08-30,false
soybean,Amarawati,2025-08-31,14,4028,4235,4416,true,2025-08-30,false
soybean,Amarawati,2025-08-31,21,3975,4235,4499,true,2025-08-30,false
soybean,Latur,2025-08-31,0,4610,4610,4610,true,2025-08-25,false
soybean,Latur,2025-08-31,1,4538,4610,4702,true,2025-08-25,false
soybean,Latur,2025-08-31,2,4514,4610,4722,true,2025-08-25,false
soybean,Latur,2025-08-31,3,4484,4610,4748,true,2025-08-25,false
soybean,Latur,2025-08-31,7,4419,4610,4819,true,2025-08-25,false
soybean,Latur,2025-08-31,14,4377,4610,4910,true,2025-08-25,false
soybean,Latur,2025-08-31,21,4333,4610,5082,true,2025-08-25,false
soybean,Nagpur,2025-08-31,0,4325,4325,4325,true,2025-08-30,false
soybean,Nagpur,2025-08-31,1,4214,4325,4453,true,2025-08-30,false
soybean,Nagpur,2025-08-31,2,4191,4325,4479,true,2025-08-30,false
soybean,Nagpur,2025-08-31,3,4190,4325,4491,true,2025-08-30,false
soybean,Nagpur,2025-08-31,7,4145,4325,4537,true,2025-08-30,false
soybean,Nagpur,2025-08-31,14,4107,4325,4616,true,2025-08-30,false
soybean,Nagpur,2025-08-31,21,3973,4331,4670,false,2025-08-30,false
soybean,Washim,2025-08-31,0,4300,4300,4300,true,2025-08-29,false
soybean,Washim,2025-08-31,1,4288,4401,4516,false,2025-08-29,false
soybean,Washim,2025-08-31,2,4286,4401,4520,false,2025-08-29,false
soybean,Washim,2025-08-31,3,4259,4401,4557,false,2025-08-29,false
soybean,Washim,2025-08-31,7,4060,4300,4587,true,2025-08-29,false
soybean,Washim,2025-08-31,14,4108,4410,4711,false,2025-08-29,false
soybean,Washim,2025-08-31,21,4042,4406,4768,false,2025-08-29,false
tomato,Junnar (Narayangaon),2025-08-31,0,2000,2000,2000,true,2025-08-31,false
tomato,Junnar (Narayangaon),2025-08-31,1,1600,2000,2500,true,2025-08-31,false
tomato,Junnar (Narayangaon),2025-08-31,2,1500,2000,2667,true,2025-08-31,false
tomato,Junnar (Narayangaon),2025-08-31,3,1400,2000,2667,true,2025-08-31,false
tomato,Junnar (Narayangaon),2025-08-31,7,1333,2000,3000,true,2025-08-31,false
tomato,Junnar (Narayangaon),2025-08-31,14,893,1809,2308,false,2025-08-31,false
tomato,Junnar (Narayangaon),2025-08-31,21,648,1815,2528,false,2025-08-31,false
tomato,Nasik,2025-08-31,0,1550,1550,1550,true,2025-08-31,false
tomato,Nasik,2025-08-31,1,1240,1550,1860,true,2025-08-31,false
tomato,Nasik,2025-08-31,2,1178,1550,2067,true,2025-08-31,false
tomato,Nasik,2025-08-31,3,1127,1550,2131,true,2025-08-31,false
tomato,Nasik,2025-08-31,7,1033,1550,2325,true,2025-08-31,false
tomato,Nasik,2025-08-31,14,835,1550,2839,true,2025-08-31,false
tomato,Nasik,2025-08-31,21,827,1550,3255,true,2025-08-31,false
tomato,Pimpalgaon,2025-08-31,0,2255,2255,2255,true,2025-08-31,false
tomato,Pimpalgaon,2025-08-31,1,1780,2255,2819,true,2025-08-31,false
tomato,Pimpalgaon,2025-08-31,2,1644,2255,3005,true,2025-08-31,false
tomato,Pimpalgaon,2025-08-31,3,1568,2255,3173,true,2025-08-31,false
tomato,Pimpalgaon,2025-08-31,7,1003,2008,2561,false,2025-08-31,false
tomato,Pimpalgaon,2025-08-31,14,890,1972,2469,false,2025-08-31,false
tomato,Pimpalgaon,2025-08-31,21,577,1937,2687,false,2025-08-31,false
tomato,Pune,2025-08-31,0,2000,2000,2000,true,2025-08-31,false
tomato,Pune,2025-08-31,1,1692,2000,2366,true,2025-08-31,false
tomato,Pune,2025-08-31,2,1619,2000,2444,true,2025-08-31,false
tomato,Pune,2025-08-31,3,1600,2000,2500,true,2025-08-31,false
tomato,Pune,2025-08-31,7,1468,2000,2705,true,2025-08-31,false
tomato,Pune,2025-08-31,14,1281,2000,3156,true,2025-08-31,false
tomato,Pune,2025-08-31,21,1145,2000,3636,true,2025-08-31,false
tomato,Pune (Pimpri),2025-08-31,0,1500,1500,1500,true,2025-08-31,true
tomato,Pune (Pimpri),2025-08-31,1,1230,1497,1960,false,2025-08-31,true
tomato,Pune (Pimpri),2025-08-31,2,1201,1497,1987,false,2025-08-31,true
tomato,Pune (Pimpri),2025-08-31,3,1167,1495,1999,false,2025-08-31,true
tomato,Pune (Pimpri),2025-08-31,7,1141,1500,2000,true,2025-08-31,true
tomato,Pune (Pimpri),2025-08-31,14,1000,1500,2274,true,2025-08-31,true
tomato,Pune (Pimpri),2025-08-31,21,900,1500,2700,true,2025-08-31,true
onion,Lasalgaon,2025-09-03,0,1310,1310,1310,true,2025-09-03,false
onion,Lasalgaon,2025-09-03,1,1203,1310,1432,true,2025-09-03,false
onion,Lasalgaon,2025-09-03,2,1248,1317,1421,false,2025-09-03,false
onion,Lasalgaon,2025-09-03,3,1246,1316,1440,false,2025-09-03,false
onion,Lasalgaon,2025-09-03,7,1244,1319,1504,false,2025-09-03,false
onion,Lasalgaon,2025-09-03,14,1239,1369,1581,false,2025-09-03,false
onion,Lasalgaon,2025-09-03,21,918,1310,1934,true,2025-09-03,false
onion,Lasalgaon (Niphad),2025-09-03,0,1320,1320,1320,true,2025-09-03,false
onion,Lasalgaon (Niphad),2025-09-03,1,1273,1333,1420,false,2025-09-03,false
onion,Lasalgaon (Niphad),2025-09-03,2,1261,1333,1444,false,2025-09-03,false
onion,Lasalgaon (Niphad),2025-09-03,3,1260,1333,1463,false,2025-09-03,false
onion,Lasalgaon (Niphad),2025-09-03,7,1258,1336,1528,false,2025-09-03,false
onion,Lasalgaon (Niphad),2025-09-03,14,1251,1387,1606,false,2025-09-03,false
onion,Lasalgaon (Niphad),2025-09-03,21,1254,1414,1865,false,2025-09-03,false
onion,Lasalgaon (Vinchur),2025-09-03,0,1350,1350,1350,true,2025-09-02,false
onion,Lasalgaon (Vinchur),2025-09-03,1,1266,1350,1446,true,2025-09-02,false
onion,Lasalgaon (Vinchur),2025-09-03,2,1280,1372,1502,false,2025-09-02,false
onion,Lasalgaon (Vinchur),2025-09-03,3,1274,1372,1519,false,2025-09-02,false
onion,Lasalgaon (Vinchur),2025-09-03,7,1271,1375,1590,false,2025-09-02,false
onion,Lasalgaon (Vinchur),2025-09-03,14,1262,1428,1675,false,2025-09-02,false
onion,Lasalgaon (Vinchur),2025-09-03,21,1265,1455,1910,false,2025-09-02,false
onion,Nasik,2025-09-03,0,800,800,800,true,2025-09-03,true
onion,Nasik,2025-09-03,1,727,800,889,true,2025-09-03,true
onion,Nasik,2025-09-03,2,711,800,907,true,2025-09-03,true
onion,Nasik,2025-09-03,3,693,800,941,true,2025-09-03,true
onion,Nasik,2025-09-03,7,772,874,1040,false,2025-09-03,true
onion,Nasik,2025-09-03,14,780,916,1122,false,2025-09-03,true
onion,Nasik,2025-09-03,21,784,931,1220,false,2025-09-03,true
onion,Pimpalgaon,2025-09-03,0,1280,1280,1280,true,2025-09-03,false
onion,Pimpalgaon,2025-09-03,1,1191,1280,1371,true,2025-09-03,false
onion,Pimpalgaon,2025-09-03,2,1160,1280,1418,true,2025-09-03,false
onion,Pimpalgaon,2025-09-03,3,1223,1288,1408,false,2025-09-03,false
onion,Pimpalgaon,2025-09-03,7,1220,1291,1469,false,2025-09-03,false
onion,Pimpalgaon,2025-09-03,14,1005,1280,1725,true,2025-09-03,false
onion,Pimpalgaon,2025-09-03,21,1030,1280,1849,true,2025-09-03,false
onion,Pune,2025-09-03,0,1050,1050,1050,true,2025-09-03,false
onion,Pune,2025-09-03,1,960,1050,1145,true,2025-09-03,false
onion,Pune,2025-09-03,2,941,1050,1181,true,2025-09-03,false
onion,Pune,2025-09-03,3,919,1050,1203,true,2025-09-03,false
onion,Pune,2025-09-03,7,1001,1055,1157,false,2025-09-03,false
onion,Pune,2025-09-03,14,997,1090,1217,false,2025-09-03,false
onion,Pune,2025-09-03,21,1001,1114,1383,false,2025-09-03,false
onion,Solapur,2025-09-03,0,1150,1150,1150,true,2025-09-03,false
onion,Solapur,2025-09-03,1,1035,1150,1278,true,2025-09-03,false
onion,Solapur,2025-09-03,2,1017,1118,1207,false,2025-09-03,false
onion,Solapur,2025-09-03,3,1010,1117,1220,false,2025-09-03,false
onion,Solapur,2025-09-03,7,1002,1111,1253,false,2025-09-03,false
onion,Solapur,2025-09-03,14,1000,1136,1310,false,2025-09-03,false
onion,Solapur,2025-09-03,21,1006,1148,1497,false,2025-09-03,false
soybean,Akola,2025-09-03,0,4365,4365,4365,true,2025-09-03,false
soybean,Akola,2025-09-03,1,4296,4370,4447,false,2025-09-03,false
soybean,Akola,2025-09-03,2,4212,4365,4518,true,2025-09-03,false
soybean,Akola,2025-09-03,3,4197,4365,4553,true,2025-09-03,false
soybean,Akola,2025-09-03,7,4152,4365,4615,true,2025-09-03,false
soybean,Akola,2025-09-03,14,4061,4365,4701,true,2025-09-03,false
soybean,Akola,2025-09-03,21,4024,4365,4802,true,2025-09-03,false
soybean,Amarawati,2025-09-03,0,4257,4257,4257,true,2025-09-03,false
soybean,Amarawati,2025-09-03,1,4174,4257,4339,true,2025-09-03,false
soybean,Amarawati,2025-09-03,2,4156,4257,4363,true,2025-09-03,false
soybean,Amarawati,2025-09-03,3,4134,4257,4373,true,2025-09-03,false
soybean,Amarawati,2025-09-03,7,4106,4257,4414,true,2025-09-03,false
soybean,Amarawati,2025-09-03,14,4049,4257,4439,true,2025-09-03,false
soybean,Amarawati,2025-09-03,21,3996,4257,4523,true,2025-09-03,false
soybean,Latur,2025-09-03,0,4410,4410,4410,true,2025-09-03,false
soybean,Latur,2025-09-03,1,4341,4410,4498,true,2025-09-03,false
soybean,Latur,2025-09-03,2,4318,4410,4518,true,2025-09-03,false
soybean,Latur,2025-09-03,3,4290,4410,4542,true,2025-09-03,false
soybean,Latur,2025-09-03,7,4227,4410,4610,true,2025-09-03,false
soybean,Latur,2025-09-03,14,4187,4410,4697,true,2025-09-03,false
soybean,Latur,2025-09-03,21,4145,4410,4862,true,2025-09-03,false
soybean,Nagpur,2025-09-03,0,4183,4183,4183,true,2025-09-03,false
soybean,Nagpur,2025-09-03,1,4076,4183,4307,true,2025-09-03,false
soybean,Nagpur,2025-09-03,2,4053,4183,4332,true,2025-09-03,false
soybean,Nagpur,2025-09-03,3,4052,4183,4344,true,2025-09-03,false
soybean,Nagpur,2025-09-03,7,4009,4183,4388,true,2025-09-03,false
soybean,Nagpur,2025-09-03,14,3972,4183,4464,true,2025-09-03,false
soybean,Nagpur,2025-09-03,21,3896,4268,4570,false,2025-09-03,false
soybean,Washim,2025-09-03,0,4150,4150,4150,true,2025-09-03,false
soybean,Washim,2025-09-03,1,4114,4210,4330,false,2025-09-03,false
soybean,Washim,2025-09-03,2,4091,4210,4355,false,2025-09-03,false
soybean,Washim,2025-09-03,3,4080,4211,4374,false,2025-09-03,false
soybean,Washim,2025-09-03,7,3919,4150,4427,true,2025-09-03,false
soybean,Washim,2025-09-03,14,3921,4222,4539,false,2025-09-03,false
soybean,Washim,2025-09-03,21,3855,4226,4608,false,2025-09-03,false
tomato,Junnar (Narayangaon),2025-09-03,0,1500,1500,1500,true,2025-09-03,false
tomato,Junnar (Narayangaon),2025-09-03,1,1200,1500,1875,true,2025-09-03,false
tomato,Junnar (Narayangaon),2025-09-03,2,1125,1500,2000,true,2025-09-03,false
tomato,Junnar (Narayangaon),2025-09-03,3,1050,1500,2000,true,2025-09-03,false
tomato,Junnar (Narayangaon),2025-09-03,7,1000,1500,2250,true,2025-09-03,false
tomato,Junnar (Narayangaon),2025-09-03,14,533,1367,2268,false,2025-09-03,false
tomato,Junnar (Narayangaon),2025-09-03,21,483,1340,2542,false,2025-09-03,false
tomato,Nasik,2025-09-03,0,1000,1000,1000,true,2025-09-03,true
tomato,Nasik,2025-09-03,1,800,1000,1200,true,2025-09-03,true
tomato,Nasik,2025-09-03,2,760,1000,1333,true,2025-09-03,true
tomato,Nasik,2025-09-03,3,727,1000,1375,true,2025-09-03,true
tomato,Nasik,2025-09-03,7,667,1000,1500,true,2025-09-03,true
tomato,Nasik,2025-09-03,14,538,1000,1831,true,2025-09-03,true
tomato,Nasik,2025-09-03,21,533,1000,2100,true,2025-09-03,true
tomato,Pimpalgaon,2025-09-03,0,1655,1655,1655,true,2025-09-03,true
tomato,Pimpalgaon,2025-09-03,1,1307,1655,2069,true,2025-09-03,true
tomato,Pimpalgaon,2025-09-03,2,1207,1655,2205,true,2025-09-03,true
tomato,Pimpalgaon,2025-09-03,3,1151,1655,2328,true,2025-09-03,true
tomato,Pimpalgaon,2025-09-03,7,784,1521,2386,false,2025-09-03,true
tomato,Pimpalgaon,2025-09-03,14,567,1430,2346,false,2025-09-03,true
tomato,Pimpalgaon,2025-09-03,21,479,1386,2594,false,2025-09-03,true
tomato,Pune,2025-09-03,0,1500,1500,1500,true,2025-09-03,false
tomato,Pune,2025-09-03,1,1269,1500,1775,true,2025-09-03,false
tomato,Pune,2025-09-03,2,1214,1500,1833,true,2025-09-03,false
tomato,Pune,2025-09-03,3,1200,1500,1875,true,2025-09-03,false
tomato,Pune,2025-09-03,7,1101,1500,2029,true,2025-09-03,false
tomato,Pune,2025-09-03,14,960,1500,2367,true,2025-09-03,false
tomato,Pune,2025-09-03,21,859,1500,2727,true,2025-09-03,false
tomato,Pune (Pimpri),2025-09-03,0,1700,1700,1700,true,2025-09-03,false
tomato,Pune (Pimpri),2025-09-03,1,1309,1632,2084,false,2025-09-03,false
tomato,Pune (Pimpri),2025-09-03,2,1295,1632,2101,false,2025-09-03,false
tomato,Pune (Pimpri),2025-09-03,3,1239,1626,2119,false,2025-09-03,false
tomato,Pune (Pimpri),2025-09-03,7,1293,1700,2267,true,2025-09-03,false
tomato,Pune (Pimpri),2025-09-03,14,1133,1700,2577,true,2025-09-03,false
tomato,Pune (Pimpri),2025-09-03,21,1020,1700,3060,true,2025-09-03,false
onion,Lasalgaon,2025-09-06,0,1280,1280,1280,true,2025-09-06,false
onion,Lasalgaon,2025-09-06,1,1175,1280,1399,true,2025-09-06,false
onion,Lasalgaon,2025-09-06,2,1141,1280,1438,true,2025-09-06,false
onion,Lasalgaon,2025-09-06,3,1219,1290,1425,false,2025-09-06,false
onion,Lasalgaon,2025-09-06,7,1216,1303,1513,false,2025-09-06,false
onion,Lasalgaon,2025-09-06,14,1216,1373,1565,false,2025-09-06,false
onion,Lasalgaon,2025-09-06,21,897,1280,1889,true,2025-09-06,false
onion,Lasalgaon (Niphad),2025-09-06,0,1280,1280,1280,true,2025-09-05,false
onion,Lasalgaon (Niphad),2025-09-06,1,1232,1301,1393,false,2025-09-05,false
onion,Lasalgaon (Niphad),2025-09-06,2,1224,1301,1420,false,2025-09-05,false
onion,Lasalgaon (Niphad),2025-09-06,3,1223,1301,1439,false,2025-09-05,false
onion,Lasalgaon (Niphad),2025-09-06,7,1221,1315,1528,false,2025-09-05,false
onion,Lasalgaon (Niphad),2025-09-06,14,1219,1389,1575,false,2025-09-05,false
onion,Lasalgaon (Niphad),2025-09-06,21,1224,1431,1808,false,2025-09-05,false
onion,Lasalgaon (Vinchur),2025-09-06,0,1270,1270,1270,true,2025-09-06,false
onion,Lasalgaon (Vinchur),2025-09-06,1,1191,1270,1361,true,2025-09-06,false
onion,Lasalgaon (Vinchur),2025-09-06,2,1219,1278,1373,false,2025-09-06,false
onion,Lasalgaon (Vinchur),2025-09-06,3,1217,1277,1388,false,2025-09-06,false
onion,Lasalgaon (Vinchur),2025-09-06,7,1215,1291,1475,false,2025-09-06,false
onion,Lasalgaon (Vinchur),2025-09-06,14,1214,1359,1524,false,2025-09-06,false
onion,Lasalgaon (Vinchur),2025-09-06,21,1217,1406,1744,false,2025-09-06,false
onion,Nasik,2025-09-06,0,800,800,800,true,2025-09-05,true
onion,Nasik,2025-09-06,1,727,800,889,true,2025-09-05,true
onion,Nasik,2025-09-06,2,711,800,907,true,2025-09-05,true
onion,Nasik,2025-09-06,3,693,800,941,true,2025-09-05,true
onion,Nasik,2025-09-06,7,769,880,1012,false,2025-09-05,true
onion,Nasik,2025-09-06,14,776,934,1096,false,2025-09-05,true
onion,Nasik,2025-09-06,21,780,962,1202,false,2025-09-05,true
onion,Pimpalgaon,2025-09-06,0,1250,1250,1250,true,2025-09-05,false
onion,Pimpalgaon,2025-09-06,1,1163,1250,1339,true,2025-09-05,false
onion,Pimpalgaon,2025-09-06,2,1133,1250,1385,true,2025-09-05,false
onion,Pimpalgaon,2025-09-06,3,1197,1255,1386,false,2025-09-05,false
onion,Pimpalgaon,2025-09-06,7,1195,1269,1467,false,2025-09-05,false
onion,Pimpalgaon,2025-09-06,14,1194,1335,1510,false,2025-09-05,false
onion,Pimpalgaon,2025-09-06,21,1006,1250,1806,true,2025-09-05,false
onion,Pune,2025-09-06,0,1100,1100,1100,true,2025-09-05,false
onion,Pune,2025-09-06,1,1006,1100,1200,true,2025-09-05,false
onion,Pune,2025-09-06,2,986,1100,1238,true,2025-09-05,false
onion,Pune,2025-09-06,3,963,1100,1260,true,2025-09-05,false
onion,Pune,2025-09-06,7,1021,1102,1238,false,2025-09-05,false
onion,Pune,2025-09-06,14,1018,1150,1268,false,2025-09-05,false
onion,Pune,2025-09-06,21,1022,1186,1433,false,2025-09-05,false
onion,Solapur,2025-09-06,0,1100,1100,1100,true,2025-09-04,false
onion,Solapur,2025-09-06,1,990,1100,1222,true,2025-09-04,false
onion,Solapur,2025-09-06,2,1028,1103,1180,false,2025-09-04,false
onion,Solapur,2025-09-06,3,1026,1103,1194,false,2025-09-04,false
onion,Solapur,2025-09-06,7,1023,1118,1251,false,2025-09-04,false
onion,Solapur,2025-09-06,14,1027,1168,1289,false,2025-09-04,false
onion,Solapur,2025-09-06,21,1032,1204,1455,false,2025-09-04,false
soybean,Akola,2025-09-06,0,4250,4250,4250,true,2025-09-04,false
soybean,Akola,2025-09-06,1,4220,4290,4370,false,2025-09-04,false
soybean,Akola,2025-09-06,2,4101,4250,4399,true,2025-09-04,false
soybean,Akola,2025-09-06,3,4087,4250,4433,true,2025-09-04,false
soybean,Akola,2025-09-06,7,4042,4250,4493,true,2025-09-04,false
soybean,Akola,2025-09-06,14,3954,4250,4577,true,2025-09-04,false
soybean,Akola,2025-09-06,21,3918,4250,4675,true,2025-09-04,false
soybean,Amarawati,2025-09-06,0,4185,4185,4185,true,2025-09-06,false
soybean,Amarawati,2025-09-06,1,4104,4185,4266,true,2025-09-06,false
soybean,Amarawati,2025-09-06,2,4085,4185,4289,true,2025-09-06,false
soybean,Amarawati,2025-09-06,3,4064,4185,4299,true,2025-09-06,false
soybean,Amarawati,2025-09-06,7,4037,4185,4339,true,2025-09-06,false
soybean,Amarawati,2025-09-06,14,3981,4185,4364,true,2025-09-06,false
soybean,Amarawati,2025-09-06,21,3929,4185,4446,true,2025-09-06,false
soybean,Latur,2025-09-06,0,4400,4400,4400,true,2025-09-04,false
soybean,Latur,2025-09-06,1,4331,4400,4488,true,2025-09-04,false
soybean,Latur,2025-09-06,2,4308,4400,4507,true,2025-09-04,false
soybean,Latur,2025-09-06,3,4280,4400,4532,true,2025-09-04,false
soybean,Latur,2025-09-06,7,4218,4400,4599,true,2025-09-04,false
soybean,Latur,2025-09-06,14,4178,4400,4687,true,2025-09-04,false
soybean,Latur,2025-09-06,21,4136,4400,4851,true,2025-09-04,false
soybean,Nagpur,2025-09-06,0,4250,4250,4250,true,2025-09-06,false
soybean,Nagpur,2025-09-06,1,4141,4250,4376,true,2025-09-06,false
soybean,Nagpur,2025-09-06,2,4118,4250,4401,true,2025-09-06,false
soybean,Nagpur,2025-09-06,3,4117,4250,4413,true,2025-09-06,false
soybean,Nagpur,2025-09-06,7,4073,4250,4458,true,2025-09-06,false
soybean,Nagpur,2025-09-06,14,4036,4250,4536,true,2025-09-06,false
soybean,Nagpur,2025-09-06,21,3855,4252,4582,false,2025-09-06,false
soybean,Washim,2025-09-06,0,4250,4250,4250,true,2025-09-04,false
soybean,Washim,2025-09-06,1,4166,4260,4357,false,2025-09-04,false
soybean,Washim,2025-09-06,2,4140,4260,4386,false,2025-09-04,false
soybean,Washim,2025-09-06,3,4119,4260,4408,false,2025-09-04,false
soybean,Washim,2025-09-06,7,4013,4250,4533,true,2025-09-04,false
soybean,Washim,2025-09-06,14,3968,4267,4572,false,2025-09-04,false
soybean,Washim,2025-09-06,21,3891,4268,4643,false,2025-09-04,false
tomato,Junnar (Narayangaon),2025-09-06,0,1500,1500,1500,true,2025-09-05,true
tomato,Junnar (Narayangaon),2025-09-06,1,1200,1500,1875,true,2025-09-05,true
tomato,Junnar (Narayangaon),2025-09-06,2,1125,1500,2000,true,2025-09-05,true
tomato,Junnar (Narayangaon),2025-09-06,3,1050,1500,2000,true,2025-09-05,true
tomato,Junnar (Narayangaon),2025-09-06,7,1000,1500,2250,true,2025-09-05,true
tomato,Junnar (Narayangaon),2025-09-06,14,492,1287,2430,false,2025-09-05,true
tomato,Junnar (Narayangaon),2025-09-06,21,434,1276,2685,false,2025-09-05,true
tomato,Nasik,2025-09-06,0,1000,1000,1000,true,2025-09-06,true
tomato,Nasik,2025-09-06,1,800,1000,1200,true,2025-09-06,true
tomato,Nasik,2025-09-06,2,760,1000,1333,true,2025-09-06,true
tomato,Nasik,2025-09-06,3,727,1000,1375,true,2025-09-06,true
tomato,Nasik,2025-09-06,7,667,1000,1500,true,2025-09-06,true
tomato,Nasik,2025-09-06,14,538,1000,1831,true,2025-09-06,true
tomato,Nasik,2025-09-06,21,452,1224,2441,false,2025-09-06,true
tomato,Pimpalgaon,2025-09-06,0,1605,1605,1605,true,2025-09-06,true
tomato,Pimpalgaon,2025-09-06,1,1267,1605,2006,true,2025-09-06,true
tomato,Pimpalgaon,2025-09-06,2,1170,1605,2139,true,2025-09-06,true
tomato,Pimpalgaon,2025-09-06,3,1116,1605,2258,true,2025-09-06,true
tomato,Pimpalgaon,2025-09-06,7,737,1411,2490,false,2025-09-06,true
tomato,Pimpalgaon,2025-09-06,14,524,1284,2597,false,2025-09-06,true
tomato,Pimpalgaon,2025-09-06,21,438,1250,2855,false,2025-09-06,true
tomato,Pune,2025-09-06,0,1500,1500,1500,true,2025-09-05,false
tomato,Pune,2025-09-06,1,1269,1500,1775,true,2025-09-05,false
tomato,Pune,2025-09-06,2,1214,1500,1833,true,2025-09-05,false
tomato,Pune,2025-09-06,3,1200,1500,1875,true,2025-09-05,false
tomato,Pune,2025-09-06,7,1101,1500,2029,true,2025-09-05,false
tomato,Pune,2025-09-06,14,960,1500,2367,true,2025-09-05,false
tomato,Pune,2025-09-06,21,859,1500,2727,true,2025-09-05,false
tomato,Pune (Pimpri),2025-09-06,0,1500,1500,1500,true,2025-09-06,true
tomato,Pune (Pimpri),2025-09-06,1,1184,1436,1949,false,2025-09-06,true
tomato,Pune (Pimpri),2025-09-06,2,1171,1437,1967,false,2025-09-06,true
tomato,Pune (Pimpri),2025-09-06,3,1116,1431,1977,false,2025-09-06,true
tomato,Pune (Pimpri),2025-09-06,7,1141,1500,2000,true,2025-09-06,true
tomato,Pune (Pimpri),2025-09-06,14,1000,1500,2274,true,2025-09-06,true
tomato,Pune (Pimpri),2025-09-06,21,900,1500,2700,true,2025-09-06,true
onion,Lasalgaon,2025-09-09,0,1275,1275,1275,true,2025-09-08,false
onion,Lasalgaon,2025-09-09,1,1171,1275,1393,true,2025-09-08,false
onion,Lasalgaon,2025-09-09,2,1137,1275,1432,true,2025-09-08,false
onion,Lasalgaon,2025-09-09,3,1219,1306,1491,false,2025-09-08,false
onion,Lasalgaon,2025-09-09,7,1218,1351,1667,false,2025-09-08,false
onion,Lasalgaon,2025-09-09,14,1181,1464,2029,false,2025-09-08,false
onion,Lasalgaon,2025-09-09,21,894,1275,1882,true,2025-09-08,false
onion,Lasalgaon (Niphad),2025-09-09,0,1225,1225,1225,true,2025-09-09,false
onion,Lasalgaon (Niphad),2025-09-09,1,1131,1225,1327,true,2025-09-09,false
onion,Lasalgaon (Niphad),2025-09-09,2,1175,1260,1379,false,2025-09-09,false
onion,Lasalgaon (Niphad),2025-09-09,3,1173,1259,1412,false,2025-09-09,false
onion,Lasalgaon (Niphad),2025-09-09,7,1171,1293,1586,false,2025-09-09,false
onion,Lasalgaon (Niphad),2025-09-09,14,1135,1407,1923,false,2025-09-09,false
onion,Lasalgaon (Niphad),2025-09-09,21,1142,1466,2195,false,2025-09-09,false
onion,Lasalgaon (Vinchur),2025-09-09,0,1275,1275,1275,true,2025-09-09,false
onion,Lasalgaon (Vinchur),2025-09-09,1,1196,1275,1366,true,2025-09-09,false
onion,Lasalgaon (Vinchur),2025-09-09,2,1227,1300,1422,false,2025-09-09,false
onion,Lasalgaon (Vinchur),2025-09-09,3,1225,1299,1454,false,2025-09-09,false
onion,Lasalgaon (Vinchur),2025-09-09,7,1223,1343,1629,false,2025-09-09,false
onion,Lasalgaon (Vinchur),2025-09-09,14,1187,1453,1994,false,2025-09-09,false
onion,Lasalgaon (Vinchur),2025-09-09,21,1195,1519,2259,false,2025-09-09,false
onion,Nasik,2025-09-09,0,1000,1000,1000,true,2025-09-09,false
onion,Nasik,2025-09-09,1,909,1000,1111,true,2025-09-09,false
onion,Nasik,2025-09-09,2,889,1000,1133,true,2025-09-09,false
onion,Nasik,2025-09-09,3,867,1000,1176,true,2025-09-09,false
onion,Nasik,2025-09-09,7,867,1049,1253,false,2025-09-09,false
onion,Nasik,2025-09-09,14,818,1000,1416,true,2025-09-09,false
onion,Nasik,2025-09-09,21,846,1169,1677,false,2025-09-09,false
onion,Pimpalgaon,2025-09-09,0,1350,1350,1350,true,2025-09-08,false
onion,Pimpalgaon,2025-09-09,1,1256,1350,1446,true,2025-09-08,false
onion,Pimpalgaon,2025-09-09,2,1223,1350,1496,true,2025-09-08,false
onion,Pimpalgaon,2025-09-09,3,1270,1375,1544,false,2025-09-08,false
onion,Pimpalgaon,2025-09-09,7,1257,1438,1731,false,2025-09-08,false
onion,Pimpalgaon,2025-09-09,14,1223,1545,2122,false,2025-09-08,false
onion,Pimpalgaon,2025-09-09,21,1086,1350,1950,true,2025-09-08,false
onion,Pune,2025-09-09,0,1000,1000,1000,true,2025-09-09,false
onion,Pune,2025-09-09,1,914,1000,1091,true,2025-09-09,false
onion,Pune,2025-09-09,2,897,1000,1125,true,2025-09-09,false
onion,Pune,2025-09-09,3,875,1000,1146,true,2025-09-09,false
onion,Pune,2025-09-09,7,967,1061,1227,false,2025-09-09,false
onion,Pune,2025-09-09,14,930,1142,1518,false,2025-09-09,false
onion,Pune,2025-09-09,21,937,1199,1669,false,2025-09-09,false
onion,Solapur,2025-09-09,0,1100,1100,1100,true,2025-09-08,false
onion,Solapur,2025-09-09,1,990,1100,1222,true,2025-09-08,false
onion,Solapur,2025-09-09,2,1027,1102,1190,false,2025-09-08,false
onion,Solapur,2025-09-09,3,1025,1103,1212,false,2025-09-08,false
onion,Solapur,2025-09-09,7,1022,1139,1339,false,2025-09-08,false
onion,Solapur,2025-09-09,14,990,1227,1656,false,2025-09-08,false
onion,Solapur,2025-09-09,21,1002,1279,1803,false,2025-09-08,false
soybean,Akola,2025-09-09,0,4370,4370,4370,true,2025-09-08,false
soybean,Akola,2025-09-09,1,4269,4350,4444,false,2025-09-08,false
soybean,Akola,2025-09-09,2,4217,4370,4523,true,2025-09-08,false
soybean,Akola,2025-09-09,3,4202,4370,4558,true,2025-09-08,false
soybean,Akola,2025-09-09,7,4156,4370,4620,true,2025-09-08,false
soybean,Akola,2025-09-09,14,4066,4370,4706,true,2025-09-08,false
soybean,Akola,2025-09-09,21,4029,4370,4807,true,2025-09-08,false
soybean,Amarawati,2025-09-09,0,4187,4187,4187,true,2025-09-09,false
soybean,Amarawati,2025-09-09,1,4106,4187,4268,true,2025-09-09,false
soybean,Amarawati,2025-09-09,2,4087,4187,4291,true,2025-09-09,false
soybean,Amarawati,2025-09-09,3,4066,4187,4301,true,2025-09-09,false
soybean,Amarawati,2025-09-09,7,4039,4187,4341,true,2025-09-09,false
soybean,Amarawati,2025-09-09,14,3983,4187,4366,true,2025-09-09,false
soybean,Amarawati,2025-09-09,21,3930,4187,4448,true,2025-09-09,false
soybean,Latur,2025-09-09,0,4400,4400,4400,true,2025-09-04,false
soybean,Latur,2025-09-09,1,4331,4400,4488,true,2025-09-04,false
soybean,Latur,2025-09-09,2,4308,4400,4507,true,2025-09-04,false
soybean,Latur,2025-09-09,3,4280,4400,4532,true,2025-09-04,false
soybean,Latur,2025-09-09,7,4218,4400,4599,true,2025-09-04,false
soybean,Latur,2025-09-09,14,4178,4400,4687,true,2025-09-04,false
soybean,Latur,2025-09-09,21,4136,4400,4851,true,2025-09-04,false
soybean,Nagpur,2025-09-09,0,4259,4259,4259,true,2025-09-09,false
soybean,Nagpur,2025-09-09,1,4150,4259,4385,true,2025-09-09,false
soybean,Nagpur,2025-09-09,2,4127,4259,4410,true,2025-09-09,false
soybean,Nagpur,2025-09-09,3,4126,4259,4422,true,2025-09-09,false
soybean,Nagpur,2025-09-09,7,4082,4259,4467,true,2025-09-09,false
soybean,Nagpur,2025-09-09,14,4044,4259,4545,true,2025-09-09,false
soybean,Nagpur,2025-09-09,21,3870,4253,4642,false,2025-09-09,false
soybean,Washim,2025-09-09,0,4200,4200,4200,true,2025-09-09,false
soybean,Washim,2025-09-09,1,4113,4204,4285,false,2025-09-09,false
soybean,Washim,2025-09-09,2,4084,4204,4317,false,2025-09-09,false
soybean,Washim,2025-09-09,3,4067,4204,4338,false,2025-09-09,false
soybean,Washim,2025-09-09,7,3966,4200,4480,true,2025-09-09,false
soybean,Washim,2025-09-09,14,3909,4220,4489,false,2025-09-09,false
soybean,Washim,2025-09-09,21,3836,4228,4564,false,2025-09-09,false
tomato,Junnar (Narayangaon),2025-09-09,0,1000,1000,1000,true,2025-09-08,true
tomato,Junnar (Narayangaon),2025-09-09,1,800,1000,1250,true,2025-09-08,true
tomato,Junnar (Narayangaon),2025-09-09,2,750,1000,1333,true,2025-09-08,true
tomato,Junnar (Narayangaon),2025-09-09,3,700,1000,1333,true,2025-09-08,true
tomato,Junnar (Narayangaon),2025-09-09,7,667,1000,1500,true,2025-09-08,true
tomato,Junnar (Narayangaon),2025-09-09,14,335,1030,2051,false,2025-09-08,true
tomato,Junnar (Narayangaon),2025-09-09,21,243,1017,2305,false,2025-09-08,true
tomato,Nasik,2025-09-09,0,1025,1025,1025,true,2025-09-09,false
tomato,Nasik,2025-09-09,1,820,1025,1230,true,2025-09-09,false
tomato,Nasik,2025-09-09,2,779,1025,1367,true,2025-09-09,false
tomato,Nasik,2025-09-09,3,745,1025,1409,true,2025-09-09,false
tomato,Nasik,2025-09-09,7,683,1025,1538,true,2025-09-09,false
tomato,Nasik,2025-09-09,14,595,1309,2065,false,2025-09-09,false
tomato,Nasik,2025-09-09,21,514,1319,2438,false,2025-09-09,false
tomato,Pimpalgaon,2025-09-09,0,1105,1105,1105,true,2025-09-09,true
tomato,Pimpalgaon,2025-09-09,1,872,1105,1381,true,2025-09-09,true
tomato,Pimpalgaon,2025-09-09,2,806,1105,1472,true,2025-09-09,true
tomato,Pimpalgaon,2025-09-09,3,768,1105,1555,true,2025-09-09,true
tomato,Pimpalgaon,2025-09-09,7,631,1186,1868,false,2025-09-09,true
tomato,Pimpalgaon,2025-09-09,14,522,1152,1951,false,2025-09-09,true
tomato,Pimpalgaon,2025-09-09,21,424,1130,2222,false,2025-09-09,true
tomato,Pune,2025-09-09,0,1500,1500,1500,true,2025-09-09,false
tomato,Pune,2025-09-09,1,1269,1500,1775,true,2025-09-09,false
tomato,Pune,2025-09-09,2,1214,1500,1833,true,2025-09-09,false
tomato,Pune,2025-09-09,3,1200,1500,1875,true,2025-09-09,false
tomato,Pune,2025-09-09,7,1101,1500,2029,true,2025-09-09,false
tomato,Pune,2025-09-09,14,960,1500,2367,true,2025-09-09,false
tomato,Pune,2025-09-09,21,859,1500,2727,true,2025-09-09,false
tomato,Pune (Pimpri),2025-09-09,0,1500,1500,1500,true,2025-09-09,false
tomato,Pune (Pimpri),2025-09-09,1,1241,1520,1835,false,2025-09-09,false
tomato,Pune (Pimpri),2025-09-09,2,1233,1521,1855,false,2025-09-09,false
tomato,Pune (Pimpri),2025-09-09,3,1187,1516,1914,false,2025-09-09,false
tomato,Pune (Pimpri),2025-09-09,7,1141,1500,2000,true,2025-09-09,false
tomato,Pune (Pimpri),2025-09-09,14,1000,1500,2274,true,2025-09-09,false
tomato,Pune (Pimpri),2025-09-09,21,900,1500,2700,true,2025-09-09,false
onion,Lasalgaon,2025-09-12,0,1275,1275,1275,true,2025-09-08,false
onion,Lasalgaon,2025-09-12,1,1171,1275,1393,true,2025-09-08,false
onion,Lasalgaon,2025-09-12,2,1137,1275,1432,true,2025-09-08,false
onion,Lasalgaon,2025-09-12,3,1220,1308,1522,false,2025-09-08,false
onion,Lasalgaon,2025-09-12,7,1219,1353,1755,false,2025-09-08,false
onion,Lasalgaon,2025-09-12,14,1175,1476,2181,false,2025-09-08,false
onion,Lasalgaon,2025-09-12,21,1188,1542,2539,false,2025-09-08,false
onion,Lasalgaon (Niphad),2025-09-12,0,1051,1051,1051,true,2025-09-12,true
onion,Lasalgaon (Niphad),2025-09-12,1,970,1051,1139,true,2025-09-12,true
onion,Lasalgaon (Niphad),2025-09-12,2,1036,1128,1228,false,2025-09-12,true
onion,Lasalgaon (Niphad),2025-09-12,3,1036,1129,1255,false,2025-09-12,true
onion,Lasalgaon (Niphad),2025-09-12,7,1033,1162,1443,false,2025-09-12,true
onion,Lasalgaon (Niphad),2025-09-12,14,984,1258,1786,false,2025-09-12,true
onion,Lasalgaon (Niphad),2025-09-12,21,996,1296,2039,false,2025-09-12,true
onion,Lasalgaon (Vinchur),2025-09-12,0,1150,1150,1150,true,2025-09-11,false
onion,Lasalgaon (Vinchur),2025-09-12,1,1079,1150,1232,true,2025-09-11,false
onion,Lasalgaon (Vinchur),2025-09-12,2,1062,1150,1283,true,2025-09-11,false
onion,Lasalgaon (Vinchur),2025-09-12,3,1120,1208,1328,false,2025-09-11,false
onion,Lasalgaon (Vinchur),2025-09-12,7,1118,1240,1539,false,2025-09-11,false
onion,Lasalgaon (Vinchur),2025-09-12,14,1071,1349,1905,false,2025-09-11,false
onion,Lasalgaon (Vinchur),2025-09-12,21,1082,1411,2163,false,2025-09-11,false
onion,Nasik,2025-09-12,0,1000,1000,1000,true,2025-09-11,false
onion,Nasik,2025-09-12,1,909,1000,1111,true,2025-09-11,false
onion,Nasik,2025-09-12,2,889,1000,1133,true,2025-09-11,false
onion,Nasik,2025-09-12,3,867,1000,1176,true,2025-09-11,false
onion,Nasik,2025-09-12,7,875,1057,1322,false,2025-09-11,false
onion,Nasik,2025-09-12,14,818,1000,1416,true,2025-09-11,false
onion,Nasik,2025-09-12,21,847,1180,1825,false,2025-09-11,false
onion,Pimpalgaon,2025-09-12,0,1200,1200,1200,true,2025-09-12,false
onion,Pimpalgaon,2025-09-12,1,1116,1200,1286,true,2025-09-12,false
onion,Pimpalgaon,2025-09-12,2,1087,1200,1329,true,2025-09-12,false
onion,Pimpalgaon,2025-09-12,3,1150,1220,1400,false,2025-09-12,false
onion,Pimpalgaon,2025-09-12,7,1148,1261,1621,false,2025-09-12,false
onion,Pimpalgaon,2025-09-12,14,1100,1376,2010,false,2025-09-12,false
onion,Pimpalgaon,2025-09-12,21,966,1200,1733,true,2025-09-12,false
onion,Pune,2025-09-12,0,950,950,950,true,2025-09-12,false
onion,Pune,2025-09-12,1,868,950,1036,true,2025-09-12,false
onion,Pune,2025-09-12,2,852,950,1069,true,2025-09-12,false
onion,Pune,2025-09-12,3,831,950,1088,true,2025-09-12,false
onion,Pune,2025-09-12,7,932,1010,1206,false,2025-09-12,false
onion,Pune,2025-09-12,14,883,1118,1498,false,2025-09-12,false
onion,Pune,2025-09-12,21,895,1172,1682,false,2025-09-12,false
onion,Solapur,2025-09-12,0,800,800,800,true,2025-09-12,true
onion,Solapur,2025-09-12,1,720,800,889,true,2025-09-12,true
onion,Solapur,2025-09-12,2,784,860,915,false,2025-09-12,true
onion,Solapur,2025-09-12,3,782,864,938,false,2025-09-12,true
onion,Solapur,2025-09-12,7,782,883,1050,false,2025-09-12,true
onion,Solapur,2025-09-12,14,742,968,1319,false,2025-09-12,true
onion,Solapur,2025-09-12,21,756,1005,1435,false,2025-09-12,true
soybean,Akola,2025-09-12,0,4355,4355,4355,true,2025-09-12,false
soybean,Akola,2025-09-12,1,4224,4332,4452,false,2025-09-12,false
soybean,Akola,2025-09-12,2,4203,4355,4507,true,2025-09-12,false
soybean,Akola,2025-09-12,3,4188,4355,4542,true,2025-09-12,false
soybean,Akola,2025-09-12,7,4142,4355,4604,true,2025-09-12,false
soybean,Akola,2025-09-12,14,4052,4355,4690,true,2025-09-12,false
soybean,Akola,2025-09-12,21,4015,4355,4791,true,2025-09-12,false
soybean,Amarawati,2025-09-12,0,3950,3950,3950,true,2025-09-12,false
soybean,Amarawati,2025-09-12,1,3873,3950,4026,true,2025-09-12,false
soybean,Amarawati,2025-09-12,2,3856,3950,4048,true,2025-09-12,false
soybean,Amarawati,2025-09-12,3,3836,3950,4057,true,2025-09-12,false
soybean,Amarawati,2025-09-12,7,3810,3950,4095,true,2025-09-12,false
soybean,Amarawati,2025-09-12,14,3757,3950,4119,true,2025-09-12,false
soybean,Amarawati,2025-09-12,21,3708,3950,4196,true,2025-09-12,false
soybean,Latur,2025-09-12,0,4400,4400,4400,true,2025-09-04,false
soybean,Latur,2025-09-12,1,4331,4400,4488,true,2025-09-04,false
soybean,Latur,2025-09-12,2,4308,4400,4507,true,2025-09-04,false
soybean,Latur,2025-09-12,3,4280,4400,4532,true,2025-09-04,false
soybean,Latur,2025-09-12,7,4218,4400,4599,true,2025-09-04,false
soybean,Latur,2025-09-12,14,4178,4400,4687,true,2025-09-04,false
soybean,Latur,2025-09-12,21,4136,4400,4851,true,2025-09-04,false
soybean,Nagpur,2025-09-12,0,4091,4091,4091,true,2025-09-12,false
soybean,Nagpur,2025-09-12,1,3986,4091,4212,true,2025-09-12,false
soybean,Nagpur,2025-09-12,2,3964,4091,4236,true,2025-09-12,false
soybean,Nagpur,2025-09-12,3,3963,4091,4248,true,2025-09-12,false
soybean,Nagpur,2025-09-12,7,3921,4091,4291,true,2025-09-12,false
soybean,Nagpur,2025-09-12,14,3885,4091,4366,true,2025-09-12,false
soybean,Nagpur,2025-09-12,21,3844,4091,4433,true,2025-09-12,false
soybean,Washim,2025-09-12,0,4000,4000,4000,true,2025-09-11,false
soybean,Washim,2025-09-12,1,3987,4097,4241,false,2025-09-11,false
soybean,Washim,2025-09-12,2,3981,4097,4255,false,2025-09-11,false
soybean,Washim,2025-09-12,3,3959,4097,4293,false,2025-09-11,false
soybean,Washim,2025-09-12,7,3777,4000,4267,true,2025-09-11,false
soybean,Washim,2025-09-12,14,3792,4125,4524,false,2025-09-11,false
soybean,Washim,2025-09-12,21,3718,4137,4588,false,2025-09-11,false
tomato,Junnar (Narayangaon),2025-09-12,0,750,750,750,true,2025-09-12,true
tomato,Junnar (Narayangaon),2025-09-12,1,600,750,938,true,2025-09-12,true
tomato,Junnar (Narayangaon),2025-09-12,2,563,750,1000,true,2025-09-12,true
tomato,Junnar (Narayangaon),2025-09-12,3,525,750,1000,true,2025-09-12,true
tomato,Junnar (Narayangaon),2025-09-12,7,500,750,1125,true,2025-09-12,true
tomato,Junnar (Narayangaon),2025-09-12,14,299,737,1513,false,2025-09-12,true
tomato,Junnar (Narayangaon),2025-09-12,21,161,736,1818,false,2025-09-12,true
tomato,Nasik,2025-09-12,0,550,550,550,true,2025-09-12,true
tomato,Nasik,2025-09-12,1,440,550,660,true,2025-09-12,true
tomato,Nasik,2025-09-12,2,418,550,733,true,2025-09-12,true
tomato,Nasik,2025-09-12,3,400,550,756,true,2025-09-12,true
tomato,Nasik,2025-09-12,7,367,550,825,true,2025-09-12,true
tomato,Nasik,2025-09-12,14,309,620,1212,false,2025-09-12,true
tomato,Nasik,2025-09-12,21,165,614,1505,false,2025-09-12,true
tomato,Pimpalgaon,2025-09-12,0,1105,1105,1105,true,2025-09-12,false
tomato,Pimpalgaon,2025-09-12,1,872,1105,1381,true,2025-09-12,false
tomato,Pimpalgaon,2025-09-12,2,806,1105,1472,true,2025-09-12,false
tomato,Pimpalgaon,2025-09-12,3,768,1105,1555,true,2025-09-12,false
tomato,Pimpalgaon,2025-09-12,7,544,1147,1809,false,2025-09-12,false
tomato,Pimpalgaon,2025-09-12,14,453,1097,2061,false,2025-09-12,false
tomato,Pimpalgaon,2025-09-12,21,303,1085,2415,false,2025-09-12,false
tomato,Pune,2025-09-12,0,1100,1100,1100,true,2025-09-12,true
tomato,Pune,2025-09-12,1,931,1100,1301,true,2025-09-12,true
tomato,Pune,2025-09-12,2,890,1100,1344,true,2025-09-12,true
tomato,Pune,2025-09-12,3,880,1100,1375,true,2025-09-12,true
tomato,Pune,2025-09-12,7,807,1100,1488,true,2025-09-12,true
tomato,Pune,2025-09-12,14,779,1216,2305,false,2025-09-12,true
tomato,Pune,2025-09-12,21,632,1215,2653,false,2025-09-12,true
tomato,Pune (Pimpri),2025-09-12,0,1350,1350,1350,true,2025-09-12,false
tomato,Pune (Pimpri),2025-09-12,1,1134,1373,1658,false,2025-09-12,false
tomato,Pune (Pimpri),2025-09-12,2,1123,1373,1682,false,2025-09-12,false
tomato,Pune (Pimpri),2025-09-12,3,1086,1368,1735,false,2025-09-12,false
tomato,Pune (Pimpri),2025-09-12,7,1027,1350,1800,true,2025-09-12,false
tomato,Pune (Pimpri),2025-09-12,14,900,1350,2046,true,2025-09-12,false
tomato,Pune (Pimpri),2025-09-12,21,810,1350,2430,true,2025-09-12,false
onion,Lasalgaon,2025-09-15,0,1270,1270,1270,true,2025-09-15,false
onion,Lasalgaon,2025-09-15,1,1166,1270,1388,true,2025-09-15,false
onion,Lasalgaon,2025-09-15,2,1132,1270,1427,true,2025-09-15,false
onion,Lasalgaon,2025-09-15,3,1209,1301,1494,false,2025-09-15,false
onion,Lasalgaon,2025-09-15,7,1213,1390,1791,false,2025-09-15,false
onion,Lasalgaon,2025-09-15,14,1161,1542,2245,false,2025-09-15,false
onion,Lasalgaon,2025-09-15,21,1166,1606,2599,false,2025-09-15,false
onion,Lasalgaon (Niphad),2025-09-15,0,1051,1051,1051,true,2025-09-12,true
onion,Lasalgaon (Niphad),2025-09-15,1,970,1051,1139,true,2025-09-12,true
onion,Lasalgaon (Niphad),2025-09-15,2,942,1051,1174,true,2025-09-12,true
onion,Lasalgaon (Niphad),2025-09-15,3,1032,1120,1232,false,2025-09-12,true
onion,Lasalgaon (Niphad),2025-09-15,7,1037,1168,1475,false,2025-09-12,true
onion,Lasalgaon (Niphad),2025-09-15,14,982,1306,1840,false,2025-09-12,true
onion,Lasalgaon (Niphad),2025-09-15,21,987,1365,2074,false,2025-09-12,true
onion,Lasalgaon (Vinchur),2025-09-15,0,1100,1100,1100,true,2025-09-15,false
onion,Lasalgaon (Vinchur),2025-09-15,1,1032,1100,1179,true,2025-09-15,false
onion,Lasalgaon (Vinchur),2025-09-15,2,1015,1100,1227,true,2025-09-15,false
onion,Lasalgaon (Vinchur),2025-09-15,3,996,1100,1263,true,2025-09-15,false
onion,Lasalgaon (Vinchur),2025-09-15,7,1086,1216,1538,false,2025-09-15,false
onion,Lasalgaon (Vinchur),2025-09-15,14,1030,1360,1918,false,2025-09-15,false
onion,Lasalgaon (Vinchur),2025-09-15,21,1035,1419,2195,false,2025-09-15,false
onion,Nasik,2025-09-15,0,1000,1000,1000,true,2025-09-15,false
onion,Nasik,2025-09-15,1,909,1000,1111,true,2025-09-15,false
onion,Nasik,2025-09-15,2,889,1000,1133,true,2025-09-15,false
onion,Nasik,2025-09-15,3,867,1000,1176,true,2025-09-15,false
onion,Nasik,2025-09-15,7,950,1084,1346,false,2025-09-15,false
onion,Nasik,2025-09-15,14,818,1000,1416,true,2025-09-15,false
onion,Nasik,2025-09-15,21,911,1273,1909,false,2025-09-15,false
onion,Pimpalgaon,2025-09-15,0,1175,1175,1175,true,2025-09-15,false
onion,Pimpalgaon,2025-09-15,1,1093,1175,1259,true,2025-09-15,false
onion,Pimpalgaon,2025-09-15,2,1065,1175,1302,true,2025-09-15,false
onion,Pimpalgaon,2025-09-15,3,1035,1175,1343,true,2025-09-15,false
onion,Pimpalgaon,2025-09-15,7,1153,1276,1656,false,2025-09-15,false
onion,Pimpalgaon,2025-09-15,14,1099,1420,2058,false,2025-09-15,false
onion,Pimpalgaon,2025-09-15,21,1105,1496,2365,false,2025-09-15,false
onion,Pune,2025-09-15,0,950,950,950,true,2025-09-15,true
onion,Pune,2025-09-15,1,868,950,1036,true,2025-09-15,true
onion,Pune,2025-09-15,2,852,950,1069,true,2025-09-15,true
onion,Pune,2025-09-15,3,831,950,1088,true,2025-09-15,true
onion,Pune,2025-09-15,7,777,950,1142,true,2025-09-15,true
onion,Pune,2025-09-15,14,830,1091,1531,false,2025-09-15,true
onion,Pune,2025-09-15,21,830,1101,1572,false,2025-09-15,true
onion,Solapur,2025-09-15,0,900,900,900,true,2025-09-13,false
onion,Solapur,2025-09-15,1,810,900,1000,true,2025-09-13,false
onion,Solapur,2025-09-15,2,835,929,1030,false,2025-09-13,false
onion,Solapur,2025-09-15,3,832,933,1047,false,2025-09-13,false
onion,Solapur,2025-09-15,7,847,976,1214,false,2025-09-13,false
onion,Solapur,2025-09-15,14,799,1098,1511,false,2025-09-13,false
onion,Solapur,2025-09-15,21,806,1144,1651,false,2025-09-13,false
soybean,Akola,2025-09-15,0,4185,4185,4185,true,2025-09-15,false
soybean,Akola,2025-09-15,1,4128,4239,4347,false,2025-09-15,false
soybean,Akola,2025-09-15,2,4039,4185,4331,true,2025-09-15,false
soybean,Akola,2025-09-15,3,4024,4185,4365,true,2025-09-15,false
soybean,Akola,2025-09-15,7,3980,4185,4424,true,2025-09-15,false
soybean,Akola,2025-09-15,14,3893,4185,4507,true,2025-09-15,false
soybean,Akola,2025-09-15,21,3858,4185,4604,true,2025-09-15,false
soybean,Amarawati,2025-09-15,0,4127,4127,4127,true,2025-09-15,false
soybean,Amarawati,2025-09-15,1,4047,4127,4206,true,2025-09-15,false
soybean,Amarawati,2025-09-15,2,4029,4127,4230,true,2025-09-15,false
soybean,Amarawati,2025-09-15,3,4007,4127,4239,true,2025-09-15,false
soybean,Amarawati,2025-09-15,7,3981,4127,4279,true,2025-09-15,false
soybean,Amarawati,2025-09-15,14,3925,4127,4304,true,2025-09-15,false
soybean,Amarawati,2025-09-15,21,3874,4127,4385,true,2025-09-15,false
soybean,Latur,2025-09-15,0,4300,4300,4300,true,2025-09-13,false
soybean,Latur,2025-09-15,1,4232,4300,4386,true,2025-09-13,false
soybean,Latur,2025-09-15,2,4210,4300,4405,true,2025-09-13,false
soybean,Latur,2025-09-15,3,4183,4300,4429,true,2025-09-13,false
soybean,Latur,2025-09-15,7,4122,4300,4495,true,2025-09-13,false
soybean,Latur,2025-09-15,14,4083,4300,4580,true,2025-09-13,false
soybean,Latur,2025-09-15,21,4042,4300,4741,true,2025-09-13,false
soybean,Nagpur,2025-09-15,0,4091,4091,4091,true,2025-09-12,false
soybean,Nagpur,2025-09-15,1,3986,4091,4212,true,2025-09-12,false
soybean,Nagpur,2025-09-15,2,3964,4091,4236,true,2025-09-12,false
soybean,Nagpur,2025-09-15,3,3963,4091,4248,true,2025-09-12,false
soybean,Nagpur,2025-09-15,7,3921,4091,4291,true,2025-09-12,false
soybean,Nagpur,2025-09-15,14,3885,4091,4366,true,2025-09-12,false
soybean,Nagpur,2025-09-15,21,3844,4091,4433,true,2025-09-12,false
soybean,Washim,2025-09-15,0,4000,4000,4000,true,2025-09-15,false
soybean,Washim,2025-09-15,1,3968,4092,4283,false,2025-09-15,false
soybean,Washim,2025-09-15,2,3962,4092,4296,false,2025-09-15,false
soybean,Washim,2025-09-15,3,3939,4091,4335,false,2025-09-15,false
soybean,Washim,2025-09-15,7,3777,4000,4267,true,2025-09-15,false
soybean,Washim,2025-09-15,14,3692,4000,4348,true,2025-09-15,false
soybean,Washim,2025-09-15,21,3701,4149,4692,false,2025-09-15,false
tomato,Junnar (Narayangaon),2025-09-15,0,1000,1000,1000,true,2025-09-15,false
tomato,Junnar (Narayangaon),2025-09-15,1,800,1000,1250,true,2025-09-15,false
tomato,Junnar (Narayangaon),2025-09-15,2,750,1000,1333,true,2025-09-15,false
tomato,Junnar (Narayangaon),2025-09-15,3,789,1029,1226,false,2025-09-15,false
tomato,Junnar (Narayangaon),2025-09-15,7,617,1087,1570,false,2025-09-15,false
tomato,Junnar (Narayangaon),2025-09-15,14,574,1187,1967,false,2025-09-15,false
tomato,Junnar (Narayangaon),2025-09-15,21,429,1187,2394,false,2025-09-15,false
tomato,Nasik,2025-09-15,0,550,550,550,true,2025-09-15,true
tomato,Nasik,2025-09-15,1,440,550,660,true,2025-09-15,true
tomato,Nasik,2025-09-15,2,418,550,733,true,2025-09-15,true
tomato,Nasik,2025-09-15,3,400,550,756,true,2025-09-15,true
tomato,Nasik,2025-09-15,7,367,550,825,true,2025-09-15,true
tomato,Nasik,2025-09-15,14,337,645,1238,false,2025-09-15,true
tomato,Nasik,2025-09-15,21,185,645,1511,false,2025-09-15,true
tomato,Pimpalgaon,2025-09-15,0,775,775,775,true,2025-09-15,true
tomato,Pimpalgaon,2025-09-15,1,612,775,969,true,2025-09-15,true
tomato,Pimpalgaon,2025-09-15,2,565,775,1033,true,2025-09-15,true
tomato,Pimpalgaon,2025-09-15,3,539,775,1090,true,2025-09-15,true
tomato,Pimpalgaon,2025-09-15,7,429,815,1472,false,2025-09-15,true
tomato,Pimpalgaon,2025-09-15,14,341,799,1702,false,2025-09-15,true
tomato,Pimpalgaon,2025-09-15,21,187,794,1995,false,2025-09-15,true
tomato,Pune,2025-09-15,0,1000,1000,1000,true,2025-09-15,true
tomato,Pune,2025-09-15,1,846,1000,1183,true,2025-09-15,true
tomato,Pune,2025-09-15,2,810,1000,1222,true,2025-09-15,true
tomato,Pune,2025-09-15,3,800,1000,1250,true,2025-09-15,true
tomato,Pune,2025-09-15,7,734,1000,1352,true,2025-09-15,true
tomato,Pune,2025-09-15,14,678,1229,2192,false,2025-09-15,true
tomato,Pune,2025-09-15,21,516,1229,2575,false,2025-09-15,true
tomato,Pune (Pimpri),2025-09-15,0,1300,1300,1300,true,2025-09-15,false
tomato,Pune (Pimpri),2025-09-15,1,1191,1406,1702,false,2025-09-15,false
tomato,Pune (Pimpri),2025-09-15,2,1180,1407,1739,false,2025-09-15,false
tomato,Pune (Pimpri),2025-09-15,3,1162,1424,1807,false,2025-09-15,false
tomato,Pune (Pimpri),2025-09-15,7,989,1300,1733,true,2025-09-15,false
tomato,Pune (Pimpri),2025-09-15,14,812,1466,2514,false,2025-09-15,false
tomato,Pune (Pimpri),2025-09-15,21,648,1460,2878,false,2025-09-15,false
onion,Lasalgaon,2025-09-18,0,1175,1175,1175,true,2025-09-18,false
onion,Lasalgaon,2025-09-18,1,1079,1175,1284,true,2025-09-18,false
onion,Lasalgaon,2025-09-18,2,1048,1175,1320,true,2025-09-18,false
onion,Lasalgaon,2025-09-18,3,1149,1252,1483,false,2025-09-18,false
onion,Lasalgaon,2025-09-18,7,1133,1316,1788,false,2025-09-18,false
onion,Lasalgaon,2025-09-18,14,1099,1515,2256,false,2025-09-18,false
onion,Lasalgaon,2025-09-18,21,1098,1611,2580,false,2025-09-18,false
onion,Lasalgaon (Niphad),2025-09-18,0,1150,1150,1150,true,2025-09-18,false
onion,Lasalgaon (Niphad),2025-09-18,1,1062,1150,1246,true,2025-09-18,false
onion,Lasalgaon (Niphad),2025-09-18,2,1124,1182,1389,false,2025-09-18,false
onion,Lasalgaon (Niphad),2025-09-18,3,1122,1202,1444,false,2025-09-18,false
onion,Lasalgaon (Niphad),2025-09-18,7,1107,1271,1743,false,2025-09-18,false
onion,Lasalgaon (Niphad),2025-09-18,14,1075,1450,2202,false,2025-09-18,false
onion,Lasalgaon (Niphad),2025-09-18,21,1074,1551,2482,false,2025-09-18,false
onion,Lasalgaon (Vinchur),2025-09-18,0,1200,1200,1200,true,2025-09-17,false
onion,Lasalgaon (Vinchur),2025-09-18,1,1126,1200,1286,true,2025-09-17,false
onion,Lasalgaon (Vinchur),2025-09-18,2,1108,1200,1339,true,2025-09-17,false
onion,Lasalgaon (Vinchur),2025-09-18,3,1151,1247,1475,false,2025-09-17,false
onion,Lasalgaon (Vinchur),2025-09-18,7,1132,1332,1791,false,2025-09-17,false
onion,Lasalgaon (Vinchur),2025-09-18,14,1100,1514,2247,false,2025-09-17,false
onion,Lasalgaon (Vinchur),2025-09-18,21,1099,1608,2531,false,2025-09-17,false
onion,Nasik,2025-09-18,0,850,850,850,true,2025-09-18,true
onion,Nasik,2025-09-18,1,773,850,944,true,2025-09-18,true
onion,Nasik,2025-09-18,2,756,850,963,true,2025-09-18,true
onion,Nasik,2025-09-18,3,737,850,1000,true,2025-09-18,true
onion,Nasik,2025-09-18,7,813,966,1312,false,2025-09-18,true
onion,Nasik,2025-09-18,14,792,1124,1625,false,2025-09-18,true
onion,Nasik,2025-09-18,21,793,1184,1780,false,2025-09-18,true
onion,Pimpalgaon,2025-09-18,0,1200,1200,1200,true,2025-09-18,false
onion,Pimpalgaon,2025-09-18,1,1116,1200,1286,true,2025-09-18,false
onion,Pimpalgaon,2025-09-18,2,1087,1200,1329,true,2025-09-18,false
onion,Pimpalgaon,2025-09-18,3,1057,1200,1371,true,2025-09-18,false
onion,Pimpalgaon,2025-09-18,7,1148,1323,1781,false,2025-09-18,false
onion,Pimpalgaon,2025-09-18,14,1116,1507,2229,false,2025-09-18,false
onion,Pimpalgaon,2025-09-18,21,1115,1605,2503,false,2025-09-18,false
onion,Pune,2025-09-18,0,1000,1000,1000,true,2025-09-18,true
onion,Pune,2025-09-18,1,914,1000,1091,true,2025-09-18,true
onion,Pune,2025-09-18,2,897,1000,1125,true,2025-09-18,true
onion,Pune,2025-09-18,3,875,1000,1146,true,2025-09-18,true
onion,Pune,2025-09-18,7,818,1000,1202,true,2025-09-18,true
onion,Pune,2025-09-18,14,750,1000,1284,true,2025-09-18,true
onion,Pune,2025-09-18,21,889,1250,1870,false,2025-09-18,true
onion,Solapur,2025-09-18,0,1100,1100,1100,true,2025-09-17,false
onion,Solapur,2025-09-18,1,990,1100,1222,true,2025-09-17,false
onion,Solapur,2025-09-18,2,986,1114,1252,false,2025-09-17,false
onion,Solapur,2025-09-18,3,982,1125,1285,false,2025-09-17,false
onion,Solapur,2025-09-18,7,972,1189,1520,false,2025-09-17,false
onion,Solapur,2025-09-18,14,945,1349,1925,false,2025-09-17,false
onion,Solapur,2025-09-18,21,946,1436,2099,false,2025-09-17,false
soybean,Akola,2025-09-18,0,4200,4200,4200,true,2025-09-18,false
soybean,Akola,2025-09-18,1,4101,4218,4312,false,2025-09-18,false
soybean,Akola,2025-09-18,2,4053,4200,4347,true,2025-09-18,false
soybean,Akola,2025-09-18,3,4039,4200,4380,true,2025-09-18,false
soybean,Akola,2025-09-18,7,3995,4200,4440,true,2025-09-18,false
soybean,Akola,2025-09-18,14,3907,4200,4523,true,2025-09-18,false
soybean,Akola,2025-09-18,21,3872,4200,4620,true,2025-09-18,false
soybean,Amarawati,2025-09-18,0,4135,4135,4135,true,2025-09-18,false
soybean,Amarawati,2025-09-18,1,4055,4135,4215,true,2025-09-18,false
soybean,Amarawati,2025-09-18,2,4037,4135,4238,true,2025-09-18,false
soybean,Amarawati,2025-09-18,3,4015,4135,4247,true,2025-09-18,false
soybean,Amarawati,2025-09-18,7,3989,4135,4287,true,2025-09-18,false
soybean,Amarawati,2025-09-18,14,3933,4135,4312,true,2025-09-18,false
soybean,Amarawati,2025-09-18,21,3882,4135,4393,true,2025-09-18,false
soybean,Latur,2025-09-18,0,4250,4250,4250,true,2025-09-18,false
soybean,Latur,2025-09-18,1,4183,4250,4335,true,2025-09-18,false
soybean,Latur,2025-09-18,2,4161,4250,4354,true,2025-09-18,false
soybean,Latur,2025-09-18,3,4134,4250,4378,true,2025-09-18,false
soybean,Latur,2025-09-18,7,4074,4250,4443,true,2025-09-18,false
soybean,Latur,2025-09-18,14,4035,4250,4527,true,2025-09-18,false
soybean,Latur,2025-09-18,21,3995,4250,4686,true,2025-09-18,false
soybean,Nagpur,2025-09-18,0,4250,4250,4250,true,2025-09-18,false
soybean,Nagpur,2025-09-18,1,4141,4250,4376,true,2025-09-18,false
soybean,Nagpur,2025-09-18,2,4118,4250,4401,true,2025-09-18,false
soybean,Nagpur,2025-09-18,3,4117,4250,4413,true,2025-09-18,false
soybean,Nagpur,2025-09-18,7,4073,4250,4458,true,2025-09-18,false
soybean,Nagpur,2025-09-18,14,4036,4250,4536,true,2025-09-18,false
soybean,Nagpur,2025-09-18,21,3993,4250,4605,true,2025-09-18,false
soybean,Washim,2025-09-18,0,4150,4150,4150,true,2025-09-17,false
soybean,Washim,2025-09-18,1,3969,4150,4343,true,2025-09-17,false
soybean,Washim,2025-09-18,2,3970,4150,4336,true,2025-09-17,false
soybean,Washim,2025-09-18,3,3961,4150,4351,true,2025-09-17,false
soybean,Washim,2025-09-18,7,3919,4150,4427,true,2025-09-17,false
soybean,Washim,2025-09-18,14,3831,4150,4511,true,2025-09-17,false
soybean,Washim,2025-09-18,21,3777,4150,4611,true,2025-09-17,false
tomato,Junnar (Narayangaon),2025-09-18,0,750,750,750,true,2025-09-18,true
tomato,Junnar (Narayangaon),2025-09-18,1,600,750,938,true,2025-09-18,true
tomato,Junnar (Narayangaon),2025-09-18,2,563,750,1000,true,2025-09-18,true
tomato,Junnar (Narayangaon),2025-09-18,3,675,841,1049,false,2025-09-18,true
tomato,Junnar (Narayangaon),2025-09-18,7,525,864,1320,false,2025-09-18,true
tomato,Junnar (Narayangaon),2025-09-18,14,478,877,1632,false,2025-09-18,true
tomato,Junnar (Narayangaon),2025-09-18,21,327,874,2014,false,2025-09-18,true
tomato,Nasik,2025-09-18,0,500,500,500,true,2025-09-18,true
tomato,Nasik,2025-09-18,1,400,500,600,true,2025-09-18,true
tomato,Nasik,2025-09-18,2,380,500,667,true,2025-09-18,true
tomato,Nasik,2025-09-18,3,364,500,688,true,2025-09-18,true
tomato,Nasik,2025-09-18,7,333,500,750,true,2025-09-18,true
tomato,Nasik,2025-09-18,14,288,646,1023,false,2025-09-18,true
tomato,Nasik,2025-09-18,21,156,683,1334,false,2025-09-18,true
tomato,Pimpalgaon,2025-09-18,0,575,575,575,true,2025-09-18,true
tomato,Pimpalgaon,2025-09-18,1,454,575,719,true,2025-09-18,true
tomato,Pimpalgaon,2025-09-18,2,419,575,766,true,2025-09-18,true
tomato,Pimpalgaon,2025-09-18,3,400,575,809,true,2025-09-18,true
tomato,Pimpalgaon,2025-09-18,7,392,740,1206,false,2025-09-18,true
tomato,Pimpalgaon,2025-09-18,14,356,757,1420,false,2025-09-18,true
tomato,Pimpalgaon,2025-09-18,21,205,757,1736,false,2025-09-18,true
tomato,Pune,2025-09-18,0,1000,1000,1000,true,2025-09-18,false
tomato,Pune,2025-09-18,1,846,1000,1183,true,2025-09-18,false
tomato,Pune,2025-09-18,2,810,1000,1222,true,2025-09-18,false
tomato,Pune,2025-09-18,3,800,1000,1250,true,2025-09-18,false
tomato,Pune,2025-09-18,7,734,1000,1352,true,2025-09-18,false
tomato,Pune,2025-09-18,14,733,1219,2021,false,2025-09-18,false
tomato,Pune,2025-09-18,21,577,1218,2397,false,2025-09-18,false
tomato,Pune (Pimpri),2025-09-18,0,1400,1400,1400,true,2025-09-18,false
tomato,Pune (Pimpri),2025-09-18,1,1240,1474,1738,false,2025-09-18,false
tomato,Pune (Pimpri),2025-09-18,2,1230,1474,1777,false,2025-09-18,false
tomato,Pune (Pimpri),2025-09-18,3,1228,1492,1851,false,2025-09-18,false
tomato,Pune (Pimpri),2025-09-18,7,1065,1400,1867,true,2025-09-18,false
tomato,Pune (Pimpri),2025-09-18,14,979,1563,2721,false,2025-09-18,false
tomato,Pune (Pimpri),2025-09-18,21,801,1557,3189,false,2025-09-18,false
onion,Lasalgaon,2025-09-21,0,1100,1100,1100,true,2025-09-20,false
onion,Lasalgaon,2025-09-21,1,1010,1100,1202,true,2025-09-20,false
onion,Lasalgaon,2025-09-21,2,981,1100,1236,true,2025-09-20,false
onion,Lasalgaon,2025-09-21,3,963,1100,1266,true,2025-09-20,false
onion,Lasalgaon,2025-09-21,7,1076,1280,1697,false,2025-09-20,false
onion,Lasalgaon,2025-09-21,14,1035,1480,2137,false,2025-09-20,false
onion,Lasalgaon,2025-09-21,21,1025,1580,2366,false,2025-09-20,false
onion,Lasalgaon (Niphad),2025-09-21,0,1075,1075,1075,true,2025-09-20,false
onion,Lasalgaon (Niphad),2025-09-21,1,992,1075,1165,true,2025-09-20,false
onion,Lasalgaon (Niphad),2025-09-21,2,963,1075,1201,true,2025-09-20,false
onion,Lasalgaon (Niphad),2025-09-21,3,1082,1176,1352,false,2025-09-20,false
onion,Lasalgaon (Niphad),2025-09-21,7,1059,1233,1640,false,2025-09-20,false
onion,Lasalgaon (Niphad),2025-09-21,14,837,1075,1591,true,2025-09-20,false
onion,Lasalgaon (Niphad),2025-09-21,21,1007,1515,2306,false,2025-09-20,false
onion,Lasalgaon (Vinchur),2025-09-21,0,1080,1080,1080,true,2025-09-20,false
onion,Lasalgaon (Vinchur),2025-09-21,1,1013,1080,1157,true,2025-09-20,false
onion,Lasalgaon (Vinchur),2025-09-21,2,997,1080,1205,true,2025-09-20,false
onion,Lasalgaon (Vinchur),2025-09-21,3,978,1080,1240,true,2025-09-20,false
onion,Lasalgaon (Vinchur),2025-09-21,7,1067,1239,1602,false,2025-09-20,false
onion,Lasalgaon (Vinchur),2025-09-21,14,1025,1435,2017,false,2025-09-20,false
onion,Lasalgaon (Vinchur),2025-09-21,21,1015,1531,2239,false,2025-09-20,false
onion,Nasik,2025-09-21,0,825,825,825,true,2025-09-20,true
onion,Nasik,2025-09-21,1,750,825,917,true,2025-09-20,true
onion,Nasik,2025-09-21,2,733,825,935,true,2025-09-20,true
onion,Nasik,2025-09-21,3,715,825,971,true,2025-09-20,true
onion,Nasik,2025-09-21,7,799,993,1276,false,2025-09-20,true
onion,Nasik,2025-09-21,14,770,1160,1593,false,2025-09-20,true
onion,Nasik,2025-09-21,21,762,1222,1735,false,2025-09-20,true
onion,Pimpalgaon,2025-09-21,0,1150,1150,1150,true,2025-09-20,false
onion,Pimpalgaon,2025-09-21,1,1070,1150,1232,true,2025-09-20,false
onion,Pimpalgaon,2025-09-21,2,1042,1150,1274,true,2025-09-20,false
onion,Pimpalgaon,2025-09-21,3,1013,1150,1314,true,2025-09-20,false
onion,Pimpalgaon,2025-09-21,7,1140,1314,1701,false,2025-09-20,false
onion,Pimpalgaon,2025-09-21,14,1099,1512,2144,false,2025-09-20,false
onion,Pimpalgaon,2025-09-21,21,925,1150,1661,true,2025-09-20,false
onion,Pune,2025-09-21,0,900,900,900,true,2025-09-21,true
onion,Pune,2025-09-21,1,823,900,982,true,2025-09-21,true
onion,Pune,2025-09-21,2,807,900,1013,true,2025-09-21,true
onion,Pune,2025-09-21,3,788,900,1031,true,2025-09-21,true
onion,Pune,2025-09-21,7,869,1031,1345,false,2025-09-21,true
onion,Pune,2025-09-21,14,675,900,1156,true,2025-09-21,true
onion,Pune,2025-09-21,21,618,900,1223,true,2025-09-21,true
onion,Solapur,2025-09-21,0,1100,1100,1100,true,2025-09-20,false
onion,Solapur,2025-09-21,1,990,1100,1222,true,2025-09-20,false
onion,Solapur,2025-09-21,2,1049,1136,1263,false,2025-09-20,false
onion,Solapur,2025-09-21,3,1048,1160,1301,false,2025-09-20,false
onion,Solapur,2025-09-21,7,1028,1244,1542,false,2025-09-20,false
onion,Solapur,2025-09-21,14,993,1423,1958,false,2025-09-20,false
onion,Solapur,2025-09-21,21,984,1509,2157,false,2025-09-20,false
soybean,Akola,2025-09-21,0,4185,4185,4185,true,2025-09-20,false
soybean,Akola,2025-09-21,1,4053,4149,4273,false,2025-09-20,false
soybean,Akola,2025-09-21,2,4039,4185,4331,true,2025-09-20,false
soybean,Akola,2025-09-21,3,4024,4185,4365,true,2025-09-20,false
soybean,Akola,2025-09-21,7,3980,4185,4424,true,2025-09-20,false
soybean,Akola,2025-09-21,14,3893,4185,4507,true,2025-09-20,false
soybean,Akola,2025-09-21,21,3858,4185,4604,true,2025-09-20,false
soybean,Amarawati,2025-09-21,0,4128,4128,4128,true,2025-09-20,false
soybean,Amarawati,2025-09-21,1,4048,4128,4207,true,2025-09-20,false
soybean,Amarawati,2025-09-21,2,4030,4128,4231,true,2025-09-20,false
soybean,Amarawati,2025-09-21,3,4008,4128,4240,true,2025-09-20,false
soybean,Amarawati,2025-09-21,7,3982,4128,4280,true,2025-09-20,false
soybean,Amarawati,2025-09-21,14,3926,4128,4305,true,2025-09-20,false
soybean,Amarawati,2025-09-21,21,3875,4128,4386,true,2025-09-20,false
soybean,Latur,2025-09-21,0,4250,4250,4250,true,2025-09-20,false
soybean,Latur,2025-09-21,1,4183,4250,4335,true,2025-09-20,false
soybean,Latur,2025-09-21,2,4161,4250,4354,true,2025-09-20,false
soybean,Latur,2025-09-21,3,4134,4250,4378,true,2025-09-20,false
soybean,Latur,2025-09-21,7,4074,4250,4443,true,2025-09-20,false
soybean,Latur,2025-09-21,14,4035,4250,4527,true,2025-09-20,false
soybean,Latur,2025-09-21,21,3995,4250,4686,true,2025-09-20,false
soybean,Nagpur,2025-09-21,0,4050,4050,4050,true,2025-09-19,false
soybean,Nagpur,2025-09-21,1,3946,4050,4170,true,2025-09-19,false
soybean,Nagpur,2025-09-21,2,3924,4050,4194,true,2025-09-19,false
soybean,Nagpur,2025-09-21,3,3923,4050,4205,true,2025-09-19,false
soybean,Nagpur,2025-09-21,7,3881,4050,4248,true,2025-09-19,false
soybean,Nagpur,2025-09-21,14,3846,4050,4322,true,2025-09-19,false
soybean,Nagpur,2025-09-21,21,3805,4050,4389,true,2025-09-19,false
soybean,Washim,2025-09-21,0,4150,4150,4150,true,2025-09-17,false
soybean,Washim,2025-09-21,1,3969,4150,4343,true,2025-09-17,false
soybean,Washim,2025-09-21,2,3970,4150,4336,true,2025-09-17,false
soybean,Washim,2025-09-21,3,3961,4150,4351,true,2025-09-17,false
soybean,Washim,2025-09-21,7,3919,4150,4427,true,2025-09-17,false
soybean,Washim,2025-09-21,14,3831,4150,4511,true,2025-09-17,false
soybean,Washim,2025-09-21,21,3753,4180,4568,false,2025-09-17,false
tomato,Junnar (Narayangaon),2025-09-21,0,1500,1500,1500,true,2025-09-21,false
tomato,Junnar (Narayangaon),2025-09-21,1,1200,1500,1875,true,2025-09-21,false
tomato,Junnar (Narayangaon),2025-09-21,2,1125,1500,2000,true,2025-09-21,false
tomato,Junnar (Narayangaon),2025-09-21,3,1032,1502,1690,false,2025-09-21,false
tomato,Junnar (Narayangaon),2025-09-21,7,916,1561,2055,false,2025-09-21,false
tomato,Junnar (Narayangaon),2025-09-21,14,898,1738,2636,false,2025-09-21,false
tomato,Junnar (Narayangaon),2025-09-21,21,752,1754,3132,false,2025-09-21,false
tomato,Nasik,2025-09-21,0,1000,1000,1000,true,2025-09-21,false
tomato,Nasik,2025-09-21,1,800,1000,1200,true,2025-09-21,false
tomato,Nasik,2025-09-21,2,760,1000,1333,true,2025-09-21,false
tomato,Nasik,2025-09-21,3,727,1000,1375,true,2025-09-21,false
tomato,Nasik,2025-09-21,7,667,1000,1500,true,2025-09-21,false
tomato,Nasik,2025-09-21,14,514,1200,1875,false,2025-09-21,false
tomato,Nasik,2025-09-21,21,387,1207,2266,false,2025-09-21,false
tomato,Pimpalgaon,2025-09-21,0,1955,1955,1955,true,2025-09-21,false
tomato,Pimpalgaon,2025-09-21,1,1543,1955,2444,true,2025-09-21,false
tomato,Pimpalgaon,2025-09-21,2,1425,1955,2605,true,2025-09-21,false
tomato,Pimpalgaon,2025-09-21,3,1359,1955,2751,true,2025-09-21,false
tomato,Pimpalgaon,2025-09-21,7,870,1693,2318,false,2025-09-21,false
tomato,Pimpalgaon,2025-09-21,14,887,1940,3043,false,2025-09-21,false
tomato,Pimpalgaon,2025-09-21,21,723,1961,3627,false,2025-09-21,false
tomato,Pune,2025-09-21,0,950,950,950,true,2025-09-21,false
tomato,Pune,2025-09-21,1,804,950,1124,true,2025-09-21,false
tomato,Pune,2025-09-21,2,769,950,1161,true,2025-09-21,false
tomato,Pune,2025-09-21,3,760,950,1188,true,2025-09-21,false
tomato,Pune,2025-09-21,7,697,950,1285,true,2025-09-21,false
tomato,Pune,2025-09-21,14,658,1111,1955,false,2025-09-21,false
tomato,Pune,2025-09-21,21,503,1110,2284,false,2025-09-21,false
tomato,Pune (Pimpri),2025-09-21,0,1500,1500,1500,true,2025-09-21,false
tomato,Pune (Pimpri),2025-09-21,1,1325,1605,1890,false,2025-09-21,false
tomato,Pune (Pimpri),2025-09-21,2,1314,1605,1932,false,2025-09-21,false
tomato,Pune (Pimpri),2025-09-21,3,1313,1630,2023,false,2025-09-21,false
tomato,Pune (Pimpri),2025-09-21,7,1141,1500,2000,true,2025-09-21,false
tomato,Pune (Pimpri),2025-09-21,14,1069,1905,3169,false,2025-09-21,false
tomato,Pune (Pimpri),2025-09-21,21,907,1911,3699,false,2025-09-21,false
onion,Lasalgaon,2025-09-24,0,1150,1150,1150,true,2025-09-24,false
onion,Lasalgaon,2025-09-24,1,1056,1150,1257,true,2025-09-24,false
onion,Lasalgaon,2025-09-24,2,1025,1150,1292,true,2025-09-24,false
onion,Lasalgaon,2025-09-24,3,1006,1150,1324,true,2025-09-24,false
onion,Lasalgaon,2025-09-24,7,944,1150,1421,true,2025-09-24,false
onion,Lasalgaon,2025-09-24,14,870,1150,1560,true,2025-09-24,false
onion,Lasalgaon,2025-09-24,21,806,1150,1697,true,2025-09-24,false
onion,Lasalgaon (Niphad),2025-09-24,0,1070,1070,1070,true,2025-09-24,false
onion,Lasalgaon (Niphad),2025-09-24,1,988,1070,1159,true,2025-09-24,false
onion,Lasalgaon (Niphad),2025-09-24,2,959,1070,1195,true,2025-09-24,false
onion,Lasalgaon (Niphad),2025-09-24,3,940,1070,1238,true,2025-09-24,false
onion,Lasalgaon (Niphad),2025-09-24,7,886,1070,1339,true,2025-09-24,false
onion,Lasalgaon (Niphad),2025-09-24,14,834,1070,1583,true,2025-09-24,false
onion,Lasalgaon (Niphad),2025-09-24,21,986,1572,2225,false,2025-09-24,false
onion,Lasalgaon (Vinchur),2025-09-24,0,1080,1080,1080,true,2025-09-20,false
onion,Lasalgaon (Vinchur),2025-09-24,1,1013,1080,1157,true,2025-09-20,false
onion,Lasalgaon (Vinchur),2025-09-24,2,997,1080,1205,true,2025-09-20,false
onion,Lasalgaon (Vinchur),2025-09-24,3,978,1080,1240,true,2025-09-20,false
onion,Lasalgaon (Vinchur),2025-09-24,7,921,1080,1338,true,2025-09-20,false
onion,Lasalgaon (Vinchur),2025-09-24,14,1011,1461,2009,false,2025-09-20,false
onion,Lasalgaon (Vinchur),2025-09-24,21,1002,1555,2245,false,2025-09-20,false
onion,Nasik,2025-09-24,0,850,850,850,true,2025-09-24,false
onion,Nasik,2025-09-24,1,773,850,944,true,2025-09-24,false
onion,Nasik,2025-09-24,2,756,850,963,true,2025-09-24,false
onion,Nasik,2025-09-24,3,737,850,1000,true,2025-09-24,false
onion,Nasik,2025-09-24,7,825,1030,1359,false,2025-09-24,false
onion,Nasik,2025-09-24,14,695,850,1204,true,2025-09-24,false
onion,Nasik,2025-09-24,21,782,1256,1843,false,2025-09-24,false
onion,Pimpalgaon,2025-09-24,0,1200,1200,1200,true,2025-09-24,false
onion,Pimpalgaon,2025-09-24,1,1116,1200,1286,true,2025-09-24,false
onion,Pimpalgaon,2025-09-24,2,1087,1200,1329,true,2025-09-24,false
onion,Pimpalgaon,2025-09-24,3,1057,1200,1371,true,2025-09-24,false
onion,Pimpalgaon,2025-09-24,7,1159,1384,1708,false,2025-09-24,false
onion,Pimpalgaon,2025-09-24,14,942,1200,1617,true,2025-09-24,false
onion,Pimpalgaon,2025-09-24,21,966,1200,1733,true,2025-09-24,false
onion,Pune,2025-09-24,0,950,950,950,true,2025-09-24,false
onion,Pune,2025-09-24,1,868,950,1036,true,2025-09-24,false
onion,Pune,2025-09-24,2,852,950,1069,true,2025-09-24,false
onion,Pune,2025-09-24,3,831,950,1088,true,2025-09-24,false
onion,Pune,2025-09-24,7,926,1112,1460,false,2025-09-24,false
onion,Pune,2025-09-24,14,713,950,1220,true,2025-09-24,false
onion,Pune,2025-09-24,21,872,1394,2018,false,2025-09-24,false
onion,Solapur,2025-09-24,0,1200,1200,1200,true,2025-09-24,false
onion,Solapur,2025-09-24,1,1080,1200,1333,true,2025-09-24,false
onion,Solapur,2025-09-24,2,1050,1200,1358,true,2025-09-24,false
onion,Solapur,2025-09-24,3,1120,1256,1420,false,2025-09-24,false
onion,Solapur,2025-09-24,7,1094,1334,1669,false,2025-09-24,false
onion,Solapur,2025-09-24,14,1063,1529,2103,false,2025-09-24,false
onion,Solapur,2025-09-24,21,1060,1628,2344,false,2025-09-24,false
soybean,Akola,2025-09-24,0,4200,4200,4200,true,2025-09-24,false
soybean,Akola,2025-09-24,1,4031,4156,4267,false,2025-09-24,false
soybean,Akola,2025-09-24,2,4053,4200,4347,true,2025-09-24,false
soybean,Akola,2025-09-24,3,4039,4200,4380,true,2025-09-24,false
soybean,Akola,2025-09-24,7,3995,4200,4440,true,2025-09-24,false
soybean,Akola,2025-09-24,14,3907,4200,4523,true,2025-09-24,false
soybean,Akola,2025-09-24,21,3872,4200,4620,true,2025-09-24,false
soybean,Amarawati,2025-09-24,0,4138,4138,4138,true,2025-09-24,false
soybean,Amarawati,2025-09-24,1,4058,4138,4218,true,2025-09-24,false
soybean,Amarawati,2025-09-24,2,4040,4138,4241,true,2025-09-24,false
soybean,Amarawati,2025-09-24,3,4018,4138,4250,true,2025-09-24,false
soybean,Amarawati,2025-09-24,7,3992,4138,4290,true,2025-09-24,false
soybean,Amarawati,2025-09-24,14,3936,4138,4315,true,2025-09-24,false
soybean,Amarawati,2025-09-24,21,3884,4138,4396,true,2025-09-24,false
soybean,Latur,2025-09-24,0,4400,4400,4400,true,2025-09-24,false
soybean,Latur,2025-09-24,1,4331,4400,4488,true,2025-09-24,false
soybean,Latur,2025-09-24,2,4308,4400,4507,true,2025-09-24,false
soybean,Latur,2025-09-24,3,4280,4400,4532,true,2025-09-24,false
soybean,Latur,2025-09-24,7,4218,4400,4599,true,2025-09-24,false
soybean,Latur,2025-09-24,14,4178,4400,4687,true,2025-09-24,false
soybean,Latur,2025-09-24,21,4136,4400,4851,true,2025-09-24,false
soybean,Nagpur,2025-09-24,0,4050,4050,4050,true,2025-09-19,false
soybean,Nagpur,2025-09-24,1,3946,4050,4170,true,2025-09-19,false
soybean,Nagpur,2025-09-24,2,3924,4050,4194,true,2025-09-19,false
soybean,Nagpur,2025-09-24,3,3923,4050,4205,true,2025-09-19,false
soybean,Nagpur,2025-09-24,7,3881,4050,4248,true,2025-09-19,false
soybean,Nagpur,2025-09-24,14,3846,4050,4322,true,2025-09-19,false
soybean,Nagpur,2025-09-24,21,3805,4050,4389,true,2025-09-19,false
soybean,Washim,2025-09-24,0,4000,4000,4000,true,2025-09-24,false
soybean,Washim,2025-09-24,1,3825,4000,4186,true,2025-09-24,false
soybean,Washim,2025-09-24,2,3827,4000,4179,true,2025-09-24,false
soybean,Washim,2025-09-24,3,3818,4000,4194,true,2025-09-24,false
soybean,Washim,2025-09-24,7,3777,4000,4267,true,2025-09-24,false
soybean,Washim,2025-09-24,14,3692,4000,4348,true,2025-09-24,false
soybean,Washim,2025-09-24,21,3689,4168,4569,false,2025-09-24,false
tomato,Junnar (Narayangaon),2025-09-24,0,1000,1000,1000,true,2025-09-24,false
tomato,Junnar (Narayangaon),2025-09-24,1,800,1000,1250,true,2025-09-24,false
tomato,Junnar (Narayangaon),2025-09-24,2,750,1000,1333,true,2025-09-24,false
tomato,Junnar (Narayangaon),2025-09-24,3,831,1266,1741,false,2025-09-24,false
tomato,Junnar (Narayangaon),2025-09-24,7,783,1315,2015,false,2025-09-24,false
tomato,Junnar (Narayangaon),2025-09-24,14,741,1392,2389,false,2025-09-24,false
tomato,Junnar (Narayangaon),2025-09-24,21,590,1392,2729,false,2025-09-24,false
tomato,Nasik,2025-09-24,0,850,850,850,true,2025-09-24,false
tomato,Nasik,2025-09-24,1,680,850,1020,true,2025-09-24,false
tomato,Nasik,2025-09-24,2,646,850,1133,true,2025-09-24,false
tomato,Nasik,2025-09-24,3,618,850,1169,true,2025-09-24,false
tomato,Nasik,2025-09-24,7,567,850,1275,true,2025-09-24,false
tomato,Nasik,2025-09-24,14,430,1033,1842,false,2025-09-24,false
tomato,Nasik,2025-09-24,21,282,1056,2153,false,2025-09-24,false
tomato,Pimpalgaon,2025-09-24,0,1005,1005,1005,true,2025-09-24,true
tomato,Pimpalgaon,2025-09-24,1,793,1005,1256,true,2025-09-24,true
tomato,Pimpalgaon,2025-09-24,2,733,1005,1339,true,2025-09-24,true
tomato,Pimpalgaon,2025-09-24,3,699,1005,1414,true,2025-09-24,true
tomato,Pimpalgaon,2025-09-24,7,796,1440,2307,false,2025-09-24,true
tomato,Pimpalgaon,2025-09-24,14,751,1563,2654,false,2025-09-24,true
tomato,Pimpalgaon,2025-09-24,21,598,1563,3031,false,2025-09-24,true
tomato,Pune,2025-09-24,0,1300,1300,1300,true,2025-09-24,false
tomato,Pune,2025-09-24,1,1100,1300,1538,true,2025-09-24,false
tomato,Pune,2025-09-24,2,1052,1300,1589,true,2025-09-24,false
tomato,Pune,2025-09-24,3,1040,1300,1625,true,2025-09-24,false
tomato,Pune,2025-09-24,7,954,1300,1758,true,2025-09-24,false
tomato,Pune,2025-09-24,14,912,1566,2686,false,2025-09-24,false
tomato,Pune,2025-09-24,21,744,1571,3089,false,2025-09-24,false
tomato,Pune (Pimpri),2025-09-24,0,1350,1350,1350,true,2025-09-24,false
tomato,Pune (Pimpri),2025-09-24,1,1231,1495,1746,false,2025-09-24,false
tomato,Pune (Pimpri),2025-09-24,2,1118,1495,1890,false,2025-09-24,false
tomato,Pune (Pimpri),2025-09-24,3,1116,1517,1981,false,2025-09-24,false
tomato,Pune (Pimpri),2025-09-24,7,1027,1350,1800,true,2025-09-24,false
tomato,Pune (Pimpri),2025-09-24,14,1009,1730,2955,false,2025-09-24,false
tomato,Pune (Pimpri),2025-09-24,21,830,1726,3377,false,2025-09-24,false
onion,Lasalgaon,2025-09-27,0,1125,1125,1125,true,2025-09-27,false
onion,Lasalgaon,2025-09-27,1,1033,1125,1229,true,2025-09-27,false
onion,Lasalgaon,2025-09-27,2,1003,1125,1264,true,2025-09-27,false
onion,Lasalgaon,2025-09-27,3,984,1125,1295,true,2025-09-27,false
onion,Lasalgaon,2025-09-27,7,923,1125,1390,true,2025-09-27,false
onion,Lasalgaon,2025-09-27,14,851,1125,1526,true,2025-09-27,false
onion,Lasalgaon,2025-09-27,21,788,1125,1660,true,2025-09-27,false
onion,Lasalgaon (Niphad),2025-09-27,0,1075,1075,1075,true,2025-09-27,false
onion,Lasalgaon (Niphad),2025-09-27,1,992,1075,1165,true,2025-09-27,false
onion,Lasalgaon (Niphad),2025-09-27,2,963,1075,1201,true,2025-09-27,false
onion,Lasalgaon (Niphad),2025-09-27,3,945,1075,1243,true,2025-09-27,false
onion,Lasalgaon (Niphad),2025-09-27,7,890,1075,1345,true,2025-09-27,false
onion,Lasalgaon (Niphad),2025-09-27,14,837,1075,1591,true,2025-09-27,false
onion,Lasalgaon (Niphad),2025-09-27,21,843,1075,1684,true,2025-09-27,false
onion,Lasalgaon (Vinchur),2025-09-27,0,1120,1120,1120,true,2025-09-27,false
onion,Lasalgaon (Vinchur),2025-09-27,1,1051,1120,1200,true,2025-09-27,false
onion,Lasalgaon (Vinchur),2025-09-27,2,1034,1120,1250,true,2025-09-27,false
onion,Lasalgaon (Vinchur),2025-09-27,3,1015,1120,1286,true,2025-09-27,false
onion,Lasalgaon (Vinchur),2025-09-27,7,955,1120,1388,true,2025-09-27,false
onion,Lasalgaon (Vinchur),2025-09-27,14,902,1120,1529,true,2025-09-27,false
onion,Lasalgaon (Vinchur),2025-09-27,21,1057,1618,2263,false,2025-09-27,false
onion,Nasik,2025-09-27,0,900,900,900,true,2025-09-27,false
onion,Nasik,2025-09-27,1,818,900,1000,true,2025-09-27,false
onion,Nasik,2025-09-27,2,800,900,1020,true,2025-09-27,false
onion,Nasik,2025-09-27,3,780,900,1059,true,2025-09-27,false
onion,Nasik,2025-09-27,7,880,1100,1495,false,2025-09-27,false
onion,Nasik,2025-09-27,14,736,900,1274,true,2025-09-27,false
onion,Nasik,2025-09-27,21,817,1355,1981,false,2025-09-27,false
onion,Pimpalgaon,2025-09-27,0,1150,1150,1150,true,2025-09-27,false
onion,Pimpalgaon,2025-09-27,1,1070,1150,1232,true,2025-09-27,false
onion,Pimpalgaon,2025-09-27,2,1042,1150,1274,true,2025-09-27,false
onion,Pimpalgaon,2025-09-27,3,1013,1150,1314,true,2025-09-27,false
onion,Pimpalgaon,2025-09-27,7,951,1150,1406,true,2025-09-27,false
onion,Pimpalgaon,2025-09-27,14,903,1150,1550,true,2025-09-27,false
onion,Pimpalgaon,2025-09-27,21,925,1150,1661,true,2025-09-27,false
onion,Pune,2025-09-27,0,850,850,850,true,2025-09-26,true
onion,Pune,2025-09-27,1,777,850,927,true,2025-09-26,true
onion,Pune,2025-09-27,2,762,850,956,true,2025-09-26,true
onion,Pune,2025-09-27,3,744,850,974,true,2025-09-26,true
onion,Pune,2025-09-27,7,695,850,1022,true,2025-09-26,true
onion,Pune,2025-09-27,14,638,850,1091,true,2025-09-26,true
onion,Pune,2025-09-27,21,584,850,1155,true,2025-09-26,true
onion,Solapur,2025-09-27,0,1050,1050,1050,true,2025-09-26,false
onion,Solapur,2025-09-27,1,945,1050,1167,true,2025-09-26,false
onion,Solapur,2025-09-27,2,919,1050,1188,true,2025-09-26,false
onion,Solapur,2025-09-27,3,1033,1192,1327,false,2025-09-26,false
onion,Solapur,2025-09-27,7,1010,1262,1558,false,2025-09-26,false
onion,Solapur,2025-09-27,14,961,1446,1933,false,2025-09-26,false
onion,Solapur,2025-09-27,21,949,1525,2106,false,2025-09-26,false
soybean,Akola,2025-09-27,0,4190,4190,4190,true,2025-09-27,false
soybean,Akola,2025-09-27,1,4025,4135,4260,false,2025-09-27,false
soybean,Akola,2025-09-27,2,4044,4190,4337,true,2025-09-27,false
soybean,Akola,2025-09-27,3,4029,4190,4370,true,2025-09-27,false
soybean,Akola,2025-09-27,7,3985,4190,4430,true,2025-09-27,false
soybean,Akola,2025-09-27,14,3898,4190,4512,true,2025-09-27,false
soybean,Akola,2025-09-27,21,3863,4190,4609,true,2025-09-27,false
soybean,Amarawati,2025-09-27,0,4165,4165,4165,true,2025-09-27,false
soybean,Amarawati,2025-09-27,1,4084,4165,4245,true,2025-09-27,false
soybean,Amarawati,2025-09-27,2,4066,4165,4269,true,2025-09-27,false
soybean,Amarawati,2025-09-27,3,4044,4165,4278,true,2025-09-27,false
soybean,Amarawati,2025-09-27,7,4018,4165,4318,true,2025-09-27,false
soybean,Amarawati,2025-09-27,14,3962,4165,4343,true,2025-09-27,false
soybean,Amarawati,2025-09-27,21,3910,4165,4425,true,2025-09-27,false
soybean,Latur,2025-09-27,0,4400,4400,4400,true,2025-09-27,false
soybean,Latur,2025-09-27,1,4331,4400,4488,true,2025-09-27,false
soybean,Latur,2025-09-27,2,4308,4400,4507,true,2025-09-27,false
soybean,Latur,2025-09-27,3,4280,4400,4532,true,2025-09-27,false
soybean,Latur,2025-09-27,7,4218,4400,4599,true,2025-09-27,false
soybean,Latur,2025-09-27,14,4178,4400,4687,true,2025-09-27,false
soybean,Latur,2025-09-27,21,4136,4400,4851,true,2025-09-27,false
soybean,Nagpur,2025-09-27,0,4302,4302,4302,true,2025-09-27,false
soybean,Nagpur,2025-09-27,1,4191,4302,4429,true,2025-09-27,false
soybean,Nagpur,2025-09-27,2,4169,4302,4455,true,2025-09-27,false
soybean,Nagpur,2025-09-27,3,4167,4302,4467,true,2025-09-27,false
soybean,Nagpur,2025-09-27,7,4123,4302,4512,true,2025-09-27,false
soybean,Nagpur,2025-09-27,14,4085,4302,4591,true,2025-09-27,false
soybean,Nagpur,2025-09-27,21,4042,4302,4662,true,2025-09-27,false
soybean,Washim,2025-09-27,0,4150,4150,4150,true,2025-09-27,false
soybean,Washim,2025-09-27,1,3969,4150,4343,true,2025-09-27,false
soybean,Washim,2025-09-27,2,3970,4150,4336,true,2025-09-27,false
soybean,Washim,2025-09-27,3,3961,4150,4351,true,2025-09-27,false
soybean,Washim,2025-09-27,7,3919,4150,4427,true,2025-09-27,false
soybean,Washim,2025-09-27,14,3831,4150,4511,true,2025-09-27,false
soybean,Washim,2025-09-27,21,3723,4141,4523,false,2025-09-27,false
tomato,Junnar (Narayangaon),2025-09-27,0,1000,1000,1000,true,2025-09-24,false
tomato,Junnar (Narayangaon),2025-09-27,1,800,1000,1250,true,2025-09-24,false
tomato,Junnar (Narayangaon),2025-09-27,2,750,1000,1333,true,2025-09-24,false
tomato,Junnar (Narayangaon),2025-09-27,3,816,1381,1971,false,2025-09-24,false
tomato,Junnar (Narayangaon),2025-09-27,7,775,1421,2093,false,2025-09-24,false
tomato,Junnar (Narayangaon),2025-09-27,14,732,1458,2288,false,2025-09-24,false
tomato,Junnar (Narayangaon),2025-09-27,21,590,1458,2635,false,2025-09-24,false
tomato,Nasik,2025-09-27,0,1050,1050,1050,true,2025-09-27,false
tomato,Nasik,2025-09-27,1,840,1050,1260,true,2025-09-27,false
tomato,Nasik,2025-09-27,2,798,1050,1400,true,2025-09-27,false
tomato,Nasik,2025-09-27,3,764,1050,1444,true,2025-09-27,false
tomato,Nasik,2025-09-27,7,700,1050,1575,true,2025-09-27,false
tomato,Nasik,2025-09-27,14,558,1217,1886,false,2025-09-27,false
tomato,Nasik,2025-09-27,21,413,1219,2174,false,2025-09-27,false
tomato,Pimpalgaon,2025-09-27,0,1155,1155,1155,true,2025-09-27,true
tomato,Pimpalgaon,2025-09-27,1,912,1155,1444,true,2025-09-27,true
tomato,Pimpalgaon,2025-09-27,2,842,1155,1539,true,2025-09-27,true
tomato,Pimpalgaon,2025-09-27,3,803,1155,1625,true,2025-09-27,true
tomato,Pimpalgaon,2025-09-27,7,907,1598,2391,false,2025-09-27,true
tomato,Pimpalgaon,2025-09-27,14,847,1621,2647,false,2025-09-27,true
tomato,Pimpalgaon,2025-09-27,21,694,1617,3053,false,2025-09-27,true
tomato,Pune,2025-09-27,0,1100,1100,1100,true,2025-09-26,false
tomato,Pune,2025-09-27,1,931,1100,1301,true,2025-09-26,false
tomato,Pune,2025-09-27,2,890,1100,1344,true,2025-09-26,false
tomato,Pune,2025-09-27,3,880,1100,1375,true,2025-09-26,false
tomato,Pune,2025-09-27,7,906,1348,2039,false,2025-09-26,false
tomato,Pune,2025-09-27,14,867,1414,2248,false,2025-09-26,false
tomato,Pune,2025-09-27,21,711,1414,2562,false,2025-09-26,false
tomato,Pune (Pimpri),2025-09-27,0,1500,1500,1500,true,2025-09-27,false
tomato,Pune (Pimpri),2025-09-27,1,1281,1593,1895,false,2025-09-27,false
tomato,Pune (Pimpri),2025-09-27,2,1176,1593,2036,false,2025-09-27,false
tomato,Pune (Pimpri),2025-09-27,3,1177,1605,2130,false,2025-09-27,false
tomato,Pune (Pimpri),2025-09-27,7,1141,1500,2000,true,2025-09-27,false
tomato,Pune (Pimpri),2025-09-27,14,1047,1840,2810,false,2025-09-27,false
tomato,Pune (Pimpri),2025-09-27,21,884,1846,3217,false,2025-09-27,false
onion,Lasalgaon,2025-09-30,0,1200,1200,1200,true,2025-09-30,false
onion,Lasalgaon,2025-09-30,1,1102,1200,1311,true,2025-09-30,false
onion,Lasalgaon,2025-09-30,2,1070,1200,1348,true,2025-09-30,false
onion,Lasalgaon,2025-09-30,3,1050,1200,1381,true,2025-09-30,false
onion,Lasalgaon,2025-09-30,7,985,1200,1483,true,2025-09-30,false
onion,Lasalgaon,2025-09-30,14,908,1200,1628,true,2025-09-30,false
onion,Lasalgaon,2025-09-30,21,841,1200,1771,true,2025-09-30,false
onion,Lasalgaon (Niphad),2025-09-30,0,1100,1100,1100,true,2025-09-29,false
onion,Lasalgaon (Niphad),2025-09-30,1,1015,1100,1192,true,2025-09-29,false
onion,Lasalgaon (Niphad),2025-09-30,2,986,1100,1229,true,2025-09-29,false
onion,Lasalgaon (Niphad),2025-09-30,3,967,1100,1272,true,2025-09-29,false
onion,Lasalgaon (Niphad),2025-09-30,7,911,1100,1376,true,2025-09-29,false
onion,Lasalgaon (Niphad),2025-09-30,14,857,1100,1628,true,2025-09-29,false
onion,Lasalgaon (Niphad),2025-09-30,21,862,1100,1723,true,2025-09-29,false
onion,Lasalgaon (Vinchur),2025-09-30,0,1100,1100,1100,true,2025-09-29,false
onion,Lasalgaon (Vinchur),2025-09-30,1,1032,1100,1179,true,2025-09-29,false
onion,Lasalgaon (Vinchur),2025-09-30,2,1015,1100,1227,true,2025-09-29,false
onion,Lasalgaon (Vinchur),2025-09-30,3,996,1100,1263,true,2025-09-29,false
onion,Lasalgaon (Vinchur),2025-09-30,7,938,1100,1363,true,2025-09-29,false
onion,Lasalgaon (Vinchur),2025-09-30,14,886,1100,1502,true,2025-09-29,false
onion,Lasalgaon (Vinchur),2025-09-30,21,895,1100,1650,true,2025-09-29,false
onion,Nasik,2025-09-30,0,820,820,820,true,2025-09-30,false
onion,Nasik,2025-09-30,1,745,820,911,true,2025-09-30,false
onion,Nasik,2025-09-30,2,729,820,929,true,2025-09-30,false
onion,Nasik,2025-09-30,3,711,820,965,true,2025-09-30,false
onion,Nasik,2025-09-30,7,675,820,1025,true,2025-09-30,false
onion,Nasik,2025-09-30,14,671,820,1161,true,2025-09-30,false
onion,Nasik,2025-09-30,21,744,1216,1776,false,2025-09-30,false
onion,Pimpalgaon,2025-09-30,0,1300,1300,1300,true,2025-09-30,false
onion,Pimpalgaon,2025-09-30,1,1209,1300,1393,true,2025-09-30,false
onion,Pimpalgaon,2025-09-30,2,1178,1300,1440,true,2025-09-30,false
onion,Pimpalgaon,2025-09-30,3,1145,1300,1485,true,2025-09-30,false
onion,Pimpalgaon,2025-09-30,7,1277,1531,1866,false,2025-09-30,false
onion,Pimpalgaon,2025-09-30,14,1021,1300,1752,true,2025-09-30,false
onion,Pimpalgaon,2025-09-30,21,1046,1300,1878,true,2025-09-30,false
onion,Pune,2025-09-30,0,1000,1000,1000,true,2025-09-30,false
onion,Pune,2025-09-30,1,914,1000,1091,true,2025-09-30,false
onion,Pune,2025-09-30,2,897,1000,1125,true,2025-09-30,false
onion,Pune,2025-09-30,3,875,1000,1146,true,2025-09-30,false
onion,Pune,2025-09-30,7,818,1000,1202,true,2025-09-30,false
onion,Pune,2025-09-30,14,919,1302,1899,false,2025-09-30,false
onion,Pune,2025-09-30,21,687,1000,1359,true,2025-09-30,false
onion,Solapur,2025-09-30,0,1050,1050,1050,true,2025-09-26,false
onion,Solapur,2025-09-30,1,945,1050,1167,true,2025-09-26,false
onion,Solapur,2025-09-30,2,919,1050,1188,true,2025-09-26,false
onion,Solapur,2025-09-30,3,1025,1197,1337,false,2025-09-26,false
onion,Solapur,2025-09-30,7,1012,1268,1564,false,2025-09-26,false
onion,Solapur,2025-09-30,14,960,1420,1942,false,2025-09-26,false
onion,Solapur,2025-09-30,21,940,1467,2083,false,2025-09-26,false
soybean,Akola,2025-09-30,0,4445,4445,4445,true,2025-09-30,false
soybean,Akola,2025-09-30,1,4177,4249,4410,false,2025-09-30,false
soybean,Akola,2025-09-30,2,4290,4445,4601,true,2025-09-30,false
soybean,Akola,2025-09-30,3,4274,4445,4636,true,2025-09-30,false
soybean,Akola,2025-09-30,7,4228,4445,4699,true,2025-09-30,false
soybean,Akola,2025-09-30,14,4135,4445,4787,true,2025-09-30,false
soybean,Akola,2025-09-30,21,4098,4445,4890,true,2025-09-30,false
soybean,Amarawati,2025-09-30,0,4260,4260,4260,true,2025-09-30,false
soybean,Amarawati,2025-09-30,1,4177,4260,4342,true,2025-09-30,false
soybean,Amarawati,2025-09-30,2,4159,4260,4366,true,2025-09-30,false
soybean,Amarawati,2025-09-30,3,4137,4260,4376,true,2025-09-30,false
soybean,Amarawati,2025-09-30,7,4109,4260,4417,true,2025-09-30,false
soybean,Amarawati,2025-09-30,14,4052,4260,4442,true,2025-09-30,false
soybean,Amarawati,2025-09-30,21,3999,4260,4526,true,2025-09-30,false
soybean,Latur,2025-09-30,0,4400,4400,4400,true,2025-09-27,false
soybean,Latur,2025-09-30,1,4331,4400,4488,true,2025-09-27,false
soybean,Latur,2025-09-30,2,4308,4400,4507,true,2025-09-27,false
soybean,Latur,2025-09-30,3,4280,4400,4532,true,2025-09-27,false
soybean,Latur,2025-09-30,7,4218,4400,4599,true,2025-09-27,false
soybean,Latur,2025-09-30,14,4178,4400,4687,true,2025-09-27,false
soybean,Latur,2025-09-30,21,4136,4400,4851,true,2025-09-27,false
soybean,Nagpur,2025-09-30,0,4302,4302,4302,true,2025-09-27,false
soybean,Nagpur,2025-09-30,1,4191,4302,4429,true,2025-09-27,false
soybean,Nagpur,2025-09-30,2,4169,4302,4455,true,2025-09-27,false
soybean,Nagpur,2025-09-30,3,4167,4302,4467,true,2025-09-27,false
soybean,Nagpur,2025-09-30,7,4123,4302,4512,true,2025-09-27,false
soybean,Nagpur,2025-09-30,14,4085,4302,4591,true,2025-09-27,false
soybean,Nagpur,2025-09-30,21,4042,4302,4662,true,2025-09-27,false
soybean,Washim,2025-09-30,0,4150,4150,4150,true,2025-09-30,false
soybean,Washim,2025-09-30,1,3969,4150,4343,true,2025-09-30,false
soybean,Washim,2025-09-30,2,3970,4150,4336,true,2025-09-30,false
soybean,Washim,2025-09-30,3,3961,4150,4351,true,2025-09-30,false
soybean,Washim,2025-09-30,7,3919,4150,4427,true,2025-09-30,false
soybean,Washim,2025-09-30,14,3831,4150,4511,true,2025-09-30,false
soybean,Washim,2025-09-30,21,3714,4142,4531,false,2025-09-30,false
tomato,Junnar (Narayangaon),2025-09-30,0,1500,1500,1500,true,2025-09-30,false
tomato,Junnar (Narayangaon),2025-09-30,1,1200,1500,1875,true,2025-09-30,false
tomato,Junnar (Narayangaon),2025-09-30,2,1125,1500,2000,true,2025-09-30,false
tomato,Junnar (Narayangaon),2025-09-30,3,1208,1633,2053,false,2025-09-30,false
tomato,Junnar (Narayangaon),2025-09-30,7,1143,1701,2297,false,2025-09-30,false
tomato,Junnar (Narayangaon),2025-09-30,14,1084,1852,2637,false,2025-09-30,false
tomato,Junnar (Narayangaon),2025-09-30,21,896,1846,3029,false,2025-09-30,false
tomato,Nasik,2025-09-30,0,800,800,800,true,2025-09-30,true
tomato,Nasik,2025-09-30,1,640,800,960,true,2025-09-30,true
tomato,Nasik,2025-09-30,2,608,800,1067,true,2025-09-30,true
tomato,Nasik,2025-09-30,3,582,800,1100,true,2025-09-30,true
tomato,Nasik,2025-09-30,7,533,800,1200,true,2025-09-30,true
tomato,Nasik,2025-09-30,14,560,1072,1779,false,2025-09-30,true
tomato,Nasik,2025-09-30,21,392,1109,2053,false,2025-09-30,true
tomato,Pimpalgaon,2025-09-30,0,1250,1250,1250,true,2025-09-30,false
tomato,Pimpalgaon,2025-09-30,1,987,1250,1563,true,2025-09-30,false
tomato,Pimpalgaon,2025-09-30,2,911,1250,1666,true,2025-09-30,false
tomato,Pimpalgaon,2025-09-30,3,869,1250,1759,true,2025-09-30,false
tomato,Pimpalgaon,2025-09-30,7,941,1472,2276,false,2025-09-30,false
tomato,Pimpalgaon,2025-09-30,14,883,1622,2550,false,2025-09-30,false
tomato,Pimpalgaon,2025-09-30,21,694,1617,2899,false,2025-09-30,false
tomato,Pune,2025-09-30,0,1050,1050,1050,true,2025-09-30,true
tomato,Pune,2025-09-30,1,888,1050,1242,true,2025-09-30,true
tomato,Pune,2025-09-30,2,850,1050,1283,true,2025-09-30,true
tomato,Pune,2025-09-30,3,840,1050,1313,true,2025-09-30,true
tomato,Pune,2025-09-30,7,771,1050,1420,true,2025-09-30,true
tomato,Pune,2025-09-30,14,918,1537,2301,false,2025-09-30,true
tomato,Pune,2025-09-30,21,745,1533,2634,false,2025-09-30,true
tomato,Pune (Pimpri),2025-09-30,0,1500,1500,1500,true,2025-09-30,false
tomato,Pune (Pimpri),2025-09-30,1,1405,1671,2049,false,2025-09-30,false
tomato,Pune (Pimpri),2025-09-30,2,1295,1671,2203,false,2025-09-30,false
tomato,Pune (Pimpri),2025-09-30,3,1291,1696,2288,false,2025-09-30,false
tomato,Pune (Pimpri),2025-09-30,7,1141,1500,2000,true,2025-09-30,false
tomato,Pune (Pimpri),2025-09-30,14,1189,1929,2970,false,2025-09-30,false
tomato,Pune (Pimpri),2025-09-30,21,1004,1918,3366,false,2025-09-30,false
onion,Lasalgaon,2025-10-03,0,1200,1200,1200,true,2025-10-03,false
onion,Lasalgaon,2025-10-03,1,1102,1200,1311,true,2025-10-03,false
onion,Lasalgaon,2025-10-03,2,1070,1200,1348,true,2025-10-03,false
onion,Lasalgaon,2025-10-03,3,1050,1200,1381,true,2025-10-03,false
onion,Lasalgaon,2025-10-03,7,985,1200,1483,true,2025-10-03,false
onion,Lasalgaon,2025-10-03,14,908,1200,1628,true,2025-10-03,false
onion,Lasalgaon,2025-10-03,21,841,1200,1771,true,2025-10-03,false
onion,Lasalgaon (Niphad),2025-10-03,0,1141,1141,1141,true,2025-10-03,false
onion,Lasalgaon (Niphad),2025-10-03,1,1053,1141,1236,true,2025-10-03,false
onion,Lasalgaon (Niphad),2025-10-03,2,1023,1141,1274,true,2025-10-03,false
onion,Lasalgaon (Niphad),2025-10-03,3,1003,1141,1320,true,2025-10-03,false
onion,Lasalgaon (Niphad),2025-10-03,7,945,1141,1427,true,2025-10-03,false
onion,Lasalgaon (Niphad),2025-10-03,14,889,1141,1688,true,2025-10-03,false
onion,Lasalgaon (Niphad),2025-10-03,21,894,1141,1787,true,2025-10-03,false
onion,Lasalgaon (Vinchur),2025-10-03,0,1200,1200,1200,true,2025-10-03,false
onion,Lasalgaon (Vinchur),2025-10-03,1,1126,1200,1286,true,2025-10-03,false
onion,Lasalgaon (Vinchur),2025-10-03,2,1108,1200,1339,true,2025-10-03,false
onion,Lasalgaon (Vinchur),2025-10-03,3,1087,1200,1378,true,2025-10-03,false
onion,Lasalgaon (Vinchur),2025-10-03,7,1024,1200,1487,true,2025-10-03,false
onion,Lasalgaon (Vinchur),2025-10-03,14,967,1200,1638,true,2025-10-03,false
onion,Lasalgaon (Vinchur),2025-10-03,21,976,1200,1800,true,2025-10-03,false
onion,Nasik,2025-10-03,0,1100,1100,1100,true,2025-10-03,false
onion,Nasik,2025-10-03,1,1000,1100,1222,true,2025-10-03,false
onion,Nasik,2025-10-03,2,978,1100,1247,true,2025-10-03,false
onion,Nasik,2025-10-03,3,953,1100,1294,true,2025-10-03,false
onion,Nasik,2025-10-03,7,906,1100,1375,true,2025-10-03,false
onion,Nasik,2025-10-03,14,900,1100,1558,true,2025-10-03,false
onion,Nasik,2025-10-03,21,897,1460,2112,false,2025-10-03,false
onion,Pimpalgaon,2025-10-03,0,1300,1300,1300,true,2025-10-03,false
onion,Pimpalgaon,2025-10-03,1,1209,1300,1393,true,2025-10-03,false
onion,Pimpalgaon,2025-10-03,2,1178,1300,1440,true,2025-10-03,false
onion,Pimpalgaon,2025-10-03,3,1145,1300,1485,true,2025-10-03,false
onion,Pimpalgaon,2025-10-03,7,1075,1300,1590,true,2025-10-03,false
onion,Pimpalgaon,2025-10-03,14,1021,1300,1752,true,2025-10-03,false
onion,Pimpalgaon,2025-10-03,21,1046,1300,1878,true,2025-10-03,false
onion,Pune,2025-10-03,0,1000,1000,1000,true,2025-10-02,false
onion,Pune,2025-10-03,1,914,1000,1091,true,2025-10-02,false
onion,Pune,2025-10-03,2,897,1000,1125,true,2025-10-02,false
onion,Pune,2025-10-03,3,875,1000,1146,true,2025-10-02,false
onion,Pune,2025-10-03,7,818,1000,1202,true,2025-10-02,false
onion,Pune,2025-10-03,14,750,1000,1284,true,2025-10-02,false
onion,Pune,2025-10-03,21,687,1000,1359,true,2025-10-02,false
onion,Solapur,2025-10-03,0,1100,1100,1100,true,2025-10-01,false
onion,Solapur,2025-10-03,1,990,1100,1222,true,2025-10-01,false
onion,Solapur,2025-10-03,2,963,1100,1244,true,2025-10-01,false
onion,Solapur,2025-10-03,3,917,1100,1283,true,2025-10-01,false
onion,Solapur,2025-10-03,7,1053,1243,1553,false,2025-10-01,false
onion,Solapur,2025-10-03,14,1005,1424,1905,false,2025-10-01,false
onion,Solapur,2025-10-03,21,972,1533,2086,false,2025-10-01,false
soybean,Akola,2025-10-03,0,4300,4300,4300,true,2025-10-03,false
soybean,Akola,2025-10-03,1,4100,4252,4455,false,2025-10-03,false
soybean,Akola,2025-10-03,2,4150,4300,4450,true,2025-10-03,false
soybean,Akola,2025-10-03,3,4135,4300,4485,true,2025-10-03,false
soybean,Akola,2025-10-03,7,4090,4300,4546,true,2025-10-03,false
soybean,Akola,2025-10-03,14,4000,4300,4631,true,2025-10-03,false
soybean,Akola,2025-10-03,21,3964,4300,4730,true,2025-10-03,false
soybean,Amarawati,2025-10-03,0,4250,4250,4250,true,2025-10-03,false
soybean,Amarawati,2025-10-03,1,4167,4250,4332,true,2025-10-03,false
soybean,Amarawati,2025-10-03,2,4149,4250,4356,true,2025-10-03,false
soybean,Amarawati,2025-10-03,3,4127,4250,4366,true,2025-10-03,false
soybean,Amarawati,2025-10-03,7,4100,4250,4406,true,2025-10-03,false
soybean,Amarawati,2025-10-03,14,4042,4250,4432,true,2025-10-03,false
soybean,Amarawati,2025-10-03,21,3990,4250,4515,true,2025-10-03,false
soybean,Latur,2025-10-03,0,4350,4350,4350,true,2025-10-03,false
soybean,Latur,2025-10-03,1,4282,4350,4437,true,2025-10-03,false
soybean,Latur,2025-10-03,2,4259,4350,4456,true,2025-10-03,false
soybean,Latur,2025-10-03,3,4231,4350,4481,true,2025-10-03,false
soybean,Latur,2025-10-03,7,4170,4350,4547,true,2025-10-03,false
soybean,Latur,2025-10-03,14,4130,4350,4633,true,2025-10-03,false
soybean,Latur,2025-10-03,21,4089,4350,4796,true,2025-10-03,false
soybean,Nagpur,2025-10-03,0,4033,4033,4033,true,2025-10-01,false
soybean,Nagpur,2025-10-03,1,3929,4033,4152,true,2025-10-01,false
soybean,Nagpur,2025-10-03,2,3908,4033,4176,true,2025-10-01,false
soybean,Nagpur,2025-10-03,3,3907,4033,4188,true,2025-10-01,false
soybean,Nagpur,2025-10-03,7,3865,4033,4230,true,2025-10-01,false
soybean,Nagpur,2025-10-03,14,3830,4033,4304,true,2025-10-01,false
soybean,Nagpur,2025-10-03,21,3789,4033,4370,true,2025-10-01,false
soybean,Washim,2025-10-03,0,4150,4150,4150,true,2025-09-30,false
soybean,Washim,2025-10-03,1,3969,4150,4343,true,2025-09-30,false
soybean,Washim,2025-10-03,2,3970,4150,4336,true,2025-09-30,false
soybean,Washim,2025-10-03,3,3961,4150,4351,true,2025-09-30,false
soybean,Washim,2025-10-03,7,3919,4150,4427,true,2025-09-30,false
soybean,Washim,2025-10-03,14,3831,4150,4511,true,2025-09-30,false
soybean,Washim,2025-10-03,21,3717,4181,4672,false,2025-09-30,false
tomato,Junnar (Narayangaon),2025-10-03,0,1000,1000,1000,true,2025-10-03,true
tomato,Junnar (Narayangaon),2025-10-03,1,800,1000,1250,true,2025-10-03,true
tomato,Junnar (Narayangaon),2025-10-03,2,750,1000,1333,true,2025-10-03,true
tomato,Junnar (Narayangaon),2025-10-03,3,835,1348,2105,false,2025-10-03,true
tomato,Junnar (Narayangaon),2025-10-03,7,794,1408,2166,false,2025-10-03,true
tomato,Junnar (Narayangaon),2025-10-03,14,747,1492,2369,false,2025-10-03,true
tomato,Junnar (Narayangaon),2025-10-03,21,644,1531,2530,false,2025-10-03,true
tomato,Nasik,2025-10-03,0,825,825,825,true,2025-10-03,true
tomato,Nasik,2025-10-03,1,660,825,990,true,2025-10-03,true
tomato,Nasik,2025-10-03,2,627,825,1100,true,2025-10-03,true
tomato,Nasik,2025-10-03,3,600,825,1134,true,2025-10-03,true
tomato,Nasik,2025-10-03,7,550,825,1238,true,2025-10-03,true
tomato,Nasik,2025-10-03,14,564,1123,1781,false,2025-10-03,true
tomato,Nasik,2025-10-03,21,448,1190,2075,false,2025-10-03,true
tomato,Pimpalgaon,2025-10-03,0,1205,1205,1205,true,2025-10-03,false
tomato,Pimpalgaon,2025-10-03,1,951,1205,1506,true,2025-10-03,false
tomato,Pimpalgaon,2025-10-03,2,878,1205,1606,true,2025-10-03,false
tomato,Pimpalgaon,2025-10-03,3,838,1205,1695,true,2025-10-03,false
tomato,Pimpalgaon,2025-10-03,7,902,1526,2180,false,2025-10-03,false
tomato,Pimpalgaon,2025-10-03,14,838,1579,2463,false,2025-10-03,false
tomato,Pimpalgaon,2025-10-03,21,723,1625,2718,false,2025-10-03,false
tomato,Pune,2025-10-03,0,1500,1500,1500,true,2025-10-03,false
tomato,Pune,2025-10-03,1,1269,1500,1775,true,2025-10-03,false
tomato,Pune,2025-10-03,2,1214,1500,1833,true,2025-10-03,false
tomato,Pune,2025-10-03,3,1200,1500,1875,true,2025-10-03,false
tomato,Pune,2025-10-03,7,1101,1500,2029,true,2025-10-03,false
tomato,Pune,2025-10-03,14,1153,1832,2637,false,2025-10-03,false
tomato,Pune,2025-10-03,21,996,1869,2855,false,2025-10-03,false
tomato,Pune (Pimpri),2025-10-03,0,1500,1500,1500,true,2025-10-03,false
tomato,Pune (Pimpri),2025-10-03,1,1351,1553,2000,false,2025-10-03,false
tomato,Pune (Pimpri),2025-10-03,2,1248,1553,2156,false,2025-10-03,false
tomato,Pune (Pimpri),2025-10-03,3,1247,1553,2301,false,2025-10-03,false
tomato,Pune (Pimpri),2025-10-03,7,1141,1500,2000,true,2025-10-03,false
tomato,Pune (Pimpri),2025-10-03,14,1137,1760,2853,false,2025-10-03,false
tomato,Pune (Pimpri),2025-10-03,21,958,1797,3174,false,2025-10-03,false
onion,Lasalgaon,2025-10-06,0,1200,1200,1200,true,2025-10-03,false
onion,Lasalgaon,2025-10-06,1,1102,1200,1311,true,2025-10-03,false
onion,Lasalgaon,2025-10-06,2,1070,1200,1348,true,2025-10-03,false
onion,Lasalgaon,2025-10-06,3,1050,1200,1381,true,2025-10-03,false
onion,Lasalgaon,2025-10-06,7,985,1200,1483,true,2025-10-03,false
onion,Lasalgaon,2025-10-06,14,908,1200,1628,true,2025-10-03,false
onion,Lasalgaon,2025-10-06,21,841,1200,1771,true,2025-10-03,false
onion,Lasalgaon (Niphad),2025-10-06,0,1100,1100,1100,true,2025-10-06,false
onion,Lasalgaon (Niphad),2025-10-06,1,1015,1100,1192,true,2025-10-06,false
onion,Lasalgaon (Niphad),2025-10-06,2,986,1100,1229,true,2025-10-06,false
onion,Lasalgaon (Niphad),2025-10-06,3,967,1100,1272,true,2025-10-06,false
onion,Lasalgaon (Niphad),2025-10-06,7,911,1100,1376,true,2025-10-06,false
onion,Lasalgaon (Niphad),2025-10-06,14,857,1100,1628,true,2025-10-06,false
onion,Lasalgaon (Niphad),2025-10-06,21,862,1100,1723,true,2025-10-06,false
onion,Lasalgaon (Vinchur),2025-10-06,0,1100,1100,1100,true,2025-10-06,false
onion,Lasalgaon (Vinchur),2025-10-06,1,1032,1100,1179,true,2025-10-06,false
onion,Lasalgaon (Vinchur),2025-10-06,2,1015,1100,1227,true,2025-10-06,false
onion,Lasalgaon (Vinchur),2025-10-06,3,996,1100,1263,true,2025-10-06,false
onion,Lasalgaon (Vinchur),2025-10-06,7,938,1100,1363,true,2025-10-06,false
onion,Lasalgaon (Vinchur),2025-10-06,14,886,1100,1502,true,2025-10-06,false
onion,Lasalgaon (Vinchur),2025-10-06,21,895,1100,1650,true,2025-10-06,false
onion,Nasik,2025-10-06,0,1100,1100,1100,true,2025-10-06,false
onion,Nasik,2025-10-06,1,1000,1100,1222,true,2025-10-06,false
onion,Nasik,2025-10-06,2,978,1100,1247,true,2025-10-06,false
onion,Nasik,2025-10-06,3,953,1100,1294,true,2025-10-06,false
onion,Nasik,2025-10-06,7,906,1100,1375,true,2025-10-06,false
onion,Nasik,2025-10-06,14,900,1100,1558,true,2025-10-06,false
onion,Nasik,2025-10-06,21,892,1457,2109,false,2025-10-06,false
onion,Pimpalgaon,2025-10-06,0,1250,1250,1250,true,2025-10-06,false
onion,Pimpalgaon,2025-10-06,1,1163,1250,1339,true,2025-10-06,false
onion,Pimpalgaon,2025-10-06,2,1133,1250,1385,true,2025-10-06,false
onion,Pimpalgaon,2025-10-06,3,1101,1250,1428,true,2025-10-06,false
onion,Pimpalgaon,2025-10-06,7,1033,1250,1529,true,2025-10-06,false
onion,Pimpalgaon,2025-10-06,14,982,1250,1685,true,2025-10-06,false
onion,Pimpalgaon,2025-10-06,21,1006,1250,1806,true,2025-10-06,false
onion,Pune,2025-10-06,0,1000,1000,1000,true,2025-10-06,false
onion,Pune,2025-10-06,1,914,1000,1091,true,2025-10-06,false
onion,Pune,2025-10-06,2,897,1000,1125,true,2025-10-06,false
onion,Pune,2025-10-06,3,875,1000,1146,true,2025-10-06,false
onion,Pune,2025-10-06,7,951,1105,1440,false,2025-10-06,false
onion,Pune,2025-10-06,14,750,1000,1284,true,2025-10-06,false
onion,Pune,2025-10-06,21,687,1000,1359,true,2025-10-06,false
onion,Solapur,2025-10-06,0,1000,1000,1000,true,2025-10-04,false
onion,Solapur,2025-10-06,1,900,1000,1111,true,2025-10-04,false
onion,Solapur,2025-10-06,2,875,1000,1131,true,2025-10-04,false
onion,Solapur,2025-10-06,3,833,1000,1167,true,2025-10-04,false
onion,Solapur,2025-10-06,7,778,1000,1250,true,2025-10-04,false
onion,Solapur,2025-10-06,14,733,1000,1353,true,2025-10-04,false
onion,Solapur,2025-10-06,21,879,1405,1939,false,2025-10-04,false
soybean,Akola,2025-10-06,0,4250,4250,4250,true,2025-10-06,false
soybean,Akola,2025-10-06,1,4122,4308,4460,false,2025-10-06,false
soybean,Akola,2025-10-06,2,4101,4250,4399,true,2025-10-06,false
soybean,Akola,2025-10-06,3,4087,4250,4433,true,2025-10-06,false
soybean,Akola,2025-10-06,7,4042,4250,4493,true,2025-10-06,false
soybean,Akola,2025-10-06,14,3954,4250,4577,true,2025-10-06,false
soybean,Akola,2025-10-06,21,3918,4250,4675,true,2025-10-06,false
soybean,Amarawati,2025-10-06,0,4250,4250,4250,true,2025-10-06,false
soybean,Amarawati,2025-10-06,1,4167,4250,4332,true,2025-10-06,false
soybean,Amarawati,2025-10-06,2,4149,4250,4356,true,2025-10-06,false
soybean,Amarawati,2025-10-06,3,4127,4250,4366,true,2025-10-06,false
soybean,Amarawati,2025-10-06,7,4100,4250,4406,true,2025-10-06,false
soybean,Amarawati,2025-10-06,14,4042,4250,4432,true,2025-10-06,false
soybean,Amarawati,2025-10-06,21,3990,4250,4515,true,2025-10-06,false
soybean,Latur,2025-10-06,0,4350,4350,4350,true,2025-10-03,false
soybean,Latur,2025-10-06,1,4282,4350,4437,true,2025-10-03,false
soybean,Latur,2025-10-06,2,4259,4350,4456,true,2025-10-03,false
soybean,Latur,2025-10-06,3,4231,4350,4481,true,2025-10-03,false
soybean,Latur,2025-10-06,7,4170,4350,4547,true,2025-10-03,false
soybean,Latur,2025-10-06,14,4130,4350,4633,true,2025-10-03,false
soybean,Latur,2025-10-06,21,4089,4350,4796,true,2025-10-03,false
soybean,Nagpur,2025-10-06,0,4075,4075,4075,true,2025-10-06,false
soybean,Nagpur,2025-10-06,1,3970,4075,4195,true,2025-10-06,false
soybean,Nagpur,2025-10-06,2,3949,4075,4220,true,2025-10-06,false
soybean,Nagpur,2025-10-06,3,3948,4075,4231,true,2025-10-06,false
soybean,Nagpur,2025-10-06,7,3905,4075,4274,true,2025-10-06,false
soybean,Nagpur,2025-10-06,14,3870,4075,4349,true,2025-10-06,false
soybean,Nagpur,2025-10-06,21,3829,4075,4416,true,2025-10-06,false
soybean,Washim,2025-10-06,0,4150,4150,4150,true,2025-10-06,false
soybean,Washim,2025-10-06,1,3969,4150,4343,true,2025-10-06,false
soybean,Washim,2025-10-06,2,3970,4150,4336,true,2025-10-06,false
soybean,Washim,2025-10-06,3,3961,4150,4351,true,2025-10-06,false
soybean,Washim,2025-10-06,7,3919,4150,4427,true,2025-10-06,false
soybean,Washim,2025-10-06,14,3831,4150,4511,true,2025-10-06,false
soybean,Washim,2025-10-06,21,3741,4226,4742,false,2025-10-06,false
tomato,Junnar (Narayangaon),2025-10-06,0,1000,1000,1000,true,2025-10-06,true
tomato,Junnar (Narayangaon),2025-10-06,1,800,1000,1250,true,2025-10-06,true
tomato,Junnar (Narayangaon),2025-10-06,2,750,1000,1333,true,2025-10-06,true
tomato,Junnar (Narayangaon),2025-10-06,3,785,1231,1991,false,2025-10-06,true
tomato,Junnar (Narayangaon),2025-10-06,7,723,1273,2092,false,2025-10-06,true
tomato,Junnar (Narayangaon),2025-10-06,14,683,1350,2321,false,2025-10-06,true
tomato,Junnar (Narayangaon),2025-10-06,21,583,1384,2460,false,2025-10-06,true
tomato,Nasik,2025-10-06,0,1050,1050,1050,true,2025-10-06,false
tomato,Nasik,2025-10-06,1,840,1050,1260,true,2025-10-06,false
tomato,Nasik,2025-10-06,2,798,1050,1400,true,2025-10-06,false
tomato,Nasik,2025-10-06,3,764,1050,1444,true,2025-10-06,false
tomato,Nasik,2025-10-06,7,700,1050,1575,true,2025-10-06,false
tomato,Nasik,2025-10-06,14,592,1252,1853,false,2025-10-06,false
tomato,Nasik,2025-10-06,21,484,1305,2064,false,2025-10-06,false
tomato,Pimpalgaon,2025-10-06,0,1775,1775,1775,true,2025-10-06,false
tomato,Pimpalgaon,2025-10-06,1,1401,1775,2219,true,2025-10-06,false
tomato,Pimpalgaon,2025-10-06,2,1294,1775,2365,true,2025-10-06,false
tomato,Pimpalgaon,2025-10-06,3,1234,1775,2497,true,2025-10-06,false
tomato,Pimpalgaon,2025-10-06,7,1067,1638,2321,false,2025-10-06,false
tomato,Pimpalgaon,2025-10-06,14,1017,1709,2702,false,2025-10-06,false
tomato,Pimpalgaon,2025-10-06,21,848,1747,2863,false,2025-10-06,false
tomato,Pune,2025-10-06,0,1300,1300,1300,true,2025-10-06,false
tomato,Pune,2025-10-06,1,1100,1300,1538,true,2025-10-06,false
tomato,Pune,2025-10-06,2,1052,1300,1589,true,2025-10-06,false
tomato,Pune,2025-10-06,3,1040,1300,1625,true,2025-10-06,false
tomato,Pune,2025-10-06,7,954,1300,1758,true,2025-10-06,false
tomato,Pune,2025-10-06,14,991,1696,2601,false,2025-10-06,false
tomato,Pune,2025-10-06,21,815,1745,2781,false,2025-10-06,false
tomato,Pune (Pimpri),2025-10-06,0,1500,1500,1500,true,2025-10-06,false
tomato,Pune (Pimpri),2025-10-06,1,1335,1553,1797,false,2025-10-06,false
tomato,Pune (Pimpri),2025-10-06,2,1233,1553,1934,false,2025-10-06,false
tomato,Pune (Pimpri),2025-10-06,3,1232,1553,2052,false,2025-10-06,false
tomato,Pune (Pimpri),2025-10-06,7,1141,1500,2000,true,2025-10-06,false
tomato,Pune (Pimpri),2025-10-06,14,1104,1818,2621,false,2025-10-06,false
tomato,Pune (Pimpri),2025-10-06,21,931,1857,2946,false,2025-10-06,false
onion,Lasalgaon,2025-10-09,0,1080,1080,1080,true,2025-10-09,false
onion,Lasalgaon,2025-10-09,1,992,1080,1180,true,2025-10-09,false
onion,Lasalgaon,2025-10-09,2,963,1080,1213,true,2025-10-09,false
onion,Lasalgaon,2025-10-09,3,945,1080,1243,true,2025-10-09,false
onion,Lasalgaon,2025-10-09,7,886,1080,1335,true,2025-10-09,false
onion,Lasalgaon,2025-10-09,14,817,1080,1465,true,2025-10-09,false
onion,Lasalgaon,2025-10-09,21,757,1080,1594,true,2025-10-09,false
onion,Lasalgaon (Niphad),2025-10-09,0,1000,1000,1000,true,2025-10-09,false
onion,Lasalgaon (Niphad),2025-10-09,1,923,1000,1084,true,2025-10-09,false
onion,Lasalgaon (Niphad),2025-10-09,2,896,1000,1117,true,2025-10-09,false
onion,Lasalgaon (Niphad),2025-10-09,3,879,1000,1157,true,2025-10-09,false
onion,Lasalgaon (Niphad),2025-10-09,7,828,1000,1251,true,2025-10-09,false
onion,Lasalgaon (Niphad),2025-10-09,14,779,1000,1480,true,2025-10-09,false
onion,Lasalgaon (Niphad),2025-10-09,21,784,1000,1567,true,2025-10-09,false
onion,Lasalgaon (Vinchur),2025-10-09,0,1030,1030,1030,true,2025-10-09,false
onion,Lasalgaon (Vinchur),2025-10-09,1,966,1030,1104,true,2025-10-09,false
onion,Lasalgaon (Vinchur),2025-10-09,2,951,1030,1149,true,2025-10-09,false
onion,Lasalgaon (Vinchur),2025-10-09,3,933,1030,1183,true,2025-10-09,false
onion,Lasalgaon (Vinchur),2025-10-09,7,879,1030,1276,true,2025-10-09,false
onion,Lasalgaon (Vinchur),2025-10-09,14,830,1030,1406,true,2025-10-09,false
onion,Lasalgaon (Vinchur),2025-10-09,21,838,1030,1545,true,2025-10-09,false
onion,Nasik,2025-10-09,0,850,850,850,true,2025-10-09,true
onion,Nasik,2025-10-09,1,773,850,944,true,2025-10-09,true
onion,Nasik,2025-10-09,2,756,850,963,true,2025-10-09,true
onion,Nasik,2025-10-09,3,737,850,1000,true,2025-10-09,true
onion,Nasik,2025-10-09,7,700,850,1063,true,2025-10-09,true
onion,Nasik,2025-10-09,14,695,850,1204,true,2025-10-09,true
onion,Nasik,2025-10-09,21,735,1174,1734,false,2025-10-09,true
onion,Pimpalgaon,2025-10-09,0,1150,1150,1150,true,2025-10-08,false
onion,Pimpalgaon,2025-10-09,1,1070,1150,1232,true,2025-10-08,false
onion,Pimpalgaon,2025-10-09,2,1042,1150,1274,true,2025-10-08,false
onion,Pimpalgaon,2025-10-09,3,1013,1150,1314,true,2025-10-08,false
onion,Pimpalgaon,2025-10-09,7,951,1150,1406,true,2025-10-08,false
onion,Pimpalgaon,2025-10-09,14,903,1150,1550,true,2025-10-08,false
onion,Pimpalgaon,2025-10-09,21,925,1150,1661,true,2025-10-08,false
onion,Pune,2025-10-09,0,900,900,900,true,2025-10-09,false
onion,Pune,2025-10-09,1,823,900,982,true,2025-10-09,false
onion,Pune,2025-10-09,2,807,900,1013,true,2025-10-09,false
onion,Pune,2025-10-09,3,788,900,1031,true,2025-10-09,false
onion,Pune,2025-10-09,7,736,900,1082,true,2025-10-09,false
onion,Pune,2025-10-09,14,675,900,1156,true,2025-10-09,false
onion,Pune,2025-10-09,21,618,900,1223,true,2025-10-09,false
onion,Solapur,2025-10-09,0,1000,1000,1000,true,2025-10-09,false
onion,Solapur,2025-10-09,1,900,1000,1111,true,2025-10-09,false
onion,Solapur,2025-10-09,2,875,1000,1131,true,2025-10-09,false
onion,Solapur,2025-10-09,3,833,1000,1167,true,2025-10-09,false
onion,Solapur,2025-10-09,7,778,1000,1250,true,2025-10-09,false
onion,Solapur,2025-10-09,14,733,1000,1353,true,2025-10-09,false
onion,Solapur,2025-10-09,21,667,1000,1481,true,2025-10-09,false
soybean,Akola,2025-10-09,0,4200,4200,4200,true,2025-10-09,false
soybean,Akola,2025-10-09,1,4050,4176,4356,false,2025-10-09,false
soybean,Akola,2025-10-09,2,4053,4200,4347,true,2025-10-09,false
soybean,Akola,2025-10-09,3,4039,4200,4380,true,2025-10-09,false
soybean,Akola,2025-10-09,7,3995,4200,4440,true,2025-10-09,false
soybean,Akola,2025-10-09,14,3907,4200,4523,true,2025-10-09,false
soybean,Akola,2025-10-09,21,3872,4200,4620,true,2025-10-09,false
soybean,Amarawati,2025-10-09,0,3975,3975,3975,true,2025-10-09,false
soybean,Amarawati,2025-10-09,1,3898,3975,4051,true,2025-10-09,false
soybean,Amarawati,2025-10-09,2,3880,3975,4074,true,2025-10-09,false
soybean,Amarawati,2025-10-09,3,3860,3975,4083,true,2025-10-09,false
soybean,Amarawati,2025-10-09,7,3834,3975,4121,true,2025-10-09,false
soybean,Amarawati,2025-10-09,14,3781,3975,4145,true,2025-10-09,false
soybean,Amarawati,2025-10-09,21,3731,3975,4223,true,2025-10-09,false
soybean,Latur,2025-10-09,0,4300,4300,4300,true,2025-10-08,false
soybean,Latur,2025-10-09,1,4232,4300,4386,true,2025-10-08,false
soybean,Latur,2025-10-09,2,4210,4300,4405,true,2025-10-08,false
soybean,Latur,2025-10-09,3,4183,4300,4429,true,2025-10-08,false
soybean,Latur,2025-10-09,7,4122,4300,4495,true,2025-10-08,false
soybean,Latur,2025-10-09,14,4083,4300,4580,true,2025-10-08,false
soybean,Latur,2025-10-09,21,4042,4300,4741,true,2025-10-08,false
soybean,Nagpur,2025-10-09,0,4108,4108,4108,true,2025-10-09,false
soybean,Nagpur,2025-10-09,1,4002,4108,4229,true,2025-10-09,false
soybean,Nagpur,2025-10-09,2,3981,4108,4254,true,2025-10-09,false
soybean,Nagpur,2025-10-09,3,3980,4108,4266,true,2025-10-09,false
soybean,Nagpur,2025-10-09,7,3937,4108,4309,true,2025-10-09,false
soybean,Nagpur,2025-10-09,14,3901,4108,4384,true,2025-10-09,false
soybean,Nagpur,2025-10-09,21,3860,4108,4451,true,2025-10-09,false
soybean,Washim,2025-10-09,0,4050,4050,4050,true,2025-10-09,false
soybean,Washim,2025-10-09,1,3873,4050,4238,true,2025-10-09,false
soybean,Washim,2025-10-09,2,3875,4050,4232,true,2025-10-09,false
soybean,Washim,2025-10-09,3,3866,4050,4246,true,2025-10-09,false
soybean,Washim,2025-10-09,7,3824,4050,4320,true,2025-10-09,false
soybean,Washim,2025-10-09,14,3738,4050,4402,true,2025-10-09,false
soybean,Washim,2025-10-09,21,3754,4230,4698,false,2025-10-09,false
tomato,Junnar (Narayangaon),2025-10-09,0,1000,1000,1000,true,2025-10-07,true
tomato,Junnar (Narayangaon),2025-10-09,1,800,1000,1250,true,2025-10-07,true
tomato,Junnar (Narayangaon),2025-10-09,2,750,1000,1333,true,2025-10-07,true
tomato,Junnar (Narayangaon),2025-10-09,3,638,1091,1711,false,2025-10-07,true
tomato,Junnar (Narayangaon),2025-10-09,7,605,1164,1794,false,2025-10-07,true
tomato,Junnar (Narayangaon),2025-10-09,14,574,1264,2012,false,2025-10-07,true
tomato,Junnar (Narayangaon),2025-10-09,21,510,1291,2240,false,2025-10-07,true
tomato,Nasik,2025-10-09,0,550,550,550,true,2025-10-08,true
tomato,Nasik,2025-10-09,1,440,550,660,true,2025-10-08,true
tomato,Nasik,2025-10-09,2,418,550,733,true,2025-10-08,true
tomato,Nasik,2025-10-09,3,400,550,756,true,2025-10-08,true
tomato,Nasik,2025-10-09,7,367,550,825,true,2025-10-08,true
tomato,Nasik,2025-10-09,14,357,871,1397,false,2025-10-08,true
tomato,Nasik,2025-10-09,21,280,986,1633,false,2025-10-08,true
tomato,Pimpalgaon,2025-10-09,0,855,855,855,true,2025-10-09,true
tomato,Pimpalgaon,2025-10-09,1,675,855,1069,true,2025-10-09,true
tomato,Pimpalgaon,2025-10-09,2,623,855,1139,true,2025-10-09,true
tomato,Pimpalgaon,2025-10-09,3,594,855,1203,true,2025-10-09,true
tomato,Pimpalgaon,2025-10-09,7,619,1160,1808,false,2025-10-09,true
tomato,Pimpalgaon,2025-10-09,14,572,1247,2022,false,2025-10-09,true
tomato,Pimpalgaon,2025-10-09,21,483,1292,2112,false,2025-10-09,true
tomato,Pune,2025-10-09,0,1300,1300,1300,true,2025-10-09,false
tomato,Pune,2025-10-09,1,1100,1300,1538,true,2025-10-09,false
tomato,Pune,2025-10-09,2,1052,1300,1589,true,2025-10-09,false
tomato,Pune,2025-10-09,3,1040,1300,1625,true,2025-10-09,false
tomato,Pune,2025-10-09,7,954,1300,1758,true,2025-10-09,false
tomato,Pune,2025-10-09,14,944,1636,2312,false,2025-10-09,false
tomato,Pune,2025-10-09,21,785,1685,2458,false,2025-10-09,false
tomato,Pune (Pimpri),2025-10-09,0,1500,1500,1500,true,2025-10-09,false
tomato,Pune (Pimpri),2025-10-09,1,1374,1549,1844,false,2025-10-09,false
tomato,Pune (Pimpri),2025-10-09,2,1256,1549,2017,false,2025-10-09,false
tomato,Pune (Pimpri),2025-10-09,3,1227,1549,2170,false,2025-10-09,false
tomato,Pune (Pimpri),2025-10-09,7,1141,1500,2000,true,2025-10-09,false
tomato,Pune (Pimpri),2025-10-09,14,1109,1767,2740,false,2025-10-09,false
tomato,Pune (Pimpri),2025-10-09,21,950,1803,3025,false,2025-10-09,false
onion,Lasalgaon,2025-10-12,0,1080,1080,1080,true,2025-10-09,false
onion,Lasalgaon,2025-10-12,1,992,1080,1180,true,2025-10-09,false
onion,Lasalgaon,2025-10-12,2,963,1080,1213,true,2025-10-09,false
onion,Lasalgaon,2025-10-12,3,945,1080,1243,true,2025-10-09,false
onion,Lasalgaon,2025-10-12,7,886,1080,1335,true,2025-10-09,false
onion,Lasalgaon,2025-10-12,14,817,1080,1465,true,2025-10-09,false
onion,Lasalgaon,2025-10-12,21,757,1080,1594,true,2025-10-09,false
onion,Lasalgaon (Niphad),2025-10-12,0,1000,1000,1000,true,2025-10-09,false
onion,Lasalgaon (Niphad),2025-10-12,1,923,1000,1084,true,2025-10-09,false
onion,Lasalgaon (Niphad),2025-10-12,2,896,1000,1117,true,2025-10-09,false
onion,Lasalgaon (Niphad),2025-10-12,3,879,1000,1157,true,2025-10-09,false
onion,Lasalgaon (Niphad),2025-10-12,7,828,1000,1251,true,2025-10-09,false
onion,Lasalgaon (Niphad),2025-10-12,14,779,1000,1480,true,2025-10-09,false
onion,Lasalgaon (Niphad),2025-10-12,21,784,1000,1567,true,2025-10-09,false
onion,Lasalgaon (Vinchur),2025-10-12,0,1030,1030,1030,true,2025-10-09,false
onion,Lasalgaon (Vinchur),2025-10-12,1,966,1030,1104,true,2025-10-09,false
onion,Lasalgaon (Vinchur),2025-10-12,2,951,1030,1149,true,2025-10-09,false
onion,Lasalgaon (Vinchur),2025-10-12,3,933,1030,1183,true,2025-10-09,false
onion,Lasalgaon (Vinchur),2025-10-12,7,879,1030,1276,true,2025-10-09,false
onion,Lasalgaon (Vinchur),2025-10-12,14,830,1030,1406,true,2025-10-09,false
onion,Lasalgaon (Vinchur),2025-10-12,21,838,1030,1545,true,2025-10-09,false
onion,Nasik,2025-10-12,0,800,800,800,true,2025-10-11,true
onion,Nasik,2025-10-12,1,727,800,889,true,2025-10-11,true
onion,Nasik,2025-10-12,2,711,800,907,true,2025-10-11,true
onion,Nasik,2025-10-12,3,693,800,941,true,2025-10-11,true
onion,Nasik,2025-10-12,7,659,800,1000,true,2025-10-11,true
onion,Nasik,2025-10-12,14,654,800,1133,true,2025-10-11,true
onion,Nasik,2025-10-12,21,637,800,1243,true,2025-10-11,true
onion,Pimpalgaon,2025-10-12,0,1100,1100,1100,true,2025-10-10,false
onion,Pimpalgaon,2025-10-12,1,1023,1100,1179,true,2025-10-10,false
onion,Pimpalgaon,2025-10-12,2,997,1100,1219,true,2025-10-10,false
onion,Pimpalgaon,2025-10-12,3,969,1100,1257,true,2025-10-10,false
onion,Pimpalgaon,2025-10-12,7,909,1100,1345,true,2025-10-10,false
onion,Pimpalgaon,2025-10-12,14,864,1100,1483,true,2025-10-10,false
onion,Pimpalgaon,2025-10-12,21,885,1100,1589,true,2025-10-10,false
onion,Pune,2025-10-12,0,900,900,900,true,2025-10-12,false
onion,Pune,2025-10-12,1,823,900,982,true,2025-10-12,false
onion,Pune,2025-10-12,2,807,900,1013,true,2025-10-12,false
onion,Pune,2025-10-12,3,788,900,1031,true,2025-10-12,false
onion,Pune,2025-10-12,7,736,900,1082,true,2025-10-12,false
onion,Pune,2025-10-12,14,675,900,1156,true,2025-10-12,false
onion,Pune,2025-10-12,21,618,900,1223,true,2025-10-12,false
onion,Solapur,2025-10-12,0,1000,1000,1000,true,2025-10-09,false
onion,Solapur,2025-10-12,1,900,1000,1111,true,2025-10-09,false
onion,Solapur,2025-10-12,2,875,1000,1131,true,2025-10-09,false
onion,Solapur,2025-10-12,3,833,1000,1167,true,2025-10-09,false
onion,Solapur,2025-10-12,7,778,1000,1250,true,2025-10-09,false
onion,Solapur,2025-10-12,14,733,1000,1353,true,2025-10-09,false
onion,Solapur,2025-10-12,21,667,1000,1481,true,2025-10-09,false
soybean,Akola,2025-10-12,0,4200,4200,4200,true,2025-10-09,false
soybean,Akola,2025-10-12,1,4053,4214,4348,false,2025-10-09,false
soybean,Akola,2025-10-12,2,4053,4200,4347,true,2025-10-09,false
soybean,Akola,2025-10-12,3,4039,4200,4380,true,2025-10-09,false
soybean,Akola,2025-10-12,7,3995,4200,4440,true,2025-10-09,false
soybean,Akola,2025-10-12,14,3907,4200,4523,true,2025-10-09,false
soybean,Akola,2025-10-12,21,3872,4200,4620,true,2025-10-09,false
soybean,Amarawati,2025-10-12,0,3975,3975,3975,true,2025-10-09,false
soybean,Amarawati,2025-10-12,1,3898,3975,4051,true,2025-10-09,false
soybean,Amarawati,2025-10-12,2,3880,3975,4074,true,2025-10-09,false
soybean,Amarawati,2025-10-12,3,3860,3975,4083,true,2025-10-09,false
soybean,Amarawati,2025-10-12,7,3834,3975,4121,true,2025-10-09,false
soybean,Amarawati,2025-10-12,14,3781,3975,4145,true,2025-10-09,false
soybean,Amarawati,2025-10-12,21,3731,3975,4223,true,2025-10-09,false
soybean,Latur,2025-10-12,0,4300,4300,4300,true,2025-10-08,false
soybean,Latur,2025-10-12,1,4232,4300,4386,true,2025-10-08,false
soybean,Latur,2025-10-12,2,4210,4300,4405,true,2025-10-08,false
soybean,Latur,2025-10-12,3,4183,4300,4429,true,2025-10-08,false
soybean,Latur,2025-10-12,7,4122,4300,4495,true,2025-10-08,false
soybean,Latur,2025-10-12,14,4083,4300,4580,true,2025-10-08,false
soybean,Latur,2025-10-12,21,4042,4300,4741,true,2025-10-08,false
soybean,Nagpur,2025-10-12,0,4108,4108,4108,true,2025-10-09,false
soybean,Nagpur,2025-10-12,1,4002,4108,4229,true,2025-10-09,false
soybean,Nagpur,2025-10-12,2,3981,4108,4254,true,2025-10-09,false
soybean,Nagpur,2025-10-12,3,3980,4108,4266,true,2025-10-09,false
soybean,Nagpur,2025-10-12,7,3937,4108,4309,true,2025-10-09,false
soybean,Nagpur,2025-10-12,14,3901,4108,4384,true,2025-10-09,false
soybean,Nagpur,2025-10-12,21,3860,4108,4451,true,2025-10-09,false
soybean,Washim,2025-10-12,0,4050,4050,4050,true,2025-10-09,false
soybean,Washim,2025-10-12,1,3873,4050,4238,true,2025-10-09,false
soybean,Washim,2025-10-12,2,3875,4050,4232,true,2025-10-09,false
soybean,Washim,2025-10-12,3,3866,4050,4246,true,2025-10-09,false
soybean,Washim,2025-10-12,7,3824,4050,4320,true,2025-10-09,false
soybean,Washim,2025-10-12,14,3738,4050,4402,true,2025-10-09,false
soybean,Washim,2025-10-12,21,3686,4050,4500,true,2025-10-09,false
tomato,Junnar (Narayangaon),2025-10-12,0,1000,1000,1000,true,2025-10-07,true
tomato,Junnar (Narayangaon),2025-10-12,1,800,1000,1250,true,2025-10-07,true
tomato,Junnar (Narayangaon),2025-10-12,2,750,1000,1333,true,2025-10-07,true
tomato,Junnar (Narayangaon),2025-10-12,3,614,1004,1662,false,2025-10-07,true
tomato,Junnar (Narayangaon),2025-10-12,7,564,1063,1755,false,2025-10-07,true
tomato,Junnar (Narayangaon),2025-10-12,14,595,1156,1897,false,2025-10-07,true
tomato,Junnar (Narayangaon),2025-10-12,21,513,1177,2112,false,2025-10-07,true
tomato,Nasik,2025-10-12,0,1025,1025,1025,true,2025-10-12,false
tomato,Nasik,2025-10-12,1,820,1025,1230,true,2025-10-12,false
tomato,Nasik,2025-10-12,2,779,1025,1367,true,2025-10-12,false
tomato,Nasik,2025-10-12,3,745,1025,1409,true,2025-10-12,false
tomato,Nasik,2025-10-12,7,683,1025,1538,true,2025-10-12,false
tomato,Nasik,2025-10-12,14,638,1232,1799,false,2025-10-12,false
tomato,Nasik,2025-10-12,21,558,1313,1987,false,2025-10-12,false
tomato,Pimpalgaon,2025-10-12,0,1355,1355,1355,true,2025-10-12,false
tomato,Pimpalgaon,2025-10-12,1,1070,1355,1694,true,2025-10-12,false
tomato,Pimpalgaon,2025-10-12,2,988,1355,1805,true,2025-10-12,false
tomato,Pimpalgaon,2025-10-12,3,942,1355,1906,true,2025-10-12,false
tomato,Pimpalgaon,2025-10-12,7,838,1399,1995,false,2025-10-12,false
tomato,Pimpalgaon,2025-10-12,14,789,1467,2269,false,2025-10-12,false
tomato,Pimpalgaon,2025-10-12,21,644,1495,2472,false,2025-10-12,false
tomato,Pune,2025-10-12,0,1100,1100,1100,true,2025-10-12,true
tomato,Pune,2025-10-12,1,931,1100,1301,true,2025-10-12,true
tomato,Pune,2025-10-12,2,890,1100,1344,true,2025-10-12,true
tomato,Pune,2025-10-12,3,880,1100,1375,true,2025-10-12,true
tomato,Pune,2025-10-12,7,807,1100,1488,true,2025-10-12,true
tomato,Pune,2025-10-12,14,841,1388,2065,false,2025-10-12,true
tomato,Pune,2025-10-12,21,730,1423,2111,false,2025-10-12,true
tomato,Pune (Pimpri),2025-10-12,0,1500,1500,1500,true,2025-10-12,false
tomato,Pune (Pimpri),2025-10-12,1,1365,1537,1845,false,2025-10-12,false
tomato,Pune (Pimpri),2025-10-12,2,1250,1537,2003,false,2025-10-12,false
tomato,Pune (Pimpri),2025-10-12,3,1212,1537,2175,false,2025-10-12,false
tomato,Pune (Pimpri),2025-10-12,7,1141,1500,2000,true,2025-10-12,false
tomato,Pune (Pimpri),2025-10-12,14,1127,1722,2642,false,2025-10-12,false
tomato,Pune (Pimpri),2025-10-12,21,960,1750,2930,false,2025-10-12,false
onion,Lasalgaon,2025-10-15,0,1050,1050,1050,true,2025-10-15,false
onion,Lasalgaon,2025-10-15,1,964,1050,1147,true,2025-10-15,false
onion,Lasalgaon,2025-10-15,2,936,1050,1180,true,2025-10-15,false
onion,Lasalgaon,2025-10-15,3,919,1050,1209,true,2025-10-15,false
onion,Lasalgaon,2025-10-15,7,862,1050,1297,true,2025-10-15,false
onion,Lasalgaon,2025-10-15,14,794,1050,1425,true,2025-10-15,false
onion,Lasalgaon,2025-10-15,21,736,1050,1550,true,2025-10-15,false
onion,Lasalgaon (Niphad),2025-10-15,0,1050,1050,1050,true,2025-10-15,false
onion,Lasalgaon (Niphad),2025-10-15,1,969,1050,1138,true,2025-10-15,false
onion,Lasalgaon (Niphad),2025-10-15,2,941,1050,1173,true,2025-10-15,false
onion,Lasalgaon (Niphad),2025-10-15,3,923,1050,1215,true,2025-10-15,false
onion,Lasalgaon (Niphad),2025-10-15,7,870,1050,1314,true,2025-10-15,false
onion,Lasalgaon (Niphad),2025-10-15,14,818,1050,1554,true,2025-10-15,false
onion,Lasalgaon (Niphad),2025-10-15,21,823,1050,1645,true,2025-10-15,false
onion,Lasalgaon (Vinchur),2025-10-15,0,1040,1040,1040,true,2025-10-13,false
onion,Lasalgaon (Vinchur),2025-10-15,1,975,1040,1114,true,2025-10-13,false
onion,Lasalgaon (Vinchur),2025-10-15,2,960,1040,1160,true,2025-10-13,false
onion,Lasalgaon (Vinchur),2025-10-15,3,942,1040,1194,true,2025-10-13,false
onion,Lasalgaon (Vinchur),2025-10-15,7,887,1040,1289,true,2025-10-13,false
onion,Lasalgaon (Vinchur),2025-10-15,14,838,1040,1420,true,2025-10-13,false
onion,Lasalgaon (Vinchur),2025-10-15,21,846,1040,1560,true,2025-10-13,false
onion,Nasik,2025-10-15,0,801,801,801,true,2025-10-15,false
onion,Nasik,2025-10-15,1,728,801,890,true,2025-10-15,false
onion,Nasik,2025-10-15,2,712,801,908,true,2025-10-15,false
onion,Nasik,2025-10-15,3,694,801,942,true,2025-10-15,false
onion,Nasik,2025-10-15,7,660,801,1001,true,2025-10-15,false
onion,Nasik,2025-10-15,14,655,801,1134,true,2025-10-15,false
onion,Nasik,2025-10-15,21,637,801,1244,true,2025-10-15,false
onion,Pimpalgaon,2025-10-15,0,1100,1100,1100,true,2025-10-15,false
onion,Pimpalgaon,2025-10-15,1,1023,1100,1179,true,2025-10-15,false
onion,Pimpalgaon,2025-10-15,2,997,1100,1219,true,2025-10-15,false
onion,Pimpalgaon,2025-10-15,3,969,1100,1257,true,2025-10-15,false
onion,Pimpalgaon,2025-10-15,7,909,1100,1345,true,2025-10-15,false
onion,Pimpalgaon,2025-10-15,14,864,1100,1483,true,2025-10-15,false
onion,Pimpalgaon,2025-10-15,21,885,1100,1589,true,2025-10-15,false
onion,Pune,2025-10-15,0,900,900,900,true,2025-10-15,false
onion,Pune,2025-10-15,1,823,900,982,true,2025-10-15,false
onion,Pune,2025-10-15,2,807,900,1013,true,2025-10-15,false
onion,Pune,2025-10-15,3,788,900,1031,true,2025-10-15,false
onion,Pune,2025-10-15,7,736,900,1082,true,2025-10-15,false
onion,Pune,2025-10-15,14,675,900,1156,true,2025-10-15,false
onion,Pune,2025-10-15,21,618,900,1223,true,2025-10-15,false
onion,Solapur,2025-10-15,0,900,900,900,true,2025-10-15,false
onion,Solapur,2025-10-15,1,810,900,1000,true,2025-10-15,false
onion,Solapur,2025-10-15,2,788,900,1018,true,2025-10-15,false
onion,Solapur,2025-10-15,3,750,900,1050,true,2025-10-15,false
onion,Solapur,2025-10-15,7,700,900,1125,true,2025-10-15,false
onion,Solapur,2025-10-15,14,660,900,1218,true,2025-10-15,false
onion,Solapur,2025-10-15,21,600,900,1333,true,2025-10-15,false
soybean,Akola,2025-10-15,0,4100,4100,4100,true,2025-10-15,false
soybean,Akola,2025-10-15,1,4005,4150,4253,false,2025-10-15,false
soybean,Akola,2025-10-15,2,3957,4100,4243,true,2025-10-15,false
soybean,Akola,2025-10-15,3,3943,4100,4276,true,2025-10-15,false
soybean,Akola,2025-10-15,7,3900,4100,4335,true,2025-10-15,false
soybean,Akola,2025-10-15,14,3814,4100,4415,true,2025-10-15,false
soybean,Akola,2025-10-15,21,3780,4100,4510,true,2025-10-15,false
soybean,Amarawati,2025-10-15,0,3855,3855,3855,true,2025-10-15,false
soybean,Amarawati,2025-10-15,1,3780,3855,3929,true,2025-10-15,false
soybean,Amarawati,2025-10-15,2,3763,3855,3951,true,2025-10-15,false
soybean,Amarawati,2025-10-15,3,3743,3855,3960,true,2025-10-15,false
soybean,Amarawati,2025-10-15,7,3719,3855,3997,true,2025-10-15,false
soybean,Amarawati,2025-10-15,14,3667,3855,4020,true,2025-10-15,false
soybean,Amarawati,2025-10-15,21,3619,3855,4096,true,2025-10-15,false
soybean,Latur,2025-10-15,0,4060,4060,4060,true,2025-10-15,false
soybean,Latur,2025-10-15,1,3996,4060,4141,true,2025-10-15,false
soybean,Latur,2025-10-15,2,3975,4060,4159,true,2025-10-15,false
soybean,Latur,2025-10-15,3,3949,4060,4182,true,2025-10-15,false
soybean,Latur,2025-10-15,7,3892,4060,4244,true,2025-10-15,false
soybean,Latur,2025-10-15,14,3855,4060,4324,true,2025-10-15,false
soybean,Latur,2025-10-15,21,3816,4060,4476,true,2025-10-15,false
soybean,Nagpur,2025-10-15,0,4044,4044,4044,true,2025-10-15,false
soybean,Nagpur,2025-10-15,1,3940,4044,4163,true,2025-10-15,false
soybean,Nagpur,2025-10-15,2,3919,4044,4188,true,2025-10-15,false
soybean,Nagpur,2025-10-15,3,3918,4044,4199,true,2025-10-15,false
soybean,Nagpur,2025-10-15,7,3876,4044,4242,true,2025-10-15,false
soybean,Nagpur,2025-10-15,14,3840,4044,4316,true,2025-10-15,false
soybean,Nagpur,2025-10-15,21,3799,4044,4382,true,2025-10-15,false
soybean,Washim,2025-10-15,0,4410,4410,4410,true,2025-10-15,false
soybean,Washim,2025-10-15,1,4217,4410,4615,true,2025-10-15,false
soybean,Washim,2025-10-15,2,4114,4384,4573,false,2025-10-15,false
soybean,Washim,2025-10-15,3,4083,4384,4630,false,2025-10-15,false
soybean,Washim,2025-10-15,7,4164,4410,4704,true,2025-10-15,false
soybean,Washim,2025-10-15,14,4071,4410,4793,true,2025-10-15,false
soybean,Washim,2025-10-15,21,3919,4455,5075,false,2025-10-15,false
tomato,Junnar (Narayangaon),2025-10-15,0,1250,1250,1250,true,2025-10-15,false
tomato,Junnar (Narayangaon),2025-10-15,1,1000,1250,1563,true,2025-10-15,false
tomato,Junnar (Narayangaon),2025-10-15,2,938,1250,1667,true,2025-10-15,false
tomato,Junnar (Narayangaon),2025-10-15,3,826,1240,1750,false,2025-10-15,false
tomato,Junnar (Narayangaon),2025-10-15,7,790,1306,1859,false,2025-10-15,false
tomato,Junnar (Narayangaon),2025-10-15,14,858,1393,2028,false,2025-10-15,false
tomato,Junnar (Narayangaon),2025-10-15,21,805,1419,2139,false,2025-10-15,false
tomato,Nasik,2025-10-15,0,1125,1125,1125,true,2025-10-15,false
tomato,Nasik,2025-10-15,1,900,1125,1350,true,2025-10-15,false
tomato,Nasik,2025-10-15,2,855,1125,1500,true,2025-10-15,false
tomato,Nasik,2025-10-15,3,818,1125,1547,true,2025-10-15,false
tomato,Nasik,2025-10-15,7,750,1125,1688,true,2025-10-15,false
tomato,Nasik,2025-10-15,14,860,1315,1790,false,2025-10-15,false
tomato,Nasik,2025-10-15,21,868,1380,1968,false,2025-10-15,false
tomato,Pimpalgaon,2025-10-15,0,1555,1555,1555,true,2025-10-15,false
tomato,Pimpalgaon,2025-10-15,1,1228,1555,1944,true,2025-10-15,false
tomato,Pimpalgaon,2025-10-15,2,1134,1555,2072,true,2025-10-15,false
tomato,Pimpalgaon,2025-10-15,3,1081,1555,2188,true,2025-10-15,false
tomato,Pimpalgaon,2025-10-15,7,932,1549,2184,false,2025-10-15,false
tomato,Pimpalgaon,2025-10-15,14,980,1661,2387,false,2025-10-15,false
tomato,Pimpalgaon,2025-10-15,21,916,1704,2521,false,2025-10-15,false
tomato,Pune,2025-10-15,0,1300,1300,1300,true,2025-10-15,false
tomato,Pune,2025-10-15,1,1100,1300,1538,true,2025-10-15,false
tomato,Pune,2025-10-15,2,1052,1300,1589,true,2025-10-15,false
tomato,Pune,2025-10-15,3,1040,1300,1625,true,2025-10-15,false
tomato,Pune,2025-10-15,7,954,1300,1758,true,2025-10-15,false
tomato,Pune,2025-10-15,14,962,1469,2149,false,2025-10-15,false
tomato,Pune,2025-10-15,21,909,1503,2230,false,2025-10-15,false
tomato,Pune (Pimpri),2025-10-15,0,1750,1750,1750,true,2025-10-15,false
tomato,Pune (Pimpri),2025-10-15,1,1399,1711,2070,false,2025-10-15,false
tomato,Pune (Pimpri),2025-10-15,2,1286,1711,2211,false,2025-10-15,false
tomato,Pune (Pimpri),2025-10-15,3,1268,1711,2317,false,2025-10-15,false
tomato,Pune (Pimpri),2025-10-15,7,1331,1750,2333,true,2025-10-15,false
tomato,Pune (Pimpri),2025-10-15,14,1276,1933,2765,false,2025-10-15,false
tomato,Pune (Pimpri),2025-10-15,21,1203,1970,2944,false,2025-10-15,false
onion,Lasalgaon,2025-10-18,0,1075,1075,1075,true,2025-10-16,false
onion,Lasalgaon,2025-10-18,1,987,1075,1175,true,2025-10-16,false
onion,Lasalgaon,2025-10-18,2,958,1075,1208,true,2025-10-16,false
onion,Lasalgaon,2025-10-18,3,941,1075,1238,true,2025-10-16,false
onion,Lasalgaon,2025-10-18,7,882,1075,1328,true,2025-10-16,false
onion,Lasalgaon,2025-10-18,14,813,1075,1458,true,2025-10-16,false
onion,Lasalgaon,2025-10-18,21,753,1075,1587,true,2025-10-16,false
onion,Lasalgaon (Niphad),2025-10-18,0,1050,1050,1050,true,2025-10-18,false
onion,Lasalgaon (Niphad),2025-10-18,1,969,1050,1138,true,2025-10-18,false
onion,Lasalgaon (Niphad),2025-10-18,2,941,1050,1173,true,2025-10-18,false
onion,Lasalgaon (Niphad),2025-10-18,3,923,1050,1215,true,2025-10-18,false
onion,Lasalgaon (Niphad),2025-10-18,7,870,1050,1314,true,2025-10-18,false
onion,Lasalgaon (Niphad),2025-10-18,14,818,1050,1554,true,2025-10-18,false
onion,Lasalgaon (Niphad),2025-10-18,21,823,1050,1645,true,2025-10-18,false
onion,Lasalgaon (Vinchur),2025-10-18,0,1040,1040,1040,true,2025-10-13,false
onion,Lasalgaon (Vinchur),2025-10-18,1,975,1040,1114,true,2025-10-13,false
onion,Lasalgaon (Vinchur),2025-10-18,2,960,1040,1160,true,2025-10-13,false
onion,Lasalgaon (Vinchur),2025-10-18,3,942,1040,1194,true,2025-10-13,false
onion,Lasalgaon (Vinchur),2025-10-18,7,887,1040,1289,true,2025-10-13,false
onion,Lasalgaon (Vinchur),2025-10-18,14,838,1040,1420,true,2025-10-13,false
onion,Lasalgaon (Vinchur),2025-10-18,21,846,1040,1560,true,2025-10-13,false
onion,Nasik,2025-10-18,0,850,850,850,true,2025-10-18,false
onion,Nasik,2025-10-18,1,773,850,944,true,2025-10-18,false
onion,Nasik,2025-10-18,2,756,850,963,true,2025-10-18,false
onion,Nasik,2025-10-18,3,737,850,1000,true,2025-10-18,false
onion,Nasik,2025-10-18,7,700,850,1063,true,2025-10-18,false
onion,Nasik,2025-10-18,14,695,850,1204,true,2025-10-18,false
onion,Nasik,2025-10-18,21,676,850,1321,true,2025-10-18,false
onion,Pimpalgaon,2025-10-18,0,1125,1125,1125,true,2025-10-17,false
onion,Pimpalgaon,2025-10-18,1,1047,1125,1205,true,2025-10-17,false
onion,Pimpalgaon,2025-10-18,2,1019,1125,1246,true,2025-10-17,false
onion,Pimpalgaon,2025-10-18,3,991,1125,1285,true,2025-10-17,false
onion,Pimpalgaon,2025-10-18,7,930,1125,1376,true,2025-10-17,false
onion,Pimpalgaon,2025-10-18,14,883,1125,1516,true,2025-10-17,false
onion,Pimpalgaon,2025-10-18,21,905,1125,1625,true,2025-10-17,false
onion,Pune,2025-10-18,0,900,900,900,true,2025-10-15,false
onion,Pune,2025-10-18,1,823,900,982,true,2025-10-15,false
onion,Pune,2025-10-18,2,807,900,1013,true,2025-10-15,false
onion,Pune,2025-10-18,3,788,900,1031,true,2025-10-15,false
onion,Pune,2025-10-18,7,736,900,1082,true,2025-10-15,false
onion,Pune,2025-10-18,14,675,900,1156,true,2025-10-15,false
onion,Pune,2025-10-18,21,618,900,1223,true,2025-10-15,false
onion,Solapur,2025-10-18,0,900,900,900,true,2025-10-18,false
onion,Solapur,2025-10-18,1,810,900,1000,true,2025-10-18,false
onion,Solapur,2025-10-18,2,788,900,1018,true,2025-10-18,false
onion,Solapur,2025-10-18,3,750,900,1050,true,2025-10-18,false
onion,Solapur,2025-10-18,7,700,900,1125,true,2025-10-18,false
onion,Solapur,2025-10-18,14,660,900,1218,true,2025-10-18,false
onion,Solapur,2025-10-18,21,600,900,1333,true,2025-10-18,false
soybean,Akola,2025-10-18,0,4200,4200,4200,true,2025-10-17,false
soybean,Akola,2025-10-18,1,4051,4244,4305,false,2025-10-17,false
soybean,Akola,2025-10-18,2,4053,4200,4347,true,2025-10-17,false
soybean,Akola,2025-10-18,3,4039,4200,4380,true,2025-10-17,false
soybean,Akola,2025-10-18,7,3995,4200,4440,true,2025-10-17,false
soybean,Akola,2025-10-18,14,3907,4200,4523,true,2025-10-17,false
soybean,Akola,2025-10-18,21,3872,4200,4620,true,2025-10-17,false
soybean,Amarawati,2025-10-18,0,3933,3933,3933,true,2025-10-17,false
soybean,Amarawati,2025-10-18,1,3856,3933,4009,true,2025-10-17,false
soybean,Amarawati,2025-10-18,2,3839,3933,4031,true,2025-10-17,false
soybean,Amarawati,2025-10-18,3,3819,3933,4040,true,2025-10-17,false
soybean,Amarawati,2025-10-18,7,3794,3933,4078,true,2025-10-17,false
soybean,Amarawati,2025-10-18,14,3741,3933,4101,true,2025-10-17,false
soybean,Amarawati,2025-10-18,21,3692,3933,4178,true,2025-10-17,false
soybean,Latur,2025-10-18,0,4060,4060,4060,true,2025-10-15,false
soybean,Latur,2025-10-18,1,3996,4060,4141,true,2025-10-15,false
soybean,Latur,2025-10-18,2,3975,4060,4159,true,2025-10-15,false
soybean,Latur,2025-10-18,3,3949,4060,4182,true,2025-10-15,false
soybean,Latur,2025-10-18,7,3892,4060,4244,true,2025-10-15,false
soybean,Latur,2025-10-18,14,3855,4060,4324,true,2025-10-15,false
soybean,Latur,2025-10-18,21,3816,4060,4476,true,2025-10-15,false
soybean,Nagpur,2025-10-18,0,4137,4137,4137,true,2025-10-18,false
soybean,Nagpur,2025-10-18,1,4031,4137,4259,true,2025-10-18,false
soybean,Nagpur,2025-10-18,2,4009,4137,4284,true,2025-10-18,false
soybean,Nagpur,2025-10-18,3,4008,4137,4296,true,2025-10-18,false
soybean,Nagpur,2025-10-18,7,3965,4137,4339,true,2025-10-18,false
soybean,Nagpur,2025-10-18,14,3928,4137,4415,true,2025-10-18,false
soybean,Nagpur,2025-10-18,21,3887,4137,4483,true,2025-10-18,false
soybean,Washim,2025-10-18,0,4310,4310,4310,true,2025-10-16,false
soybean,Washim,2025-10-18,1,4122,4310,4510,true,2025-10-16,false
soybean,Washim,2025-10-18,2,4123,4310,4503,true,2025-10-16,false
soybean,Washim,2025-10-18,3,4077,4338,4588,false,2025-10-16,false
soybean,Washim,2025-10-18,7,4070,4310,4597,true,2025-10-16,false
soybean,Washim,2025-10-18,14,3978,4310,4685,true,2025-10-16,false
soybean,Washim,2025-10-18,21,3897,4399,4957,false,2025-10-16,false
tomato,Junnar (Narayangaon),2025-10-18,0,1250,1250,1250,true,2025-10-16,false
tomato,Junnar (Narayangaon),2025-10-18,1,1000,1250,1563,true,2025-10-16,false
tomato,Junnar (Narayangaon),2025-10-18,2,938,1250,1667,true,2025-10-16,false
tomato,Junnar (Narayangaon),2025-10-18,3,802,1268,1753,false,2025-10-16,false
tomato,Junnar (Narayangaon),2025-10-18,7,870,1327,1730,false,2025-10-16,false
tomato,Junnar (Narayangaon),2025-10-18,14,802,1435,2043,false,2025-10-16,false
tomato,Junnar (Narayangaon),2025-10-18,21,781,1468,2182,false,2025-10-16,false
tomato,Nasik,2025-10-18,0,1000,1000,1000,true,2025-10-16,false
tomato,Nasik,2025-10-18,1,800,1000,1200,true,2025-10-16,false
tomato,Nasik,2025-10-18,2,760,1000,1333,true,2025-10-16,false
tomato,Nasik,2025-10-18,3,727,1000,1375,true,2025-10-16,false
tomato,Nasik,2025-10-18,7,667,1000,1500,true,2025-10-16,false
tomato,Nasik,2025-10-18,14,785,1407,1722,false,2025-10-16,false
tomato,Nasik,2025-10-18,21,795,1473,1914,false,2025-10-16,false
tomato,Pimpalgaon,2025-10-18,0,1205,1205,1205,true,2025-10-16,false
tomato,Pimpalgaon,2025-10-18,1,951,1205,1506,true,2025-10-16,false
tomato,Pimpalgaon,2025-10-18,2,878,1205,1606,true,2025-10-16,false
tomato,Pimpalgaon,2025-10-18,3,838,1205,1695,true,2025-10-16,false
tomato,Pimpalgaon,2025-10-18,7,968,1571,1872,false,2025-10-16,false
tomato,Pimpalgaon,2025-10-18,14,931,1628,2120,false,2025-10-16,false
tomato,Pimpalgaon,2025-10-18,21,919,1682,2289,false,2025-10-16,false
tomato,Pune,2025-10-18,0,1200,1200,1200,true,2025-10-16,false
tomato,Pune,2025-10-18,1,1015,1200,1420,true,2025-10-16,false
tomato,Pune,2025-10-18,2,971,1200,1467,true,2025-10-16,false
tomato,Pune,2025-10-18,3,960,1200,1500,true,2025-10-16,false
tomato,Pune,2025-10-18,7,881,1200,1623,true,2025-10-16,false
tomato,Pune,2025-10-18,14,956,1389,1944,false,2025-10-16,false
tomato,Pune,2025-10-18,21,950,1413,2003,false,2025-10-16,false
tomato,Pune (Pimpri),2025-10-18,0,1500,1500,1500,true,2025-10-18,false
tomato,Pune (Pimpri),2025-10-18,1,1323,1575,1742,false,2025-10-18,false
tomato,Pune (Pimpri),2025-10-18,2,1223,1575,1876,false,2025-10-18,false
tomato,Pune (Pimpri),2025-10-18,3,1183,1575,1978,false,2025-10-18,false
tomato,Pune (Pimpri),2025-10-18,7,1141,1500,2000,true,2025-10-18,false
tomato,Pune (Pimpri),2025-10-18,14,1159,1767,2416,false,2025-10-18,false
tomato,Pune (Pimpri),2025-10-18,21,1123,1804,2654,false,2025-10-18,false
onion,Lasalgaon,2025-10-21,0,1075,1075,1075,true,2025-10-16,false
onion,Lasalgaon,2025-10-21,1,987,1075,1175,true,2025-10-16,false
onion,Lasalgaon,2025-10-21,2,958,1075,1208,true,2025-10-16,false
onion,Lasalgaon,2025-10-21,3,941,1075,1238,true,2025-10-16,false
onion,Lasalgaon,2025-10-21,7,882,1075,1328,true,2025-10-16,false
onion,Lasalgaon,2025-10-21,14,813,1075,1458,true,2025-10-16,false
onion,Lasalgaon,2025-10-21,21,753,1075,1587,true,2025-10-16,false
onion,Lasalgaon (Niphad),2025-10-21,0,1050,1050,1050,true,2025-10-18,false
onion,Lasalgaon (Niphad),2025-10-21,1,969,1050,1138,true,2025-10-18,false
onion,Lasalgaon (Niphad),2025-10-21,2,941,1050,1173,true,2025-10-18,false
onion,Lasalgaon (Niphad),2025-10-21,3,923,1050,1215,true,2025-10-18,false
onion,Lasalgaon (Niphad),2025-10-21,7,870,1050,1314,true,2025-10-18,false
onion,Lasalgaon (Niphad),2025-10-21,14,818,1050,1554,true,2025-10-18,false
onion,Lasalgaon (Niphad),2025-10-21,21,823,1050,1645,true,2025-10-18,false
onion,Lasalgaon (Vinchur),2025-10-21,0,1040,1040,1040,true,2025-10-13,false
onion,Lasalgaon (Vinchur),2025-10-21,1,975,1040,1114,true,2025-10-13,false
onion,Lasalgaon (Vinchur),2025-10-21,2,960,1040,1160,true,2025-10-13,false
onion,Lasalgaon (Vinchur),2025-10-21,3,942,1040,1194,true,2025-10-13,false
onion,Lasalgaon (Vinchur),2025-10-21,7,887,1040,1289,true,2025-10-13,false
onion,Lasalgaon (Vinchur),2025-10-21,14,838,1040,1420,true,2025-10-13,false
onion,Lasalgaon (Vinchur),2025-10-21,21,846,1040,1560,true,2025-10-13,false
onion,Nasik,2025-10-21,0,850,850,850,true,2025-10-18,false
onion,Nasik,2025-10-21,1,773,850,944,true,2025-10-18,false
onion,Nasik,2025-10-21,2,756,850,963,true,2025-10-18,false
onion,Nasik,2025-10-21,3,737,850,1000,true,2025-10-18,false
onion,Nasik,2025-10-21,7,700,850,1063,true,2025-10-18,false
onion,Nasik,2025-10-21,14,695,850,1204,true,2025-10-18,false
onion,Nasik,2025-10-21,21,676,850,1321,true,2025-10-18,false
onion,Pimpalgaon,2025-10-21,0,1125,1125,1125,true,2025-10-17,false
onion,Pimpalgaon,2025-10-21,1,1047,1125,1205,true,2025-10-17,false
onion,Pimpalgaon,2025-10-21,2,1019,1125,1246,true,2025-10-17,false
onion,Pimpalgaon,2025-10-21,3,991,1125,1285,true,2025-10-17,false
onion,Pimpalgaon,2025-10-21,7,930,1125,1376,true,2025-10-17,false
onion,Pimpalgaon,2025-10-21,14,883,1125,1516,true,2025-10-17,false
onion,Pimpalgaon,2025-10-21,21,905,1125,1625,true,2025-10-17,false
onion,Pune,2025-10-21,0,950,950,950,true,2025-10-21,false
onion,Pune,2025-10-21,1,868,950,1036,true,2025-10-21,false
onion,Pune,2025-10-21,2,852,950,1069,true,2025-10-21,false
onion,Pune,2025-10-21,3,831,950,1088,true,2025-10-21,false
onion,Pune,2025-10-21,7,777,950,1142,true,2025-10-21,false
onion,Pune,2025-10-21,14,713,950,1220,true,2025-10-21,false
onion,Pune,2025-10-21,21,652,950,1291,true,2025-10-21,false
onion,Solapur,2025-10-21,0,900,900,900,true,2025-10-18,false
onion,Solapur,2025-10-21,1,810,900,1000,true,2025-10-18,false
onion,Solapur,2025-10-21,2,788,900,1018,true,2025-10-18,false
onion,Solapur,2025-10-21,3,750,900,1050,true,2025-10-18,false
onion,Solapur,2025-10-21,7,700,900,1125,true,2025-10-18,false
onion,Solapur,2025-10-21,14,660,900,1218,true,2025-10-18,false
onion,Solapur,2025-10-21,21,600,900,1333,true,2025-10-18,false
soybean,Akola,2025-10-21,0,4200,4200,4200,true,2025-10-17,false
soybean,Akola,2025-10-21,1,4047,4242,4323,false,2025-10-17,false
soybean,Akola,2025-10-21,2,4053,4200,4347,true,2025-10-17,false
soybean,Akola,2025-10-21,3,4039,4200,4380,true,2025-10-17,false
soybean,Akola,2025-10-21,7,3995,4200,4440,true,2025-10-17,false
soybean,Akola,2025-10-21,14,3907,4200,4523,true,2025-10-17,false
soybean,Akola,2025-10-21,21,3872,4200,4620,true,2025-10-17,false
soybean,Amarawati,2025-10-21,0,3933,3933,3933,true,2025-10-17,false
soybean,Amarawati,2025-10-21,1,3856,3933,4009,true,2025-10-17,false
soybean,Amarawati,2025-10-21,2,3839,3933,4031,true,2025-10-17,false
soybean,Amarawati,2025-10-21,3,3819,3933,4040,true,2025-10-17,false
soybean,Amarawati,2025-10-21,7,3794,3933,4078,true,2025-10-17,false
soybean,Amarawati,2025-10-21,14,3741,3933,4101,true,2025-10-17,false
soybean,Amarawati,2025-10-21,21,3692,3933,4178,true,2025-10-17,false
soybean,Latur,2025-10-21,0,4060,4060,4060,true,2025-10-15,false
soybean,Latur,2025-10-21,1,3996,4060,4141,true,2025-10-15,false
soybean,Latur,2025-10-21,2,3975,4060,4159,true,2025-10-15,false
soybean,Latur,2025-10-21,3,3949,4060,4182,true,2025-10-15,false
soybean,Latur,2025-10-21,7,3892,4060,4244,true,2025-10-15,false
soybean,Latur,2025-10-21,14,3855,4060,4324,true,2025-10-15,false
soybean,Latur,2025-10-21,21,3816,4060,4476,true,2025-10-15,false
soybean,Nagpur,2025-10-21,0,4176,4176,4176,true,2025-10-20,false
soybean,Nagpur,2025-10-21,1,4069,4176,4299,true,2025-10-20,false
soybean,Nagpur,2025-10-21,2,4046,4176,4324,true,2025-10-20,false
soybean,Nagpur,2025-10-21,3,4045,4176,4336,true,2025-10-20,false
soybean,Nagpur,2025-10-21,7,4002,4176,4380,true,2025-10-20,false
soybean,Nagpur,2025-10-21,14,3965,4176,4457,true,2025-10-20,false
soybean,Nagpur,2025-10-21,21,3923,4176,4525,true,2025-10-20,false
soybean,Washim,2025-10-21,0,4310,4310,4310,true,2025-10-16,false
soybean,Washim,2025-10-21,1,4122,4310,4510,true,2025-10-16,false
soybean,Washim,2025-10-21,2,4123,4310,4503,true,2025-10-16,false
soybean,Washim,2025-10-21,3,4079,4353,4622,false,2025-10-16,false
soybean,Washim,2025-10-21,7,4070,4310,4597,true,2025-10-16,false
soybean,Washim,2025-10-21,14,3978,4310,4685,true,2025-10-16,false
soybean,Washim,2025-10-21,21,3928,4403,4904,false,2025-10-16,false
tomato,Junnar (Narayangaon),2025-10-21,0,1250,1250,1250,true,2025-10-16,false
tomato,Junnar (Narayangaon),2025-10-21,1,1000,1250,1563,true,2025-10-16,false
tomato,Junnar (Narayangaon),2025-10-21,2,851,1335,1667,false,2025-10-16,false
tomato,Junnar (Narayangaon),2025-10-21,3,825,1335,1763,false,2025-10-16,false
tomato,Junnar (Narayangaon),2025-10-21,7,785,1431,1855,false,2025-10-16,false
tomato,Junnar (Narayangaon),2025-10-21,14,727,1500,2192,false,2025-10-16,false
tomato,Junnar (Narayangaon),2025-10-21,21,709,1530,2377,false,2025-10-16,false
tomato,Nasik,2025-10-21,0,1000,1000,1000,true,2025-10-16,false
tomato,Nasik,2025-10-21,1,800,1000,1200,true,2025-10-16,false
tomato,Nasik,2025-10-21,2,760,1000,1333,true,2025-10-16,false
tomato,Nasik,2025-10-21,3,727,1000,1375,true,2025-10-16,false
tomato,Nasik,2025-10-21,7,667,1000,1500,true,2025-10-16,false
tomato,Nasik,2025-10-21,14,751,1415,1888,false,2025-10-16,false
tomato,Nasik,2025-10-21,21,753,1481,2024,false,2025-10-16,false
tomato,Pimpalgaon,2025-10-21,0,1205,1205,1205,true,2025-10-16,false
tomato,Pimpalgaon,2025-10-21,1,951,1205,1506,true,2025-10-16,false
tomato,Pimpalgaon,2025-10-21,2,878,1205,1606,true,2025-10-16,false
tomato,Pimpalgaon,2025-10-21,3,945,1492,1863,false,2025-10-16,false
tomato,Pimpalgaon,2025-10-21,7,912,1553,1934,false,2025-10-16,false
tomato,Pimpalgaon,2025-10-21,14,875,1614,2232,false,2025-10-16,false
tomato,Pimpalgaon,2025-10-21,21,864,1667,2390,false,2025-10-16,false
tomato,Pune,2025-10-21,0,1100,1100,1100,true,2025-10-21,false
tomato,Pune,2025-10-21,1,931,1100,1301,true,2025-10-21,false
tomato,Pune,2025-10-21,2,890,1100,1344,true,2025-10-21,false
tomato,Pune,2025-10-21,3,880,1100,1375,true,2025-10-21,false
tomato,Pune,2025-10-21,7,807,1100,1488,true,2025-10-21,false
tomato,Pune,2025-10-21,14,923,1435,1814,false,2025-10-21,false
tomato,Pune,2025-10-21,21,913,1476,1890,false,2025-10-21,false
tomato,Pune (Pimpri),2025-10-21,0,1300,1300,1300,true,2025-10-20,true
tomato,Pune (Pimpri),2025-10-21,1,1178,1449,1802,false,2025-10-20,true
tomato,Pune (Pimpri),2025-10-21,2,1173,1449,1818,false,2025-10-20,true
tomato,Pune (Pimpri),2025-10-21,3,1158,1458,1874,false,2025-10-20,true
tomato,Pune (Pimpri),2025-10-21,7,989,1300,1733,true,2025-10-20,true
tomato,Pune (Pimpri),2025-10-21,14,1050,1566,2325,false,2025-10-20,true
tomato,Pune (Pimpri),2025-10-21,21,1025,1591,2470,false,2025-10-20,true
onion,Lasalgaon,2025-10-24,0,1075,1075,1075,true,2025-10-16,false
onion,Lasalgaon,2025-10-24,1,987,1075,1175,true,2025-10-16,false
onion,Lasalgaon,2025-10-24,2,958,1075,1208,true,2025-10-16,false
onion,Lasalgaon,2025-10-24,3,941,1075,1238,true,2025-10-16,false
onion,Lasalgaon,2025-10-24,7,882,1075,1328,true,2025-10-16,false
onion,Lasalgaon,2025-10-24,14,813,1075,1458,true,2025-10-16,false
onion,Lasalgaon,2025-10-24,21,753,1075,1587,true,2025-10-16,false
onion,Lasalgaon (Niphad),2025-10-24,0,1050,1050,1050,true,2025-10-18,false
onion,Lasalgaon (Niphad),2025-10-24,1,969,1050,1138,true,2025-10-18,false
onion,Lasalgaon (Niphad),2025-10-24,2,941,1050,1173,true,2025-10-18,false
onion,Lasalgaon (Niphad),2025-10-24,3,923,1050,1215,true,2025-10-18,false
onion,Lasalgaon (Niphad),2025-10-24,7,870,1050,1314,true,2025-10-18,false
onion,Lasalgaon (Niphad),2025-10-24,14,818,1050,1554,true,2025-10-18,false
onion,Lasalgaon (Niphad),2025-10-24,21,823,1050,1645,true,2025-10-18,false
onion,Lasalgaon (Vinchur),2025-10-24,0,1040,1040,1040,true,2025-10-13,false
onion,Lasalgaon (Vinchur),2025-10-24,1,975,1040,1114,true,2025-10-13,false
onion,Lasalgaon (Vinchur),2025-10-24,2,960,1040,1160,true,2025-10-13,false
onion,Lasalgaon (Vinchur),2025-10-24,3,942,1040,1194,true,2025-10-13,false
onion,Lasalgaon (Vinchur),2025-10-24,7,887,1040,1289,true,2025-10-13,false
onion,Lasalgaon (Vinchur),2025-10-24,14,838,1040,1420,true,2025-10-13,false
onion,Lasalgaon (Vinchur),2025-10-24,21,846,1040,1560,true,2025-10-13,false
onion,Nasik,2025-10-24,0,850,850,850,true,2025-10-18,false
onion,Nasik,2025-10-24,1,773,850,944,true,2025-10-18,false
onion,Nasik,2025-10-24,2,756,850,963,true,2025-10-18,false
onion,Nasik,2025-10-24,3,737,850,1000,true,2025-10-18,false
onion,Nasik,2025-10-24,7,700,850,1063,true,2025-10-18,false
onion,Nasik,2025-10-24,14,695,850,1204,true,2025-10-18,false
onion,Nasik,2025-10-24,21,676,850,1321,true,2025-10-18,false
onion,Pimpalgaon,2025-10-24,0,1125,1125,1125,true,2025-10-17,false
onion,Pimpalgaon,2025-10-24,1,1047,1125,1205,true,2025-10-17,false
onion,Pimpalgaon,2025-10-24,2,1019,1125,1246,true,2025-10-17,false
onion,Pimpalgaon,2025-10-24,3,991,1125,1285,true,2025-10-17,false
onion,Pimpalgaon,2025-10-24,7,930,1125,1376,true,2025-10-17,false
onion,Pimpalgaon,2025-10-24,14,883,1125,1516,true,2025-10-17,false
onion,Pimpalgaon,2025-10-24,21,905,1125,1625,true,2025-10-17,false
onion,Pune,2025-10-24,0,950,950,950,true,2025-10-21,false
onion,Pune,2025-10-24,1,868,950,1036,true,2025-10-21,false
onion,Pune,2025-10-24,2,852,950,1069,true,2025-10-21,false
onion,Pune,2025-10-24,3,831,950,1088,true,2025-10-21,false
onion,Pune,2025-10-24,7,777,950,1142,true,2025-10-21,false
onion,Pune,2025-10-24,14,713,950,1220,true,2025-10-21,false
onion,Pune,2025-10-24,21,652,950,1291,true,2025-10-21,false
onion,Solapur,2025-10-24,0,900,900,900,true,2025-10-18,false
onion,Solapur,2025-10-24,1,810,900,1000,true,2025-10-18,false
onion,Solapur,2025-10-24,2,788,900,1018,true,2025-10-18,false
onion,Solapur,2025-10-24,3,750,900,1050,true,2025-10-18,false
onion,Solapur,2025-10-24,7,700,900,1125,true,2025-10-18,false
onion,Solapur,2025-10-24,14,660,900,1218,true,2025-10-18,false
onion,Solapur,2025-10-24,21,600,900,1333,true,2025-10-18,false
soybean,Akola,2025-10-24,0,4280,4280,4280,true,2025-10-24,false
soybean,Akola,2025-10-24,1,4143,4301,4395,false,2025-10-24,false
soybean,Akola,2025-10-24,2,4130,4280,4430,true,2025-10-24,false
soybean,Akola,2025-10-24,3,4116,4280,4464,true,2025-10-24,false
soybean,Akola,2025-10-24,7,4071,4280,4525,true,2025-10-24,false
soybean,Akola,2025-10-24,14,3982,4280,4609,true,2025-10-24,false
soybean,Akola,2025-10-24,21,3946,4280,4708,true,2025-10-24,false
soybean,Amarawati,2025-10-24,0,3933,3933,3933,true,2025-10-17,false
soybean,Amarawati,2025-10-24,1,3856,3933,4009,true,2025-10-17,false
soybean,Amarawati,2025-10-24,2,3839,3933,4031,true,2025-10-17,false
soybean,Amarawati,2025-10-24,3,3819,3933,4040,true,2025-10-17,false
soybean,Amarawati,2025-10-24,7,3794,3933,4078,true,2025-10-17,false
soybean,Amarawati,2025-10-24,14,3741,3933,4101,true,2025-10-17,false
soybean,Amarawati,2025-10-24,21,3692,3933,4178,true,2025-10-17,false
soybean,Latur,2025-10-24,0,4060,4060,4060,true,2025-10-15,false
soybean,Latur,2025-10-24,1,3996,4060,4141,true,2025-10-15,false
soybean,Latur,2025-10-24,2,3975,4060,4159,true,2025-10-15,false
soybean,Latur,2025-10-24,3,3949,4060,4182,true,2025-10-15,false
soybean,Latur,2025-10-24,7,3892,4060,4244,true,2025-10-15,false
soybean,Latur,2025-10-24,14,3855,4060,4324,true,2025-10-15,false
soybean,Latur,2025-10-24,21,3816,4060,4476,true,2025-10-15,false
soybean,Nagpur,2025-10-24,0,4176,4176,4176,true,2025-10-20,false
soybean,Nagpur,2025-10-24,1,4069,4176,4299,true,2025-10-20,false
soybean,Nagpur,2025-10-24,2,4046,4176,4324,true,2025-10-20,false
soybean,Nagpur,2025-10-24,3,4045,4176,4336,true,2025-10-20,false
soybean,Nagpur,2025-10-24,7,4002,4176,4380,true,2025-10-20,false
soybean,Nagpur,2025-10-24,14,3965,4176,4457,true,2025-10-20,false
soybean,Nagpur,2025-10-24,21,3923,4176,4525,true,2025-10-20,false
soybean,Washim,2025-10-24,0,4310,4310,4310,true,2025-10-16,false
soybean,Washim,2025-10-24,1,4122,4310,4510,true,2025-10-16,false
soybean,Washim,2025-10-24,2,4123,4310,4503,true,2025-10-16,false
soybean,Washim,2025-10-24,3,4014,4322,4623,false,2025-10-16,false
soybean,Washim,2025-10-24,7,4070,4310,4597,true,2025-10-16,false
soybean,Washim,2025-10-24,14,3978,4310,4685,true,2025-10-16,false
soybean,Washim,2025-10-24,21,3954,4438,4980,false,2025-10-16,false
tomato,Junnar (Narayangaon),2025-10-24,0,1250,1250,1250,true,2025-10-16,false
tomato,Junnar (Narayangaon),2025-10-24,1,1000,1250,1563,true,2025-10-16,false
tomato,Junnar (Narayangaon),2025-10-24,2,486,973,1607,false,2025-10-16,false
tomato,Junnar (Narayangaon),2025-10-24,3,461,973,1652,false,2025-10-16,false
tomato,Junnar (Narayangaon),2025-10-24,7,458,963,1486,false,2025-10-16,false
tomato,Junnar (Narayangaon),2025-10-24,14,462,997,1667,false,2025-10-16,false
tomato,Junnar (Narayangaon),2025-10-24,21,427,1001,1769,false,2025-10-16,false
tomato,Nasik,2025-10-24,0,1000,1000,1000,true,2025-10-16,false
tomato,Nasik,2025-10-24,1,800,1000,1200,true,2025-10-16,false
tomato,Nasik,2025-10-24,2,760,1000,1333,true,2025-10-16,false
tomato,Nasik,2025-10-24,3,727,1000,1375,true,2025-10-16,false
tomato,Nasik,2025-10-24,7,552,873,1513,false,2025-10-16,false
tomato,Nasik,2025-10-24,14,588,931,1450,false,2025-10-16,false
tomato,Nasik,2025-10-24,21,555,1078,1618,false,2025-10-16,false
tomato,Pimpalgaon,2025-10-24,0,1205,1205,1205,true,2025-10-16,false
tomato,Pimpalgaon,2025-10-24,1,951,1205,1506,true,2025-10-16,false
tomato,Pimpalgaon,2025-10-24,2,878,1205,1606,true,2025-10-16,false
tomato,Pimpalgaon,2025-10-24,3,649,977,1652,false,2025-10-16,false
tomato,Pimpalgaon,2025-10-24,7,649,967,1489,false,2025-10-16,false
tomato,Pimpalgaon,2025-10-24,14,646,995,1660,false,2025-10-16,false
tomato,Pimpalgaon,2025-10-24,21,608,1006,1752,false,2025-10-16,false
tomato,Pune,2025-10-24,0,1200,1200,1200,true,2025-10-24,false
tomato,Pune,2025-10-24,1,1015,1200,1420,true,2025-10-24,false
tomato,Pune,2025-10-24,2,971,1200,1467,true,2025-10-24,false
tomato,Pune,2025-10-24,3,1013,1206,1563,false,2025-10-24,false
tomato,Pune,2025-10-24,7,881,1200,1623,true,2025-10-24,false
tomato,Pune,2025-10-24,14,952,1383,1985,false,2025-10-24,false
tomato,Pune,2025-10-24,21,952,1414,2060,false,2025-10-24,false
tomato,Pune (Pimpri),2025-10-24,0,1400,1400,1400,true,2025-10-22,false
tomato,Pune (Pimpri),2025-10-24,1,1198,1545,1766,false,2025-10-22,false
tomato,Pune (Pimpri),2025-10-24,2,1188,1545,1792,false,2025-10-22,false
tomato,Pune (Pimpri),2025-10-24,3,1151,1556,1852,false,2025-10-22,false
tomato,Pune (Pimpri),2025-10-24,7,1065,1400,1867,true,2025-10-22,false
tomato,Pune (Pimpri),2025-10-24,14,1031,1668,2343,false,2025-10-22,false
tomato,Pune (Pimpri),2025-10-24,21,1017,1694,2503,false,2025-10-22,false
onion,Lasalgaon,2025-10-27,0,1075,1075,1075,true,2025-10-16,false
onion,Lasalgaon,2025-10-27,1,987,1075,1175,true,2025-10-16,false
onion,Lasalgaon,2025-10-27,2,958,1075,1208,true,2025-10-16,false
onion,Lasalgaon,2025-10-27,3,941,1075,1238,true,2025-10-16,false
onion,Lasalgaon,2025-10-27,7,882,1075,1328,true,2025-10-16,false
onion,Lasalgaon,2025-10-27,14,813,1075,1458,true,2025-10-16,false
onion,Lasalgaon,2025-10-27,21,753,1075,1587,true,2025-10-16,false
onion,Lasalgaon (Niphad),2025-10-27,0,1300,1300,1300,true,2025-10-27,false
onion,Lasalgaon (Niphad),2025-10-27,1,1200,1300,1409,true,2025-10-27,false
onion,Lasalgaon (Niphad),2025-10-27,2,1165,1300,1452,true,2025-10-27,false
onion,Lasalgaon (Niphad),2025-10-27,3,1142,1300,1504,true,2025-10-27,false
onion,Lasalgaon (Niphad),2025-10-27,7,1077,1300,1626,true,2025-10-27,false
onion,Lasalgaon (Niphad),2025-10-27,14,1013,1300,1924,true,2025-10-27,false
onion,Lasalgaon (Niphad),2025-10-27,21,1019,1300,2037,true,2025-10-27,false
onion,Lasalgaon (Vinchur),2025-10-27,0,1040,1040,1040,true,2025-10-13,false
onion,Lasalgaon (Vinchur),2025-10-27,1,975,1040,1114,true,2025-10-13,false
onion,Lasalgaon (Vinchur),2025-10-27,2,960,1040,1160,true,2025-10-13,false
onion,Lasalgaon (Vinchur),2025-10-27,3,942,1040,1194,true,2025-10-13,false
onion,Lasalgaon (Vinchur),2025-10-27,7,887,1040,1289,true,2025-10-13,false
onion,Lasalgaon (Vinchur),2025-10-27,14,838,1040,1420,true,2025-10-13,false
onion,Lasalgaon (Vinchur),2025-10-27,21,846,1040,1560,true,2025-10-13,false
onion,Nasik,2025-10-27,0,850,850,850,true,2025-10-18,false
onion,Nasik,2025-10-27,1,773,850,944,true,2025-10-18,false
onion,Nasik,2025-10-27,2,756,850,963,true,2025-10-18,false
onion,Nasik,2025-10-27,3,737,850,1000,true,2025-10-18,false
onion,Nasik,2025-10-27,7,700,850,1063,true,2025-10-18,false
onion,Nasik,2025-10-27,14,695,850,1204,true,2025-10-18,false
onion,Nasik,2025-10-27,21,676,850,1321,true,2025-10-18,false
onion,Pimpalgaon,2025-10-27,0,1400,1400,1400,true,2025-10-27,false
onion,Pimpalgaon,2025-10-27,1,1302,1400,1500,true,2025-10-27,false
onion,Pimpalgaon,2025-10-27,2,1269,1400,1551,true,2025-10-27,false
onion,Pimpalgaon,2025-10-27,3,1234,1400,1600,true,2025-10-27,false
onion,Pimpalgaon,2025-10-27,7,1157,1400,1712,true,2025-10-27,false
onion,Pimpalgaon,2025-10-27,14,1099,1400,1887,true,2025-10-27,false
onion,Pimpalgaon,2025-10-27,21,1127,1400,2022,true,2025-10-27,false
onion,Pune,2025-10-27,0,1250,1250,1250,true,2025-10-27,false
onion,Pune,2025-10-27,1,1143,1250,1364,true,2025-10-27,false
onion,Pune,2025-10-27,2,1121,1250,1406,true,2025-10-27,false
onion,Pune,2025-10-27,3,1094,1250,1432,true,2025-10-27,false
onion,Pune,2025-10-27,7,1023,1250,1502,true,2025-10-27,false
onion,Pune,2025-10-27,14,938,1250,1605,true,2025-10-27,false
onion,Pune,2025-10-27,21,858,1250,1699,true,2025-10-27,false
onion,Solapur,2025-10-27,0,900,900,900,true,2025-10-18,false
onion,Solapur,2025-10-27,1,810,900,1000,true,2025-10-18,false
onion,Solapur,2025-10-27,2,788,900,1018,true,2025-10-18,false
onion,Solapur,2025-10-27,3,750,900,1050,true,2025-10-18,false
onion,Solapur,2025-10-27,7,700,900,1125,true,2025-10-18,false
onion,Solapur,2025-10-27,14,660,900,1218,true,2025-10-18,false
onion,Solapur,2025-10-27,21,600,900,1333,true,2025-10-18,false
soybean,Akola,2025-10-27,0,4280,4280,4280,true,2025-10-24,false
soybean,Akola,2025-10-27,1,4116,4294,4410,false,2025-10-24,false
soybean,Akola,2025-10-27,2,4130,4280,4430,true,2025-10-24,false
soybean,Akola,2025-10-27,3,4116,4280,4464,true,2025-10-24,false
soybean,Akola,2025-10-27,7,4071,4280,4525,true,2025-10-24,false
soybean,Akola,2025-10-27,14,3982,4280,4609,true,2025-10-24,false
soybean,Akola,2025-10-27,21,3946,4280,4708,true,2025-10-24,false
soybean,Amarawati,2025-10-27,0,3933,3933,3933,true,2025-10-17,false
soybean,Amarawati,2025-10-27,1,3856,3933,4009,true,2025-10-17,false
soybean,Amarawati,2025-10-27,2,3839,3933,4031,true,2025-10-17,false
soybean,Amarawati,2025-10-27,3,3819,3933,4040,true,2025-10-17,false
soybean,Amarawati,2025-10-27,7,3794,3933,4078,true,2025-10-17,false
soybean,Amarawati,2025-10-27,14,3741,3933,4101,true,2025-10-17,false
soybean,Amarawati,2025-10-27,21,3692,3933,4178,true,2025-10-17,false
soybean,Latur,2025-10-27,0,4060,4060,4060,true,2025-10-15,false
soybean,Latur,2025-10-27,1,3996,4060,4141,true,2025-10-15,false
soybean,Latur,2025-10-27,2,3975,4060,4159,true,2025-10-15,false
soybean,Latur,2025-10-27,3,3949,4060,4182,true,2025-10-15,false
soybean,Latur,2025-10-27,7,3892,4060,4244,true,2025-10-15,false
soybean,Latur,2025-10-27,14,3886,4219,4428,false,2025-10-15,false
soybean,Latur,2025-10-27,21,3816,4060,4476,true,2025-10-15,false
soybean,Nagpur,2025-10-27,0,4176,4176,4176,true,2025-10-20,false
soybean,Nagpur,2025-10-27,1,4069,4176,4299,true,2025-10-20,false
soybean,Nagpur,2025-10-27,2,4046,4176,4324,true,2025-10-20,false
soybean,Nagpur,2025-10-27,3,4045,4176,4336,true,2025-10-20,false
soybean,Nagpur,2025-10-27,7,4002,4176,4380,true,2025-10-20,false
soybean,Nagpur,2025-10-27,14,3965,4176,4457,true,2025-10-20,false
soybean,Nagpur,2025-10-27,21,3923,4176,4525,true,2025-10-20,false
soybean,Washim,2025-10-27,0,4150,4150,4150,true,2025-10-27,false
soybean,Washim,2025-10-27,1,3969,4150,4343,true,2025-10-27,false
soybean,Washim,2025-10-27,2,3970,4150,4336,true,2025-10-27,false
soybean,Washim,2025-10-27,3,3955,4146,4410,false,2025-10-27,false
soybean,Washim,2025-10-27,7,3919,4150,4427,true,2025-10-27,false
soybean,Washim,2025-10-27,14,3831,4150,4511,true,2025-10-27,false
soybean,Washim,2025-10-27,21,3777,4150,4611,true,2025-10-27,false
tomato,Junnar (Narayangaon),2025-10-27,0,1250,1250,1250,true,2025-10-16,false
tomato,Junnar (Narayangaon),2025-10-27,1,516,970,1591,false,2025-10-16,false
tomato,Junnar (Narayangaon),2025-10-27,2,500,970,1575,false,2025-10-16,false
tomato,Junnar (Narayangaon),2025-10-27,3,475,970,1620,false,2025-10-16,false
tomato,Junnar (Narayangaon),2025-10-27,7,471,964,1454,false,2025-10-16,false
tomato,Junnar (Narayangaon),2025-10-27,14,475,1011,1634,false,2025-10-16,false
tomato,Junnar (Narayangaon),2025-10-27,21,441,1015,1737,false,2025-10-16,false
tomato,Nasik,2025-10-27,0,1000,1000,1000,true,2025-10-16,false
tomato,Nasik,2025-10-27,1,800,1000,1200,true,2025-10-16,false
tomato,Nasik,2025-10-27,2,570,873,1638,false,2025-10-16,false
tomato,Nasik,2025-10-27,3,727,1000,1375,true,2025-10-16,false
tomato,Nasik,2025-10-27,7,561,885,1490,false,2025-10-16,false
tomato,Nasik,2025-10-27,14,596,953,1427,false,2025-10-16,false
tomato,Nasik,2025-10-27,21,563,982,1493,false,2025-10-16,false
tomato,Pimpalgaon,2025-10-27,0,905,905,905,true,2025-10-27,false
tomato,Pimpalgaon,2025-10-27,1,714,905,1131,true,2025-10-27,false
tomato,Pimpalgaon,2025-10-27,2,708,955,1267,false,2025-10-27,false
tomato,Pimpalgaon,2025-10-27,3,670,955,1364,false,2025-10-27,false
tomato,Pimpalgaon,2025-10-27,7,635,1003,1455,false,2025-10-27,false
tomato,Pimpalgaon,2025-10-27,14,619,1104,1714,false,2025-10-27,false
tomato,Pimpalgaon,2025-10-27,21,624,1132,1838,false,2025-10-27,false
tomato,Pune,2025-10-27,0,1100,1100,1100,true,2025-10-27,false
tomato,Pune,2025-10-27,1,931,1100,1301,true,2025-10-27,false
tomato,Pune,2025-10-27,2,968,1153,1319,false,2025-10-27,false
tomato,Pune,2025-10-27,3,926,1153,1410,false,2025-10-27,false
tomato,Pune,2025-10-27,7,807,1100,1488,true,2025-10-27,false
tomato,Pune,2025-10-27,14,876,1349,1809,false,2025-10-27,false
tomato,Pune,2025-10-27,21,882,1376,1885,false,2025-10-27,false
tomato,Pune (Pimpri),2025-10-27,0,1400,1400,1400,true,2025-10-22,false
tomato,Pune (Pimpri),2025-10-27,1,1082,1376,1739,false,2025-10-22,false
tomato,Pune (Pimpri),2025-10-27,2,1071,1376,1755,false,2025-10-22,false
tomato,Pune (Pimpri),2025-10-27,3,1035,1376,1858,false,2025-10-22,false
tomato,Pune (Pimpri),2025-10-27,7,1028,1476,1969,false,2025-10-22,false
tomato,Pune (Pimpri),2025-10-27,14,925,1557,2350,false,2025-10-22,false
tomato,Pune (Pimpri),2025-10-27,21,920,1583,2559,false,2025-10-22,false
onion,Lasalgaon,2025-10-30,0,1550,1550,1550,true,2025-10-30,false
onion,Lasalgaon,2025-10-30,1,1423,1550,1694,true,2025-10-30,false
onion,Lasalgaon,2025-10-30,2,1382,1550,1741,true,2025-10-30,false
onion,Lasalgaon,2025-10-30,3,1356,1550,1784,true,2025-10-30,false
onion,Lasalgaon,2025-10-30,7,1272,1550,1915,true,2025-10-30,false
onion,Lasalgaon,2025-10-30,14,1173,1550,2103,true,2025-10-30,false
onion,Lasalgaon,2025-10-30,21,1086,1550,2288,true,2025-10-30,false
onion,Lasalgaon (Niphad),2025-10-30,0,1400,1400,1400,true,2025-10-28,false
onion,Lasalgaon (Niphad),2025-10-30,1,1292,1400,1517,true,2025-10-28,false
onion,Lasalgaon (Niphad),2025-10-30,2,1255,1400,1564,true,2025-10-28,false
onion,Lasalgaon (Niphad),2025-10-30,3,1230,1400,1619,true,2025-10-28,false
onion,Lasalgaon (Niphad),2025-10-30,7,1159,1400,1751,true,2025-10-28,false
onion,Lasalgaon (Niphad),2025-10-30,14,1091,1400,2072,true,2025-10-28,false
onion,Lasalgaon (Niphad),2025-10-30,21,1097,1400,2193,true,2025-10-28,false
onion,Lasalgaon (Vinchur),2025-10-30,0,1040,1040,1040,true,2025-10-13,false
onion,Lasalgaon (Vinchur),2025-10-30,1,975,1040,1114,true,2025-10-13,false
onion,Lasalgaon (Vinchur),2025-10-30,2,960,1040,1160,true,2025-10-13,false
onion,Lasalgaon (Vinchur),2025-10-30,3,942,1040,1194,true,2025-10-13,false
onion,Lasalgaon (Vinchur),2025-10-30,7,887,1040,1289,true,2025-10-13,false
onion,Lasalgaon (Vinchur),2025-10-30,14,838,1040,1420,true,2025-10-13,false
onion,Lasalgaon (Vinchur),2025-10-30,21,846,1040,1560,true,2025-10-13,false
onion,Nasik,2025-10-30,0,1300,1300,1300,true,2025-10-29,false
onion,Nasik,2025-10-30,1,1182,1300,1444,true,2025-10-29,false
onion,Nasik,2025-10-30,2,1156,1300,1473,true,2025-10-29,false
onion,Nasik,2025-10-30,3,1127,1300,1529,true,2025-10-29,false
onion,Nasik,2025-10-30,7,1071,1300,1625,true,2025-10-29,false
onion,Nasik,2025-10-30,14,1063,1300,1841,true,2025-10-29,false
onion,Nasik,2025-10-30,21,1035,1300,2020,true,2025-10-29,false
onion,Pimpalgaon,2025-10-30,0,1750,1750,1750,true,2025-10-30,false
onion,Pimpalgaon,2025-10-30,1,1628,1750,1875,true,2025-10-30,false
onion,Pimpalgaon,2025-10-30,2,1586,1750,1939,true,2025-10-30,false
onion,Pimpalgaon,2025-10-30,3,1542,1750,1999,true,2025-10-30,false
onion,Pimpalgaon,2025-10-30,7,1447,1750,2140,true,2025-10-30,false
onion,Pimpalgaon,2025-10-30,14,1374,1750,2359,true,2025-10-30,false
onion,Pimpalgaon,2025-10-30,21,1408,1750,2528,true,2025-10-30,false
onion,Pune,2025-10-30,0,1250,1250,1250,true,2025-10-27,false
onion,Pune,2025-10-30,1,1143,1250,1364,true,2025-10-27,false
onion,Pune,2025-10-30,2,1121,1250,1406,true,2025-10-27,false
onion,Pune,2025-10-30,3,1094,1250,1432,true,2025-10-27,false
onion,Pune,2025-10-30,7,1023,1250,1502,true,2025-10-27,false
onion,Pune,2025-10-30,14,938,1250,1605,true,2025-10-27,false
onion,Pune,2025-10-30,21,858,1250,1699,true,2025-10-27,false
onion,Solapur,2025-10-30,0,1050,1050,1050,true,2025-10-29,false
onion,Solapur,2025-10-30,1,945,1050,1167,true,2025-10-29,false
onion,Solapur,2025-10-30,2,919,1050,1188,true,2025-10-29,false
onion,Solapur,2025-10-30,3,875,1050,1225,true,2025-10-29,false
onion,Solapur,2025-10-30,7,817,1050,1313,true,2025-10-29,false
onion,Solapur,2025-10-30,14,770,1050,1421,true,2025-10-29,false
onion,Solapur,2025-10-30,21,700,1050,1556,true,2025-10-29,false
soybean,Akola,2025-10-30,0,4280,4280,4280,true,2025-10-24,false
soybean,Akola,2025-10-30,1,4110,4308,4444,false,2025-10-24,false
soybean,Akola,2025-10-30,2,4130,4280,4430,true,2025-10-24,false
soybean,Akola,2025-10-30,3,4116,4280,4464,true,2025-10-24,false
soybean,Akola,2025-10-30,7,4071,4280,4525,true,2025-10-24,false
soybean,Akola,2025-10-30,14,3982,4280,4609,true,2025-10-24,false
soybean,Akola,2025-10-30,21,3946,4280,4708,true,2025-10-24,false
soybean,Amarawati,2025-10-30,0,3925,3925,3925,true,2025-10-28,false
soybean,Amarawati,2025-10-30,1,3849,3925,4001,true,2025-10-28,false
soybean,Amarawati,2025-10-30,2,3832,3925,4023,true,2025-10-28,false
soybean,Amarawati,2025-10-30,3,3811,3925,4032,true,2025-10-28,false
soybean,Amarawati,2025-10-30,7,3786,3925,4069,true,2025-10-28,false
soybean,Amarawati,2025-10-30,14,3733,3925,4093,true,2025-10-28,false
soybean,Amarawati,2025-10-30,21,3684,3925,4170,true,2025-10-28,false
soybean,Latur,2025-10-30,0,4325,4325,4325,true,2025-10-29,false
soybean,Latur,2025-10-30,1,4257,4325,4412,true,2025-10-29,false
soybean,Latur,2025-10-30,2,4235,4325,4430,true,2025-10-29,false
soybean,Latur,2025-10-30,3,4207,4325,4455,true,2025-10-29,false
soybean,Latur,2025-10-30,7,4146,4325,4521,true,2025-10-29,false
soybean,Latur,2025-10-30,14,4067,4366,4696,false,2025-10-29,false
soybean,Latur,2025-10-30,21,4066,4325,4768,true,2025-10-29,false
soybean,Nagpur,2025-10-30,0,4176,4176,4176,true,2025-10-20,false
soybean,Nagpur,2025-10-30,1,4069,4176,4299,true,2025-10-20,false
soybean,Nagpur,2025-10-30,2,4046,4176,4324,true,2025-10-20,false
soybean,Nagpur,2025-10-30,3,4045,4176,4336,true,2025-10-20,false
soybean,Nagpur,2025-10-30,7,4002,4176,4380,true,2025-10-20,false
soybean,Nagpur,2025-10-30,14,3965,4176,4457,true,2025-10-20,false
soybean,Nagpur,2025-10-30,21,3923,4176,4525,true,2025-10-20,false
soybean,Washim,2025-10-30,0,4500,4500,4500,true,2025-10-29,false
soybean,Washim,2025-10-30,1,4303,4500,4709,true,2025-10-29,false
soybean,Washim,2025-10-30,2,4305,4500,4702,true,2025-10-29,false
soybean,Washim,2025-10-30,3,4295,4500,4718,true,2025-10-29,false
soybean,Washim,2025-10-30,7,4249,4500,4800,true,2025-10-29,false
soybean,Washim,2025-10-30,14,4154,4500,4891,true,2025-10-29,false
soybean,Washim,2025-10-30,21,4081,4586,5202,false,2025-10-29,false
tomato,Junnar (Narayangaon),2025-10-30,0,1250,1250,1250,true,2025-10-16,false
tomato,Junnar (Narayangaon),2025-10-30,1,1000,1250,1563,true,2025-10-16,false
tomato,Junnar (Narayangaon),2025-10-30,2,524,957,1581,false,2025-10-16,false
tomato,Junnar (Narayangaon),2025-10-30,3,499,957,1627,false,2025-10-16,false
tomato,Junnar (Narayangaon),2025-10-30,7,496,962,1445,false,2025-10-16,false
tomato,Junnar (Narayangaon),2025-10-30,14,499,998,1626,false,2025-10-16,false
tomato,Junnar (Narayangaon),2025-10-30,21,462,1002,1718,false,2025-10-16,false
tomato,Nasik,2025-10-30,0,525,525,525,true,2025-10-29,false
tomato,Nasik,2025-10-30,1,420,525,630,true,2025-10-29,false
tomato,Nasik,2025-10-30,2,399,525,700,true,2025-10-29,false
tomato,Nasik,2025-10-30,3,382,525,722,true,2025-10-29,false
tomato,Nasik,2025-10-30,7,469,655,936,false,2025-10-29,false
tomato,Nasik,2025-10-30,14,471,718,1053,false,2025-10-29,false
tomato,Nasik,2025-10-30,21,474,812,1135,false,2025-10-29,false
tomato,Pimpalgaon,2025-10-30,0,855,855,855,true,2025-10-29,false
tomato,Pimpalgaon,2025-10-30,1,675,855,1069,true,2025-10-29,false
tomato,Pimpalgaon,2025-10-30,2,657,940,1354,false,2025-10-29,false
tomato,Pimpalgaon,2025-10-30,3,618,940,1424,false,2025-10-29,false
tomato,Pimpalgaon,2025-10-30,7,581,993,1485,false,2025-10-29,false
tomato,Pimpalgaon,2025-10-30,14,565,1081,1721,false,2025-10-29,false
tomato,Pimpalgaon,2025-10-30,21,572,1107,1835,false,2025-10-29,false
tomato,Pune,2025-10-30,0,1100,1100,1100,true,2025-10-27,false
tomato,Pune,2025-10-30,1,931,1100,1301,true,2025-10-27,false
tomato,Pune,2025-10-30,2,961,1210,1397,false,2025-10-27,false
tomato,Pune,2025-10-30,3,921,1227,1474,false,2025-10-27,false
tomato,Pune,2025-10-30,7,807,1100,1488,true,2025-10-27,false
tomato,Pune,2025-10-30,14,704,1100,1736,true,2025-10-27,false
tomato,Pune,2025-10-30,21,879,1451,1897,false,2025-10-27,false
tomato,Pune (Pimpri),2025-10-30,0,1500,1500,1500,true,2025-10-29,false
tomato,Pune (Pimpri),2025-10-30,1,1250,1500,1800,true,2025-10-29,false
tomato,Pune (Pimpri),2025-10-30,2,1227,1500,1800,true,2025-10-29,false
tomato,Pune (Pimpri),2025-10-30,3,1182,1520,2015,false,2025-10-29,false
tomato,Pune (Pimpri),2025-10-30,7,1146,1589,2141,false,2025-10-29,false
tomato,Pune (Pimpri),2025-10-30,14,1028,1657,2581,false,2025-10-29,false
tomato,Pune (Pimpri),2025-10-30,21,1012,1685,2806,false,2025-10-29,false
onion,Lasalgaon,2025-11-02,0,1550,1550,1550,true,2025-10-30,false
onion,Lasalgaon,2025-11-02,1,1423,1550,1694,true,2025-10-30,false
onion,Lasalgaon,2025-11-02,2,1382,1550,1741,true,2025-10-30,false
onion,Lasalgaon,2025-11-02,3,1356,1550,1784,true,2025-10-30,false
onion,Lasalgaon,2025-11-02,7,1272,1550,1915,true,2025-10-30,false
onion,Lasalgaon,2025-11-02,14,1173,1550,2103,true,2025-10-30,false
onion,Lasalgaon,2025-11-02,21,1086,1550,2288,true,2025-10-30,false
onion,Lasalgaon (Niphad),2025-11-02,0,1650,1650,1650,true,2025-11-01,false
onion,Lasalgaon (Niphad),2025-11-02,1,1523,1650,1788,true,2025-11-01,false
onion,Lasalgaon (Niphad),2025-11-02,2,1479,1650,1843,true,2025-11-01,false
onion,Lasalgaon (Niphad),2025-11-02,3,1450,1650,1909,true,2025-11-01,false
onion,Lasalgaon (Niphad),2025-11-02,7,1367,1650,2064,true,2025-11-01,false
onion,Lasalgaon (Niphad),2025-11-02,14,1285,1650,2441,true,2025-11-01,false
onion,Lasalgaon (Niphad),2025-11-02,21,1293,1650,2585,true,2025-11-01,false
onion,Lasalgaon (Vinchur),2025-11-02,0,1600,1600,1600,true,2025-11-01,false
onion,Lasalgaon (Vinchur),2025-11-02,1,1501,1600,1714,true,2025-11-01,false
onion,Lasalgaon (Vinchur),2025-11-02,2,1477,1600,1785,true,2025-11-01,false
onion,Lasalgaon (Vinchur),2025-11-02,3,1449,1600,1837,true,2025-11-01,false
onion,Lasalgaon (Vinchur),2025-11-02,7,1365,1600,1982,true,2025-11-01,false
onion,Lasalgaon (Vinchur),2025-11-02,14,1289,1600,2184,true,2025-11-01,false
onion,Lasalgaon (Vinchur),2025-11-02,21,1301,1600,2400,true,2025-11-01,false
onion,Nasik,2025-11-02,0,1300,1300,1300,true,2025-10-29,false
onion,Nasik,2025-11-02,1,1182,1300,1444,true,2025-10-29,false
onion,Nasik,2025-11-02,2,1156,1300,1473,true,2025-10-29,false
onion,Nasik,2025-11-02,3,1127,1300,1529,true,2025-10-29,false
onion,Nasik,2025-11-02,7,1071,1300,1625,true,2025-10-29,false
onion,Nasik,2025-11-02,14,1063,1300,1841,true,2025-10-29,false
onion,Nasik,2025-11-02,21,1035,1300,2020,true,2025-10-29,false
onion,Pimpalgaon,2025-11-02,0,1750,1750,1750,true,2025-10-30,false
onion,Pimpalgaon,2025-11-02,1,1628,1750,1875,true,2025-10-30,false
onion,Pimpalgaon,2025-11-02,2,1586,1750,1939,true,2025-10-30,false
onion,Pimpalgaon,2025-11-02,3,1542,1750,1999,true,2025-10-30,false
onion,Pimpalgaon,2025-11-02,7,1447,1750,2140,true,2025-10-30,false
onion,Pimpalgaon,2025-11-02,14,1374,1750,2359,true,2025-10-30,false
onion,Pimpalgaon,2025-11-02,21,1408,1750,2528,true,2025-10-30,false
onion,Pune,2025-11-02,0,1250,1250,1250,true,2025-10-27,false
onion,Pune,2025-11-02,1,1143,1250,1364,true,2025-10-27,false
onion,Pune,2025-11-02,2,1121,1250,1406,true,2025-10-27,false
onion,Pune,2025-11-02,3,1094,1250,1432,true,2025-10-27,false
onion,Pune,2025-11-02,7,1023,1250,1502,true,2025-10-27,false
onion,Pune,2025-11-02,14,938,1250,1605,true,2025-10-27,false
onion,Pune,2025-11-02,21,858,1250,1699,true,2025-10-27,false
onion,Solapur,2025-11-02,0,1050,1050,1050,true,2025-10-29,false
onion,Solapur,2025-11-02,1,945,1050,1167,true,2025-10-29,false
onion,Solapur,2025-11-02,2,919,1050,1188,true,2025-10-29,false
onion,Solapur,2025-11-02,3,875,1050,1225,true,2025-10-29,false
onion,Solapur,2025-11-02,7,817,1050,1313,true,2025-10-29,false
onion,Solapur,2025-11-02,14,770,1050,1421,true,2025-10-29,false
onion,Solapur,2025-11-02,21,700,1050,1556,true,2025-10-29,false
soybean,Akola,2025-11-02,0,4300,4300,4300,true,2025-10-31,false
soybean,Akola,2025-11-02,1,4154,4296,4366,false,2025-10-31,false
soybean,Akola,2025-11-02,2,4150,4300,4450,true,2025-10-31,false
soybean,Akola,2025-11-02,3,4135,4300,4485,true,2025-10-31,false
soybean,Akola,2025-11-02,7,4090,4300,4546,true,2025-10-31,false
soybean,Akola,2025-11-02,14,4007,4301,4608,false,2025-10-31,false
soybean,Akola,2025-11-02,21,3953,4309,4729,false,2025-10-31,false
soybean,Amarawati,2025-11-02,0,3925,3925,3925,true,2025-10-28,false
soybean,Amarawati,2025-11-02,1,3849,3925,4001,true,2025-10-28,false
soybean,Amarawati,2025-11-02,2,3832,3925,4023,true,2025-10-28,false
soybean,Amarawati,2025-11-02,3,3811,3925,4032,true,2025-10-28,false
soybean,Amarawati,2025-11-02,7,3786,3925,4069,true,2025-10-28,false
soybean,Amarawati,2025-11-02,14,3733,3925,4093,true,2025-10-28,false
soybean,Amarawati,2025-11-02,21,3684,3925,4170,true,2025-10-28,false
soybean,Latur,2025-11-02,0,4325,4325,4325,true,2025-10-29,false
soybean,Latur,2025-11-02,1,4257,4325,4412,true,2025-10-29,false
soybean,Latur,2025-11-02,2,4235,4325,4430,true,2025-10-29,false
soybean,Latur,2025-11-02,3,4207,4325,4455,true,2025-10-29,false
soybean,Latur,2025-11-02,7,4146,4325,4521,true,2025-10-29,false
soybean,Latur,2025-11-02,14,4056,4318,4692,false,2025-10-29,false
soybean,Latur,2025-11-02,21,4066,4325,4768,true,2025-10-29,false
soybean,Nagpur,2025-11-02,0,4205,4205,4205,true,2025-11-01,false
soybean,Nagpur,2025-11-02,1,4097,4205,4329,true,2025-11-01,false
soybean,Nagpur,2025-11-02,2,4075,4205,4354,true,2025-11-01,false
soybean,Nagpur,2025-11-02,3,4074,4205,4366,true,2025-11-01,false
soybean,Nagpur,2025-11-02,7,4030,4205,4411,true,2025-11-01,false
soybean,Nagpur,2025-11-02,14,3993,4205,4488,true,2025-11-01,false
soybean,Nagpur,2025-11-02,21,3951,4205,4557,true,2025-11-01,false
soybean,Washim,2025-11-02,0,4500,4500,4500,true,2025-10-29,false
soybean,Washim,2025-11-02,1,4303,4500,4709,true,2025-10-29,false
soybean,Washim,2025-11-02,2,4305,4500,4702,true,2025-10-29,false
soybean,Washim,2025-11-02,3,4295,4500,4718,true,2025-10-29,false
soybean,Washim,2025-11-02,7,4249,4500,4800,true,2025-10-29,false
soybean,Washim,2025-11-02,14,4154,4500,4891,true,2025-10-29,false
soybean,Washim,2025-11-02,21,4130,4622,5154,false,2025-10-29,false
tomato,Junnar (Narayangaon),2025-11-02,0,1250,1250,1250,true,2025-10-16,false
tomato,Junnar (Narayangaon),2025-11-02,1,565,834,1705,false,2025-10-16,false
tomato,Junnar (Narayangaon),2025-11-02,2,548,830,1708,false,2025-10-16,false
tomato,Junnar (Narayangaon),2025-11-02,3,551,830,1732,false,2025-10-16,false
tomato,Junnar (Narayangaon),2025-11-02,7,567,851,1687,false,2025-10-16,false
tomato,Junnar (Narayangaon),2025-11-02,14,542,904,1787,false,2025-10-16,false
tomato,Junnar (Narayangaon),2025-11-02,21,544,939,1913,false,2025-10-16,false
tomato,Nasik,2025-11-02,0,675,675,675,true,2025-11-02,false
tomato,Nasik,2025-11-02,1,506,686,847,false,2025-11-02,false
tomato,Nasik,2025-11-02,2,498,686,867,false,2025-11-02,false
tomato,Nasik,2025-11-02,3,491,675,928,true,2025-11-02,false
tomato,Nasik,2025-11-02,7,494,730,1042,false,2025-11-02,false
tomato,Nasik,2025-11-02,14,491,782,1157,false,2025-11-02,false
tomato,Nasik,2025-11-02,21,489,845,1182,false,2025-11-02,false
tomato,Pimpalgaon,2025-11-02,0,855,855,855,true,2025-10-31,false
tomato,Pimpalgaon,2025-11-02,1,675,855,1069,true,2025-10-31,false
tomato,Pimpalgaon,2025-11-02,2,685,884,1278,false,2025-10-31,false
tomato,Pimpalgaon,2025-11-02,3,672,899,1321,false,2025-10-31,false
tomato,Pimpalgaon,2025-11-02,7,651,937,1498,false,2025-10-31,false
tomato,Pimpalgaon,2025-11-02,14,645,1000,1637,false,2025-10-31,false
tomato,Pimpalgaon,2025-11-02,21,634,999,1675,false,2025-10-31,false
tomato,Pune,2025-11-02,0,1100,1100,1100,true,2025-10-27,false
tomato,Pune,2025-11-02,1,931,1100,1301,true,2025-10-27,false
tomato,Pune,2025-11-02,2,890,1100,1344,true,2025-10-27,false
tomato,Pune,2025-11-02,3,885,1081,1376,false,2025-10-27,false
tomato,Pune,2025-11-02,7,807,1100,1488,true,2025-10-27,false
tomato,Pune,2025-11-02,14,704,1100,1736,true,2025-10-27,false
tomato,Pune,2025-11-02,21,866,1170,1770,false,2025-10-27,false
tomato,Pune (Pimpri),2025-11-02,0,1500,1500,1500,true,2025-11-01,false
tomato,Pune (Pimpri),2025-11-02,1,1250,1500,1800,true,2025-11-01,false
tomato,Pune (Pimpri),2025-11-02,2,1227,1500,1800,true,2025-11-01,false
tomato,Pune (Pimpri),2025-11-02,3,1262,1510,1973,false,2025-11-01,false
tomato,Pune (Pimpri),2025-11-02,7,1141,1500,2000,true,2025-11-01,false
tomato,Pune (Pimpri),2025-11-02,14,1154,1605,2541,false,2025-11-01,false
tomato,Pune (Pimpri),2025-11-02,21,1105,1609,2593,false,2025-11-01,false
