as_of_date,crop,mandi,horizon_days,model_mae,same_as_today_mae,ratio,rows,passed
2025-08-01,onion,Lasalgaon,1,40.9,36.0,1.134,88,false
2025-08-01,onion,Lasalgaon,2,45.2,43.8,1.031,89,false
2025-08-01,onion,Lasalgaon,3,49.0,53.3,0.92,88,true
2025-08-01,onion,Lasalgaon,7,54.3,70.8,0.767,84,true
2025-08-01,onion,Lasalgaon,14,69.8,131.9,0.529,77,true
2025-08-01,onion,Lasalgaon,21,105.9,193.3,0.548,70,true
2025-08-01,onion,Lasalgaon (Niphad),1,37.1,32.8,1.131,86,false
2025-08-01,onion,Lasalgaon (Niphad),2,44.3,46.0,0.963,88,false
2025-08-01,onion,Lasalgaon (Niphad),3,52.2,56.2,0.929,87,true
2025-08-01,onion,Lasalgaon (Niphad),7,59.6,80.7,0.738,83,true
2025-08-01,onion,Lasalgaon (Niphad),14,77.5,146.5,0.529,76,true
2025-08-01,onion,Lasalgaon (Niphad),21,124.7,217.4,0.573,69,true
2025-08-01,onion,Lasalgaon (Vinchur),1,32.0,29.8,1.076,86,false
2025-08-01,onion,Lasalgaon (Vinchur),2,38.7,41.0,0.944,88,true
2025-08-01,onion,Lasalgaon (Vinchur),3,44.3,50.2,0.882,87,true
2025-08-01,onion,Lasalgaon (Vinchur),7,50.2,70.7,0.71,83,true
2025-08-01,onion,Lasalgaon (Vinchur),14,63.9,129.5,0.493,76,true
2025-08-01,onion,Lasalgaon (Vinchur),21,92.4,187.1,0.494,69,true
2025-08-01,onion,Nasik,1,114.5,118.2,0.969,88,false
2025-08-01,onion,Nasik,2,123.9,131.9,0.939,89,true
2025-08-01,onion,Nasik,3,128.2,137.7,0.931,88,true
2025-08-01,onion,Nasik,7,161.9,180.3,0.898,84,true
2025-08-01,onion,Nasik,14,158.2,186.2,0.85,77,true
2025-08-01,onion,Nasik,21,188.7,231.7,0.815,70,true
2025-08-01,onion,Pimpalgaon,1,40.3,35.1,1.15,89,false
2025-08-01,onion,Pimpalgaon,2,49.6,48.7,1.018,89,false
2025-08-01,onion,Pimpalgaon,3,53.8,56.1,0.958,88,false
2025-08-01,onion,Pimpalgaon,7,71.4,85.7,0.833,84,true
2025-08-01,onion,Pimpalgaon,14,109.1,140.8,0.775,77,true
2025-08-01,onion,Pimpalgaon,21,164.8,202.2,0.815,70,true
2025-08-01,onion,Pune,1,270.1,274.4,0.984,88,false
2025-08-01,onion,Pune,2,277.0,278.1,0.996,89,false
2025-08-01,onion,Pune,3,284.9,290.3,0.981,88,false
2025-08-01,onion,Pune,7,299.2,318.5,0.94,84,true
2025-08-01,onion,Pune,14,325.4,358.4,0.908,77,true
2025-08-01,onion,Pune,21,243.4,277.9,0.876,70,true
2025-08-01,onion,Solapur,1,62.3,58.0,1.073,87,false
2025-08-01,onion,Solapur,2,76.1,78.7,0.968,89,false
2025-08-01,onion,Solapur,3,84.1,89.8,0.937,88,true
2025-08-01,onion,Solapur,7,104.6,110.1,0.95,84,true
2025-08-01,onion,Solapur,14,125.3,111.0,1.128,77,false
2025-08-01,onion,Solapur,21,141.8,146.4,0.968,70,false
2025-08-01,soybean,Akola,1,51.7,60.2,0.859,87,true
2025-08-01,soybean,Akola,2,51.1,57.0,0.898,89,true
2025-08-01,soybean,Akola,3,53.3,56.8,0.937,88,true
2025-08-01,soybean,Akola,7,63.9,69.9,0.915,84,true
2025-08-01,soybean,Akola,14,78.3,68.7,1.139,77,false
2025-08-01,soybean,Akola,21,90.7,84.4,1.075,70,false
2025-08-01,soybean,Amarawati,1,55.2,49.7,1.111,87,false
2025-08-01,soybean,Amarawati,2,58.5,57.4,1.018,89,false
2025-08-01,soybean,Amarawati,3,60.8,59.6,1.021,88,false
2025-08-01,soybean,Amarawati,7,70.8,69.3,1.022,84,false
2025-08-01,soybean,Amarawati,14,83.7,80.4,1.041,77,false
2025-08-01,soybean,Amarawati,21,90.2,87.8,1.027,70,false
2025-08-01,soybean,Latur,1,43.5,37.3,1.166,74,false
2025-08-01,soybean,Latur,2,50.0,44.6,1.122,85,false
2025-08-01,soybean,Latur,3,56.5,50.4,1.122,84,false
2025-08-01,soybean,Latur,7,83.7,77.5,1.081,80,false
2025-08-01,soybean,Latur,14,111.5,111.1,1.004,73,false
2025-08-01,soybean,Latur,21,112.1,116.3,0.964,68,false
2025-08-01,soybean,Nagpur,1,66.2,73.1,0.905,81,true
2025-08-01,soybean,Nagpur,2,65.5,77.7,0.844,87,true
2025-08-01,soybean,Nagpur,3,65.1,74.3,0.876,86,true
2025-08-01,soybean,Nagpur,7,65.5,81.9,0.799,82,true
2025-08-01,soybean,Nagpur,14,85.4,91.8,0.93,75,true
2025-08-01,soybean,Nagpur,21,90.5,95.2,0.951,68,false
2025-08-01,soybean,Washim,1,150.8,173.8,0.868,74,true
2025-08-01,soybean,Washim,2,149.1,162.8,0.916,80,true
2025-08-01,soybean,Washim,3,161.8,177.6,0.911,79,true
2025-08-01,soybean,Washim,7,186.1,195.2,0.953,75,false
2025-08-01,soybean,Washim,14,214.6,237.1,0.905,70,true
2025-08-01,soybean,Washim,21,202.3,222.2,0.91,63,true
2025-08-01,tomato,Junnar (Narayangaon),1,289.6,213.0,1.36,81,false
2025-08-01,tomato,Junnar (Narayangaon),2,349.3,293.7,1.19,86,false
2025-08-01,tomato,Junnar (Narayangaon),3,400.4,350.1,1.144,85,false
2025-08-01,tomato,Junnar (Narayangaon),7,583.7,485.2,1.203,84,false
2025-08-01,tomato,Junnar (Narayangaon),14,671.0,584.4,1.148,77,false
2025-08-01,tomato,Junnar (Narayangaon),21,550.0,542.9,1.013,70,false
2025-08-01,tomato,Nasik,1,276.1,263.5,1.048,89,false
2025-08-01,tomato,Nasik,2,314.9,310.7,1.014,89,false
2025-08-01,tomato,Nasik,3,339.3,330.7,1.026,88,false
2025-08-01,tomato,Nasik,7,434.0,412.5,1.052,84,false
2025-08-01,tomato,Nasik,14,499.6,488.3,1.023,77,false
2025-08-01,tomato,Nasik,21,500.0,470.7,1.062,70,false
2025-08-01,tomato,Pimpalgaon,1,301.8,234.9,1.285,88,false
2025-08-01,tomato,Pimpalgaon,2,341.7,283.9,1.204,89,false
2025-08-01,tomato,Pimpalgaon,3,391.1,332.4,1.176,88,false
2025-08-01,tomato,Pimpalgaon,7,527.7,475.6,1.11,84,false
2025-08-01,tomato,Pimpalgaon,14,585.3,597.3,0.98,77,false
2025-08-01,tomato,Pimpalgaon,21,583.4,635.1,0.919,70,true
2025-08-01,tomato,Pune,1,297.1,242.7,1.224,89,false
2025-08-01,tomato,Pune,2,354.7,327.5,1.083,89,false
2025-08-01,tomato,Pune,3,400.7,365.9,1.095,88,false
2025-08-01,tomato,Pune,7,600.5,514.9,1.166,84,false
2025-08-01,tomato,Pune,14,777.2,639.6,1.215,77,false
2025-08-01,tomato,Pune,21,833.2,648.6,1.285,70,false
2025-08-01,tomato,Pune (Pimpri),1,242.8,245.5,0.989,89,false
2025-08-01,tomato,Pune (Pimpri),2,269.5,265.7,1.014,89,false
2025-08-01,tomato,Pune (Pimpri),3,321.5,306.2,1.05,88,false
2025-08-01,tomato,Pune (Pimpri),7,439.4,354.8,1.239,84,false
2025-08-01,tomato,Pune (Pimpri),14,564.4,440.9,1.28,77,false
2025-08-01,tomato,Pune (Pimpri),21,582.0,440.7,1.321,70,false
2025-08-04,onion,Lasalgaon,1,40.9,36.1,1.132,88,false
2025-08-04,onion,Lasalgaon,2,44.1,43.1,1.022,89,false
2025-08-04,onion,Lasalgaon,3,46.0,50.4,0.914,88,true
2025-08-04,onion,Lasalgaon,7,55.6,70.4,0.789,84,true
2025-08-04,onion,Lasalgaon,14,71.7,134.1,0.535,77,true
2025-08-04,onion,Lasalgaon,21,108.8,199.7,0.545,70,true
2025-08-04,onion,Lasalgaon (Niphad),1,35.7,31.9,1.116,86,false
2025-08-04,onion,Lasalgaon (Niphad),2,42.8,45.7,0.937,88,true
2025-08-04,onion,Lasalgaon (Niphad),3,50.4,55.9,0.901,87,true
2025-08-04,onion,Lasalgaon (Niphad),7,58.1,80.5,0.721,83,true
2025-08-04,onion,Lasalgaon (Niphad),14,74.4,145.6,0.511,76,true
2025-08-04,onion,Lasalgaon (Niphad),21,121.2,215.9,0.561,69,true
2025-08-04,onion,Lasalgaon (Vinchur),1,31.2,29.0,1.077,86,false
2025-08-04,onion,Lasalgaon (Vinchur),2,37.3,40.2,0.928,88,true
2025-08-04,onion,Lasalgaon (Vinchur),3,42.7,49.3,0.866,87,true
2025-08-04,onion,Lasalgaon (Vinchur),7,52.3,73.0,0.717,83,true
2025-08-04,onion,Lasalgaon (Vinchur),14,67.3,131.8,0.51,76,true
2025-08-04,onion,Lasalgaon (Vinchur),21,96.7,191.0,0.506,69,true
2025-08-04,onion,Nasik,1,113.9,118.8,0.958,88,false
2025-08-04,onion,Nasik,2,123.1,131.6,0.935,89,true
2025-08-04,onion,Nasik,3,127.3,137.2,0.928,88,true
2025-08-04,onion,Nasik,7,164.7,179.3,0.918,84,true
2025-08-04,onion,Nasik,14,167.4,189.2,0.885,77,true
2025-08-04,onion,Nasik,21,198.1,241.2,0.821,70,true
2025-08-04,onion,Pimpalgaon,1,40.2,36.5,1.102,89,false
2025-08-04,onion,Pimpalgaon,2,49.5,50.1,0.988,89,false
2025-08-04,onion,Pimpalgaon,3,53.8,57.5,0.935,88,true
2025-08-04,onion,Pimpalgaon,7,70.5,85.9,0.821,84,true
2025-08-04,onion,Pimpalgaon,14,106.2,140.8,0.754,77,true
2025-08-04,onion,Pimpalgaon,21,161.8,194.0,0.834,70,true
2025-08-04,onion,Pune,1,270.9,275.0,0.985,88,false
2025-08-04,onion,Pune,2,277.8,278.7,0.997,89,false
2025-08-04,onion,Pune,3,286.5,291.5,0.983,88,false
2025-08-04,onion,Pune,7,303.1,320.2,0.946,84,true
2025-08-04,onion,Pune,14,332.3,360.4,0.922,77,true
2025-08-04,onion,Pune,21,355.0,415.7,0.854,70,true
2025-08-04,onion,Solapur,1,63.5,58.0,1.093,87,false
2025-08-04,onion,Solapur,2,77.6,79.2,0.979,89,false
2025-08-04,onion,Solapur,3,86.4,91.5,0.945,88,true
2025-08-04,onion,Solapur,7,106.7,111.3,0.959,84,false
2025-08-04,onion,Solapur,14,120.6,107.1,1.126,77,false
2025-08-04,onion,Solapur,21,123.3,127.1,0.97,70,false
2025-08-04,soybean,Akola,1,53.5,58.1,0.921,87,true
2025-08-04,soybean,Akola,2,53.5,56.0,0.955,89,false
2025-08-04,soybean,Akola,3,58.8,60.7,0.968,88,false
2025-08-04,soybean,Akola,7,74.6,77.1,0.967,84,false
2025-08-04,soybean,Akola,14,90.4,79.1,1.143,77,false
2025-08-04,soybean,Akola,21,107.1,97.3,1.1,70,false
2025-08-04,soybean,Amarawati,1,49.0,50.9,0.963,87,false
2025-08-04,soybean,Amarawati,2,52.0,57.9,0.898,89,true
2025-08-04,soybean,Amarawati,3,55.0,60.7,0.907,88,true
2025-08-04,soybean,Amarawati,7,65.6,68.2,0.961,84,false
2025-08-04,soybean,Amarawati,14,84.8,86.2,0.984,77,false
2025-08-04,soybean,Amarawati,21,97.2,95.3,1.021,70,false
2025-08-04,soybean,Latur,1,43.9,37.3,1.175,75,false
2025-08-04,soybean,Latur,2,51.0,44.5,1.148,85,false
2025-08-04,soybean,Latur,3,59.2,51.4,1.15,84,false
2025-08-04,soybean,Latur,7,93.6,85.4,1.096,80,false
2025-08-04,soybean,Latur,14,123.2,119.7,1.029,74,false
2025-08-04,soybean,Latur,21,132.2,136.5,0.968,69,false
2025-08-04,soybean,Nagpur,1,66.8,71.7,0.932,81,true
2025-08-04,soybean,Nagpur,2,68.6,78.7,0.871,87,true
2025-08-04,soybean,Nagpur,3,70.3,79.2,0.888,86,true
2025-08-04,soybean,Nagpur,7,76.4,90.5,0.843,82,true
2025-08-04,soybean,Nagpur,14,96.7,100.8,0.96,75,false
2025-08-04,soybean,Nagpur,21,99.7,109.8,0.908,68,true
2025-08-04,soybean,Washim,1,150.8,170.7,0.884,73,true
2025-08-04,soybean,Washim,2,148.2,160.9,0.921,80,true
2025-08-04,soybean,Washim,3,162.4,178.9,0.908,79,true
2025-08-04,soybean,Washim,7,186.3,196.0,0.951,77,false
2025-08-04,soybean,Washim,14,219.3,242.9,0.903,70,true
2025-08-04,soybean,Washim,21,193.5,220.3,0.878,64,true
2025-08-04,tomato,Junnar (Narayangaon),1,302.8,222.6,1.36,82,false
2025-08-04,tomato,Junnar (Narayangaon),2,365.0,307.5,1.187,87,false
2025-08-04,tomato,Junnar (Narayangaon),3,415.6,365.0,1.139,87,false
2025-08-04,tomato,Junnar (Narayangaon),7,623.1,503.0,1.239,84,false
2025-08-04,tomato,Junnar (Narayangaon),14,724.8,633.1,1.145,77,false
2025-08-04,tomato,Junnar (Narayangaon),21,617.3,614.3,1.005,70,false
2025-08-04,tomato,Nasik,1,278.3,264.6,1.052,89,false
2025-08-04,tomato,Nasik,2,314.6,310.7,1.013,89,false
2025-08-04,tomato,Nasik,3,343.2,338.1,1.015,88,false
2025-08-04,tomato,Nasik,7,444.3,415.5,1.069,84,false
2025-08-04,tomato,Nasik,14,531.3,513.0,1.036,77,false
2025-08-04,tomato,Nasik,21,534.0,510.0,1.047,70,false
2025-08-04,tomato,Pimpalgaon,1,320.5,253.8,1.263,88,false
2025-08-04,tomato,Pimpalgaon,2,359.9,308.7,1.166,89,false
2025-08-04,tomato,Pimpalgaon,3,399.5,349.5,1.143,88,false
2025-08-04,tomato,Pimpalgaon,7,534.5,494.6,1.081,84,false
2025-08-04,tomato,Pimpalgaon,14,638.9,640.2,0.998,77,false
2025-08-04,tomato,Pimpalgaon,21,651.8,712.9,0.914,70,true
2025-08-04,tomato,Pune,1,306.7,255.1,1.203,89,false
2025-08-04,tomato,Pune,2,363.9,340.4,1.069,89,false
2025-08-04,tomato,Pune,3,409.0,379.5,1.078,88,false
2025-08-04,tomato,Pune,7,612.3,530.4,1.154,84,false
2025-08-04,tomato,Pune,14,815.4,676.6,1.205,77,false
2025-08-04,tomato,Pune,21,796.7,615.0,1.295,70,false
2025-08-04,tomato,Pune (Pimpri),1,248.1,259.0,0.958,89,false
2025-08-04,tomato,Pune (Pimpri),2,274.5,279.2,0.983,89,false
2025-08-04,tomato,Pune (Pimpri),3,333.1,327.8,1.016,88,false
2025-08-04,tomato,Pune (Pimpri),7,470.4,370.8,1.268,84,false
2025-08-04,tomato,Pune (Pimpri),14,637.5,509.1,1.252,77,false
2025-08-04,tomato,Pune (Pimpri),21,645.1,511.4,1.261,70,false
2025-08-07,onion,Lasalgaon,1,40.5,36.0,1.123,88,false
2025-08-07,onion,Lasalgaon,2,44.5,43.6,1.019,89,false
2025-08-07,onion,Lasalgaon,3,46.7,50.1,0.933,88,true
2025-08-07,onion,Lasalgaon,7,56.3,70.6,0.797,84,true
2025-08-07,onion,Lasalgaon,14,75.8,135.7,0.559,77,true
2025-08-07,onion,Lasalgaon,21,109.7,193.6,0.567,70,true
2025-08-07,onion,Lasalgaon (Niphad),1,36.0,32.5,1.106,86,false
2025-08-07,onion,Lasalgaon (Niphad),2,44.2,47.1,0.938,88,true
2025-08-07,onion,Lasalgaon (Niphad),3,52.9,57.6,0.918,87,true
2025-08-07,onion,Lasalgaon (Niphad),7,60.2,82.0,0.734,83,true
2025-08-07,onion,Lasalgaon (Niphad),14,75.6,145.4,0.52,76,true
2025-08-07,onion,Lasalgaon (Niphad),21,121.0,209.3,0.578,69,true
2025-08-07,onion,Lasalgaon (Vinchur),1,31.5,29.2,1.079,86,false
2025-08-07,onion,Lasalgaon (Vinchur),2,38.4,40.2,0.954,88,false
2025-08-07,onion,Lasalgaon (Vinchur),3,44.0,49.3,0.892,87,true
2025-08-07,onion,Lasalgaon (Vinchur),7,53.9,72.9,0.739,83,true
2025-08-07,onion,Lasalgaon (Vinchur),14,71.7,133.6,0.537,76,true
2025-08-07,onion,Lasalgaon (Vinchur),21,99.4,187.6,0.53,69,true
2025-08-07,onion,Nasik,1,113.1,117.3,0.965,88,false
2025-08-07,onion,Nasik,2,120.5,129.7,0.929,89,true
2025-08-07,onion,Nasik,3,126.6,138.4,0.914,88,true
2025-08-07,onion,Nasik,7,165.4,179.8,0.92,84,true
2025-08-07,onion,Nasik,14,170.6,190.8,0.894,77,true
2025-08-07,onion,Nasik,21,204.3,242.6,0.842,70,true
2025-08-07,onion,Pimpalgaon,1,40.8,37.0,1.102,89,false
2025-08-07,onion,Pimpalgaon,2,50.2,50.1,1.001,89,false
2025-08-07,onion,Pimpalgaon,3,54.5,58.1,0.938,88,true
2025-08-07,onion,Pimpalgaon,7,68.9,85.6,0.805,84,true
2025-08-07,onion,Pimpalgaon,14,105.1,139.8,0.752,77,true
2025-08-07,onion,Pimpalgaon,21,154.6,180.8,0.855,70,true
2025-08-07,onion,Pune,1,270.3,275.6,0.981,88,false
2025-08-07,onion,Pune,2,277.9,279.8,0.993,89,false
2025-08-07,onion,Pune,3,286.5,292.0,0.981,88,false
2025-08-07,onion,Pune,7,303.6,319.0,0.951,84,false
2025-08-07,onion,Pune,14,334.8,361.7,0.926,77,true
2025-08-07,onion,Pune,21,362.1,415.0,0.873,70,true
2025-08-07,onion,Solapur,1,66.9,62.1,1.077,87,false
2025-08-07,onion,Solapur,2,79.7,80.9,0.986,89,false
2025-08-07,onion,Solapur,3,88.8,93.2,0.953,88,false
2025-08-07,onion,Solapur,7,106.5,110.7,0.962,84,false
2025-08-07,onion,Solapur,14,119.8,104.5,1.146,77,false
2025-08-07,onion,Solapur,21,113.2,115.0,0.984,70,false
2025-08-07,soybean,Akola,1,56.0,62.4,0.896,87,true
2025-08-07,soybean,Akola,2,56.5,57.4,0.984,89,false
2025-08-07,soybean,Akola,3,61.6,61.2,1.007,88,false
2025-08-07,soybean,Akola,7,84.9,82.9,1.025,84,false
2025-08-07,soybean,Akola,14,104.6,89.0,1.175,77,false
2025-08-07,soybean,Akola,21,120.5,111.1,1.085,70,false
2025-08-07,soybean,Amarawati,1,51.4,52.2,0.985,87,false
2025-08-07,soybean,Amarawati,2,53.6,59.0,0.909,89,true
2025-08-07,soybean,Amarawati,3,55.3,60.7,0.912,88,true
2025-08-07,soybean,Amarawati,7,71.1,70.2,1.014,84,false
2025-08-07,soybean,Amarawati,14,97.3,97.3,1.001,77,false
2025-08-07,soybean,Amarawati,21,109.4,108.7,1.006,70,false
2025-08-07,soybean,Latur,1,44.1,36.9,1.194,75,false
2025-08-07,soybean,Latur,2,50.9,43.2,1.178,85,false
2025-08-07,soybean,Latur,3,58.9,50.4,1.169,84,false
2025-08-07,soybean,Latur,7,100.7,89.8,1.122,80,false
2025-08-07,soybean,Latur,14,132.4,126.9,1.043,75,false
2025-08-07,soybean,Latur,21,150.9,152.4,0.99,70,false
2025-08-07,soybean,Nagpur,1,69.8,74.1,0.942,81,true
2025-08-07,soybean,Nagpur,2,70.5,77.1,0.914,87,true
2025-08-07,soybean,Nagpur,3,73.0,78.5,0.931,86,true
2025-08-07,soybean,Nagpur,7,88.2,100.4,0.878,82,true
2025-08-07,soybean,Nagpur,14,108.2,110.2,0.982,75,false
2025-08-07,soybean,Nagpur,21,114.3,121.3,0.942,68,true
2025-08-07,soybean,Washim,1,150.2,170.4,0.881,74,true
2025-08-07,soybean,Washim,2,149.1,162.6,0.917,81,true
2025-08-07,soybean,Washim,3,162.1,178.1,0.91,81,true
2025-08-07,soybean,Washim,7,192.4,197.3,0.975,77,false
2025-08-07,soybean,Washim,14,224.6,248.6,0.904,70,true
2025-08-07,soybean,Washim,21,193.9,224.6,0.863,64,true
2025-08-07,tomato,Junnar (Narayangaon),1,298.8,226.5,1.319,85,false
2025-08-07,tomato,Junnar (Narayangaon),2,365.7,317.5,1.152,89,false
2025-08-07,tomato,Junnar (Narayangaon),3,420.0,377.9,1.111,88,false
2025-08-07,tomato,Junnar (Narayangaon),7,616.6,497.1,1.24,84,false
2025-08-07,tomato,Junnar (Narayangaon),14,731.1,633.1,1.155,77,false
2025-08-07,tomato,Junnar (Narayangaon),21,650.1,642.9,1.011,70,false
2025-08-07,tomato,Nasik,1,284.7,269.7,1.056,89,false
2025-08-07,tomato,Nasik,2,320.4,315.2,1.017,89,false
2025-08-07,tomato,Nasik,3,347.7,340.3,1.022,88,false
2025-08-07,tomato,Nasik,7,446.9,421.4,1.06,84,false
2025-08-07,tomato,Nasik,14,567.2,539.0,1.052,77,false
2025-08-07,tomato,Nasik,21,566.6,541.4,1.047,70,false
2025-08-07,tomato,Pimpalgaon,1,326.7,259.9,1.257,88,false
2025-08-07,tomato,Pimpalgaon,2,369.4,323.1,1.143,89,false
2025-08-07,tomato,Pimpalgaon,3,408.9,365.6,1.118,88,false
2025-08-07,tomato,Pimpalgaon,7,548.3,523.5,1.047,84,false
2025-08-07,tomato,Pimpalgaon,14,684.4,668.4,1.024,77,false
2025-08-07,tomato,Pimpalgaon,21,728.1,788.9,0.923,70,true
2025-08-07,tomato,Pune,1,313.0,262.9,1.191,89,false
2025-08-07,tomato,Pune,2,374.6,353.9,1.058,89,false
2025-08-07,tomato,Pune,3,421.0,393.2,1.071,88,false
2025-08-07,tomato,Pune,7,615.5,535.1,1.15,84,false
2025-08-07,tomato,Pune,14,843.6,689.6,1.223,77,false
2025-08-07,tomato,Pune,21,802.2,624.3,1.285,70,false
2025-08-07,tomato,Pune (Pimpri),1,256.3,265.0,0.967,90,false
2025-08-07,tomato,Pune (Pimpri),2,290.3,300.6,0.966,89,false
2025-08-07,tomato,Pune (Pimpri),3,354.4,355.1,0.998,88,false
2025-08-07,tomato,Pune (Pimpri),7,485.6,391.1,1.242,84,false
2025-08-07,tomato,Pune (Pimpri),14,676.6,532.5,1.271,77,false
2025-08-07,tomato,Pune (Pimpri),21,662.2,527.9,1.255,70,false
2025-08-10,onion,Lasalgaon,1,41.4,37.0,1.119,85,false
2025-08-10,onion,Lasalgaon,2,45.2,44.5,1.016,87,false
2025-08-10,onion,Lasalgaon,3,47.2,51.1,0.923,86,true
2025-08-10,onion,Lasalgaon,7,56.7,71.5,0.793,82,true
2025-08-10,onion,Lasalgaon,14,75.6,137.8,0.548,75,true
2025-08-10,onion,Lasalgaon,21,111.6,189.8,0.588,68,true
2025-08-10,onion,Lasalgaon (Niphad),1,37.1,32.7,1.134,83,false
2025-08-10,onion,Lasalgaon (Niphad),2,45.3,47.1,0.963,86,false
2025-08-10,onion,Lasalgaon (Niphad),3,54.3,58.4,0.929,85,true
2025-08-10,onion,Lasalgaon (Niphad),7,61.8,84.3,0.733,81,true
2025-08-10,onion,Lasalgaon (Niphad),14,75.8,148.2,0.511,74,true
2025-08-10,onion,Lasalgaon (Niphad),21,123.6,206.2,0.599,67,true
2025-08-10,onion,Lasalgaon (Vinchur),1,32.1,30.0,1.07,83,false
2025-08-10,onion,Lasalgaon (Vinchur),2,39.1,41.0,0.952,86,false
2025-08-10,onion,Lasalgaon (Vinchur),3,44.7,50.1,0.892,85,true
2025-08-10,onion,Lasalgaon (Vinchur),7,54.7,73.1,0.749,81,true
2025-08-10,onion,Lasalgaon (Vinchur),14,73.0,136.8,0.534,74,true
2025-08-10,onion,Lasalgaon (Vinchur),21,102.4,185.3,0.553,67,true
2025-08-10,onion,Nasik,1,116.0,119.1,0.974,86,false
2025-08-10,onion,Nasik,2,124.3,132.0,0.941,88,true
2025-08-10,onion,Nasik,3,129.2,139.2,0.928,87,true
2025-08-10,onion,Nasik,7,166.9,179.3,0.931,83,true
2025-08-10,onion,Nasik,14,174.1,190.3,0.915,76,true
2025-08-10,onion,Nasik,21,209.7,238.1,0.881,69,true
2025-08-10,onion,Pimpalgaon,1,41.2,37.0,1.113,87,false
2025-08-10,onion,Pimpalgaon,2,50.7,51.3,0.989,88,false
2025-08-10,onion,Pimpalgaon,3,54.6,59.9,0.911,87,true
2025-08-10,onion,Pimpalgaon,7,68.6,88.2,0.778,83,true
2025-08-10,onion,Pimpalgaon,14,104.7,135.4,0.773,76,true
2025-08-10,onion,Pimpalgaon,21,151.2,169.7,0.891,69,true
2025-08-10,onion,Pune,1,270.3,275.0,0.983,88,false
2025-08-10,onion,Pune,2,278.2,279.8,0.995,89,false
2025-08-10,onion,Pune,3,287.3,292.6,0.982,88,false
2025-08-10,onion,Pune,7,302.8,317.9,0.953,84,false
2025-08-10,onion,Pune,14,330.8,355.8,0.929,77,true
2025-08-10,onion,Pune,21,363.2,414.3,0.877,70,true
2025-08-10,onion,Solapur,1,67.0,61.6,1.087,86,false
2025-08-10,onion,Solapur,2,81.0,82.4,0.983,88,false
2025-08-10,onion,Solapur,3,88.0,93.7,0.94,87,true
2025-08-10,onion,Solapur,7,99.4,104.2,0.954,83,false
2025-08-10,onion,Solapur,14,107.8,90.1,1.196,76,false
2025-08-10,onion,Solapur,21,104.8,103.6,1.011,69,false
2025-08-10,soybean,Akola,1,57.3,63.2,0.906,86,true
2025-08-10,soybean,Akola,2,58.1,58.5,0.994,88,false
2025-08-10,soybean,Akola,3,64.4,64.0,1.007,87,false
2025-08-10,soybean,Akola,7,88.5,85.2,1.039,83,false
2025-08-10,soybean,Akola,14,112.3,97.9,1.147,76,false
2025-08-10,soybean,Akola,21,131.4,122.8,1.07,69,false
2025-08-10,soybean,Amarawati,1,49.5,49.4,1.003,86,false
2025-08-10,soybean,Amarawati,2,51.1,54.4,0.938,88,true
2025-08-10,soybean,Amarawati,3,56.0,59.1,0.948,87,true
2025-08-10,soybean,Amarawati,7,73.7,71.0,1.037,83,false
2025-08-10,soybean,Amarawati,14,101.0,99.6,1.014,76,false
2025-08-10,soybean,Amarawati,21,113.5,111.8,1.015,69,false
2025-08-10,soybean,Latur,1,44.3,37.0,1.195,74,false
2025-08-10,soybean,Latur,2,51.2,43.3,1.18,84,false
2025-08-10,soybean,Latur,3,60.1,51.0,1.179,83,false
2025-08-10,soybean,Latur,7,102.9,91.6,1.122,79,false
2025-08-10,soybean,Latur,14,142.3,135.1,1.053,74,false
2025-08-10,soybean,Latur,21,162.6,160.0,1.016,69,false
2025-08-10,soybean,Nagpur,1,69.9,72.8,0.96,80,false
2025-08-10,soybean,Nagpur,2,71.9,76.8,0.936,86,true
2025-08-10,soybean,Nagpur,3,76.6,80.8,0.947,85,true
2025-08-10,soybean,Nagpur,7,92.4,101.7,0.908,81,true
2025-08-10,soybean,Nagpur,14,113.4,114.3,0.992,74,false
2025-08-10,soybean,Nagpur,21,125.4,129.9,0.966,67,false
2025-08-10,soybean,Washim,1,150.8,171.4,0.88,73,true
2025-08-10,soybean,Washim,2,149.6,162.8,0.919,80,true
2025-08-10,soybean,Washim,3,165.7,182.7,0.907,79,true
2025-08-10,soybean,Washim,7,198.3,203.2,0.976,75,false
2025-08-10,soybean,Washim,14,229.6,254.3,0.903,69,true
2025-08-10,soybean,Washim,21,203.4,235.9,0.862,62,true
2025-08-10,tomato,Junnar (Narayangaon),1,302.5,229.2,1.32,84,false
2025-08-10,tomato,Junnar (Narayangaon),2,366.3,317.5,1.154,89,false
2025-08-10,tomato,Junnar (Narayangaon),3,417.4,377.9,1.104,88,false
2025-08-10,tomato,Junnar (Narayangaon),7,606.0,497.1,1.219,84,false
2025-08-10,tomato,Junnar (Narayangaon),14,726.0,626.6,1.159,77,false
2025-08-10,tomato,Junnar (Narayangaon),21,700.9,689.3,1.017,70,false
2025-08-10,tomato,Nasik,1,290.4,273.9,1.06,89,false
2025-08-10,tomato,Nasik,2,328.7,317.7,1.034,89,false
2025-08-10,tomato,Nasik,3,351.1,342.3,1.026,88,false
2025-08-10,tomato,Nasik,7,449.6,421.1,1.068,84,false
2025-08-10,tomato,Nasik,14,582.4,538.0,1.083,77,false
2025-08-10,tomato,Nasik,21,608.5,577.5,1.054,70,false
2025-08-10,tomato,Pimpalgaon,1,328.7,263.3,1.248,88,false
2025-08-10,tomato,Pimpalgaon,2,373.2,323.7,1.153,89,false
2025-08-10,tomato,Pimpalgaon,3,411.5,367.8,1.119,88,false
2025-08-10,tomato,Pimpalgaon,7,549.0,531.6,1.033,84,false
2025-08-10,tomato,Pimpalgaon,14,687.6,675.7,1.018,77,false
2025-08-10,tomato,Pimpalgaon,21,788.4,836.3,0.943,70,true
2025-08-10,tomato,Pune,1,314.1,261.8,1.2,89,false
2025-08-10,tomato,Pune,2,375.6,352.8,1.065,89,false
2025-08-10,tomato,Pune,3,423.1,396.6,1.067,88,false
2025-08-10,tomato,Pune,7,609.9,529.8,1.151,84,false
2025-08-10,tomato,Pune,14,786.7,626.6,1.255,77,false
2025-08-10,tomato,Pune,21,834.3,657.1,1.27,70,false
2025-08-10,tomato,Pune (Pimpri),1,270.2,281.7,0.959,90,false
2025-08-10,tomato,Pune (Pimpri),2,300.4,311.8,0.963,89,false
2025-08-10,tomato,Pune (Pimpri),3,358.6,360.8,0.994,88,false
2025-08-10,tomato,Pune (Pimpri),7,502.7,411.3,1.222,84,false
2025-08-10,tomato,Pune (Pimpri),14,686.5,537.7,1.277,77,false
2025-08-10,tomato,Pune (Pimpri),21,690.6,552.1,1.251,70,false
2025-08-13,onion,Lasalgaon,1,41.9,39.3,1.068,87,false
2025-08-13,onion,Lasalgaon,2,48.4,49.0,0.988,88,false
2025-08-13,onion,Lasalgaon,3,51.2,55.7,0.92,87,true
2025-08-13,onion,Lasalgaon,7,59.9,79.3,0.755,83,true
2025-08-13,onion,Lasalgaon,14,79.6,138.7,0.574,76,true
2025-08-13,onion,Lasalgaon,21,116.2,183.1,0.634,69,true
2025-08-13,onion,Lasalgaon (Niphad),1,38.8,36.8,1.054,85,false
2025-08-13,onion,Lasalgaon (Niphad),2,48.2,53.0,0.908,87,true
2025-08-13,onion,Lasalgaon (Niphad),3,57.6,65.2,0.884,86,true
2025-08-13,onion,Lasalgaon (Niphad),7,64.9,88.1,0.737,82,true
2025-08-13,onion,Lasalgaon (Niphad),14,77.7,146.2,0.532,75,true
2025-08-13,onion,Lasalgaon (Niphad),21,126.6,199.5,0.635,68,true
2025-08-13,onion,Lasalgaon (Vinchur),1,34.2,34.4,0.993,84,false
2025-08-13,onion,Lasalgaon (Vinchur),2,41.7,45.7,0.911,87,true
2025-08-13,onion,Lasalgaon (Vinchur),3,47.6,54.8,0.87,86,true
2025-08-13,onion,Lasalgaon (Vinchur),7,56.8,77.0,0.739,82,true
2025-08-13,onion,Lasalgaon (Vinchur),14,76.5,135.1,0.567,75,true
2025-08-13,onion,Lasalgaon (Vinchur),21,107.2,178.8,0.599,68,true
2025-08-13,onion,Nasik,1,117.6,123.5,0.953,87,false
2025-08-13,onion,Nasik,2,127.0,138.1,0.92,89,true
2025-08-13,onion,Nasik,3,133.3,146.1,0.912,88,true
2025-08-13,onion,Nasik,7,166.6,183.7,0.907,84,true
2025-08-13,onion,Nasik,14,178.6,193.7,0.922,77,true
2025-08-13,onion,Nasik,21,214.6,237.6,0.903,70,true
2025-08-13,onion,Pimpalgaon,1,43.3,40.6,1.067,88,false
2025-08-13,onion,Pimpalgaon,2,53.4,55.5,0.962,89,false
2025-08-13,onion,Pimpalgaon,3,56.0,62.9,0.889,88,true
2025-08-13,onion,Pimpalgaon,7,70.2,91.9,0.764,84,true
2025-08-13,onion,Pimpalgaon,14,104.2,126.9,0.821,77,true
2025-08-13,onion,Pimpalgaon,21,153.0,161.5,0.947,70,true
2025-08-13,onion,Pune,1,268.3,273.0,0.983,89,false
2025-08-13,onion,Pune,2,278.0,279.2,0.996,89,false
2025-08-13,onion,Pune,3,287.3,292.6,0.982,88,false
2025-08-13,onion,Pune,7,304.5,322.6,0.944,84,true
2025-08-13,onion,Pune,14,330.2,354.5,0.931,77,true
2025-08-13,onion,Pune,21,356.3,415.0,0.859,70,true
2025-08-13,onion,Solapur,1,65.1,60.3,1.078,87,false
2025-08-13,onion,Solapur,2,78.0,80.3,0.971,89,false
2025-08-13,onion,Solapur,3,84.8,92.0,0.921,88,true
2025-08-13,onion,Solapur,7,103.1,110.1,0.936,84,true
2025-08-13,onion,Solapur,14,94.7,75.3,1.258,77,false
2025-08-13,onion,Solapur,21,104.0,98.6,1.055,70,false
2025-08-13,soybean,Akola,1,58.5,65.6,0.892,87,true
2025-08-13,soybean,Akola,2,59.6,61.1,0.976,89,false
2025-08-13,soybean,Akola,3,65.4,66.8,0.979,88,false
2025-08-13,soybean,Akola,7,90.3,87.7,1.029,84,false
2025-08-13,soybean,Akola,14,124.1,107.7,1.152,77,false
2025-08-13,soybean,Akola,21,146.8,136.4,1.077,70,false
2025-08-13,soybean,Amarawati,1,47.5,47.4,1.003,87,false
2025-08-13,soybean,Amarawati,2,51.7,54.3,0.953,89,false
2025-08-13,soybean,Amarawati,3,57.1,59.5,0.959,88,false
2025-08-13,soybean,Amarawati,7,78.4,72.9,1.075,84,false
2025-08-13,soybean,Amarawati,14,110.0,105.0,1.047,77,false
2025-08-13,soybean,Amarawati,21,127.3,123.6,1.029,70,false
2025-08-13,soybean,Latur,1,46.1,38.9,1.184,74,false
2025-08-13,soybean,Latur,2,51.8,44.0,1.178,85,false
2025-08-13,soybean,Latur,3,60.4,51.2,1.18,84,false
2025-08-13,soybean,Latur,7,101.8,91.3,1.114,82,false
2025-08-13,soybean,Latur,14,152.3,141.9,1.073,77,false
2025-08-13,soybean,Latur,21,176.2,167.9,1.05,70,false
2025-08-13,soybean,Nagpur,1,72.4,73.4,0.987,80,false
2025-08-13,soybean,Nagpur,2,75.7,79.2,0.955,86,false
2025-08-13,soybean,Nagpur,3,80.3,83.4,0.964,85,false
2025-08-13,soybean,Nagpur,7,98.9,107.4,0.921,81,true
2025-08-13,soybean,Nagpur,14,126.1,127.9,0.985,74,false
2025-08-13,soybean,Nagpur,21,142.1,147.2,0.966,67,false
2025-08-13,soybean,Washim,1,148.2,165.7,0.894,74,true
2025-08-13,soybean,Washim,2,148.3,158.9,0.934,81,true
2025-08-13,soybean,Washim,3,164.5,178.5,0.922,80,true
2025-08-13,soybean,Washim,7,200.3,205.8,0.973,76,false
2025-08-13,soybean,Washim,14,219.1,242.1,0.905,70,true
2025-08-13,soybean,Washim,21,223.9,258.5,0.866,63,true
2025-08-13,tomato,Junnar (Narayangaon),1,293.0,220.6,1.328,85,false
2025-08-13,tomato,Junnar (Narayangaon),2,359.6,311.9,1.153,89,false
2025-08-13,tomato,Junnar (Narayangaon),3,415.7,377.9,1.1,88,false
2025-08-13,tomato,Junnar (Narayangaon),7,593.7,497.1,1.194,84,false
2025-08-13,tomato,Junnar (Narayangaon),14,704.5,626.6,1.124,77,false
2025-08-13,tomato,Junnar (Narayangaon),21,716.5,692.9,1.034,70,false
2025-08-13,tomato,Nasik,1,287.1,269.4,1.065,90,false
2025-08-13,tomato,Nasik,2,326.1,315.7,1.033,89,false
2025-08-13,tomato,Nasik,3,346.9,335.2,1.035,88,false
2025-08-13,tomato,Nasik,7,453.2,419.9,1.079,84,false
2025-08-13,tomato,Nasik,14,576.1,535.4,1.076,77,false
2025-08-13,tomato,Nasik,21,635.5,591.1,1.075,70,false
2025-08-13,tomato,Pimpalgaon,1,328.9,265.1,1.241,89,false
2025-08-13,tomato,Pimpalgaon,2,378.7,331.2,1.143,89,false
2025-08-13,tomato,Pimpalgaon,3,410.2,369.4,1.11,88,false
2025-08-13,tomato,Pimpalgaon,7,550.9,545.9,1.009,84,false
2025-08-13,tomato,Pimpalgaon,14,681.7,691.1,0.986,77,false
2025-08-13,tomato,Pimpalgaon,21,821.4,853.0,0.963,70,false
2025-08-13,tomato,Pune,1,318.3,267.8,1.189,90,false
2025-08-13,tomato,Pune,2,382.3,360.7,1.06,89,false
2025-08-13,tomato,Pune,3,423.5,397.2,1.066,88,false
2025-08-13,tomato,Pune,7,610.6,533.3,1.145,84,false
2025-08-13,tomato,Pune,14,757.3,610.4,1.241,77,false
2025-08-13,tomato,Pune,21,836.5,643.6,1.3,70,false
2025-08-13,tomato,Pune (Pimpri),1,282.5,292.8,0.965,90,false
2025-08-13,tomato,Pune (Pimpri),2,308.8,321.3,0.961,89,false
2025-08-13,tomato,Pune (Pimpri),3,362.2,363.1,0.998,88,false
2025-08-13,tomato,Pune (Pimpri),7,509.2,426.8,1.193,84,false
2025-08-13,tomato,Pune (Pimpri),14,662.3,542.9,1.22,77,false
2025-08-13,tomato,Pune (Pimpri),21,735.2,582.1,1.263,70,false
2025-08-16,onion,Lasalgaon,1,43.1,39.3,1.097,87,false
2025-08-16,onion,Lasalgaon,2,49.0,49.6,0.988,88,false
2025-08-16,onion,Lasalgaon,3,54.5,59.2,0.921,87,true
2025-08-16,onion,Lasalgaon,7,63.5,87.0,0.731,83,true
2025-08-16,onion,Lasalgaon,14,86.8,140.3,0.619,76,true
2025-08-16,onion,Lasalgaon,21,120.9,179.1,0.675,69,true
2025-08-16,onion,Lasalgaon (Niphad),1,38.8,38.0,1.023,85,false
2025-08-16,onion,Lasalgaon (Niphad),2,49.9,55.9,0.892,87,true
2025-08-16,onion,Lasalgaon (Niphad),3,61.3,70.4,0.87,86,true
2025-08-16,onion,Lasalgaon (Niphad),7,70.7,99.1,0.713,82,true
2025-08-16,onion,Lasalgaon (Niphad),14,82.1,145.3,0.565,75,true
2025-08-16,onion,Lasalgaon (Niphad),21,132.8,197.9,0.671,68,true
2025-08-16,onion,Lasalgaon (Vinchur),1,34.6,33.2,1.041,84,false
2025-08-16,onion,Lasalgaon (Vinchur),2,43.8,47.5,0.923,87,true
2025-08-16,onion,Lasalgaon (Vinchur),3,53.0,60.2,0.88,86,true
2025-08-16,onion,Lasalgaon (Vinchur),7,62.6,88.0,0.711,82,true
2025-08-16,onion,Lasalgaon (Vinchur),14,83.7,138.8,0.603,75,true
2025-08-16,onion,Lasalgaon (Vinchur),21,112.8,174.3,0.647,68,true
2025-08-16,onion,Nasik,1,121.0,125.5,0.964,87,false
2025-08-16,onion,Nasik,2,131.9,141.7,0.931,89,true
2025-08-16,onion,Nasik,3,140.5,153.2,0.917,88,true
2025-08-16,onion,Nasik,7,176.1,198.8,0.886,84,true
2025-08-16,onion,Nasik,14,185.4,202.1,0.917,77,true
2025-08-16,onion,Nasik,21,220.4,247.7,0.89,70,true
2025-08-16,onion,Pimpalgaon,1,42.8,40.7,1.052,89,false
2025-08-16,onion,Pimpalgaon,2,53.8,57.4,0.936,89,true
2025-08-16,onion,Pimpalgaon,3,58.7,67.8,0.867,88,true
2025-08-16,onion,Pimpalgaon,7,73.2,94.0,0.779,84,true
2025-08-16,onion,Pimpalgaon,14,106.0,122.7,0.864,77,true
2025-08-16,onion,Pimpalgaon,21,153.2,152.6,1.004,70,false
2025-08-16,onion,Pune,1,273.8,278.7,0.982,87,false
2025-08-16,onion,Pune,2,280.0,281.2,0.996,88,false
2025-08-16,onion,Pune,3,290.3,295.4,0.983,87,false
2025-08-16,onion,Pune,7,306.5,325.9,0.94,83,true
2025-08-16,onion,Pune,14,328.4,359.9,0.912,76,true
2025-08-16,onion,Pune,21,354.5,423.2,0.838,69,true
2025-08-16,onion,Solapur,1,64.9,61.5,1.055,87,false
2025-08-16,onion,Solapur,2,77.3,79.2,0.976,89,false
2025-08-16,onion,Solapur,3,83.9,90.3,0.929,88,true
2025-08-16,onion,Solapur,7,105.9,114.3,0.927,84,true
2025-08-16,onion,Solapur,14,98.2,77.3,1.271,77,false
2025-08-16,onion,Solapur,21,106.3,104.3,1.02,70,false
2025-08-16,soybean,Akola,1,59.3,67.9,0.874,87,true
2025-08-16,soybean,Akola,2,58.6,60.3,0.97,89,false
2025-08-16,soybean,Akola,3,64.7,66.0,0.981,88,false
2025-08-16,soybean,Akola,7,90.2,89.3,1.01,84,false
2025-08-16,soybean,Akola,14,127.0,109.5,1.159,77,false
2025-08-16,soybean,Akola,21,159.1,146.3,1.087,70,false
2025-08-16,soybean,Amarawati,1,49.2,48.6,1.013,87,false
2025-08-16,soybean,Amarawati,2,53.9,56.7,0.952,89,false
2025-08-16,soybean,Amarawati,3,59.2,62.1,0.954,88,false
2025-08-16,soybean,Amarawati,7,78.6,74.8,1.051,84,false
2025-08-16,soybean,Amarawati,14,109.7,103.1,1.064,77,false
2025-08-16,soybean,Amarawati,21,135.3,131.4,1.03,70,false
2025-08-16,soybean,Latur,1,46.0,37.0,1.241,74,false
2025-08-16,soybean,Latur,2,53.4,43.9,1.217,85,false
2025-08-16,soybean,Latur,3,63.2,53.6,1.178,85,false
2025-08-16,soybean,Latur,7,104.5,93.3,1.12,81,false
2025-08-16,soybean,Latur,14,152.0,142.2,1.069,76,false
2025-08-16,soybean,Latur,21,180.6,170.4,1.06,69,false
2025-08-16,soybean,Nagpur,1,71.9,73.4,0.98,81,false
2025-08-16,soybean,Nagpur,2,75.6,80.0,0.945,86,true
2025-08-16,soybean,Nagpur,3,80.6,84.4,0.955,85,false
2025-08-16,soybean,Nagpur,7,98.4,105.8,0.931,81,true
2025-08-16,soybean,Nagpur,14,135.2,132.8,1.018,74,false
2025-08-16,soybean,Nagpur,21,157.0,159.0,0.988,67,false
2025-08-16,soybean,Washim,1,146.2,163.6,0.894,74,true
2025-08-16,soybean,Washim,2,145.1,155.8,0.931,81,true
2025-08-16,soybean,Washim,3,160.7,174.8,0.92,80,true
2025-08-16,soybean,Washim,7,196.6,201.2,0.977,76,false
2025-08-16,soybean,Washim,14,223.6,241.1,0.928,70,true
2025-08-16,soybean,Washim,21,235.0,270.1,0.87,64,true
2025-08-16,tomato,Junnar (Narayangaon),1,294.0,220.6,1.332,85,false
2025-08-16,tomato,Junnar (Narayangaon),2,359.4,311.9,1.152,89,false
2025-08-16,tomato,Junnar (Narayangaon),3,409.4,372.2,1.1,88,false
2025-08-16,tomato,Junnar (Narayangaon),7,582.7,491.1,1.186,84,false
2025-08-16,tomato,Junnar (Narayangaon),14,705.5,642.9,1.097,77,false
2025-08-16,tomato,Junnar (Narayangaon),21,725.6,707.1,1.026,70,false
2025-08-16,tomato,Nasik,1,290.1,276.1,1.051,90,false
2025-08-16,tomato,Nasik,2,325.7,316.9,1.028,89,false
2025-08-16,tomato,Nasik,3,346.7,336.4,1.031,88,false
2025-08-16,tomato,Nasik,7,451.3,416.4,1.084,84,false
2025-08-16,tomato,Nasik,14,581.1,536.0,1.084,77,false
2025-08-16,tomato,Nasik,21,667.5,609.6,1.095,70,false
2025-08-16,tomato,Pimpalgaon,1,343.6,270.7,1.269,89,false
2025-08-16,tomato,Pimpalgaon,2,393.6,339.7,1.159,89,false
2025-08-16,tomato,Pimpalgaon,3,426.1,382.8,1.113,88,false
2025-08-16,tomato,Pimpalgaon,7,567.2,555.2,1.022,84,false
2025-08-16,tomato,Pimpalgaon,14,690.3,700.8,0.985,77,false
2025-08-16,tomato,Pimpalgaon,21,862.1,887.3,0.972,70,false
2025-08-16,tomato,Pune,1,316.2,267.6,1.181,88,false
2025-08-16,tomato,Pune,2,379.2,360.8,1.051,88,false
2025-08-16,tomato,Pune,3,430.6,407.5,1.057,87,false
2025-08-16,tomato,Pune,7,577.8,503.6,1.147,83,false
2025-08-16,tomato,Pune,14,744.6,594.7,1.252,76,false
2025-08-16,tomato,Pune,21,843.0,637.0,1.324,69,false
2025-08-16,tomato,Pune (Pimpri),1,288.1,300.6,0.959,90,false
2025-08-16,tomato,Pune (Pimpri),2,321.1,330.3,0.972,89,false
2025-08-16,tomato,Pune (Pimpri),3,380.1,375.0,1.014,88,false
2025-08-16,tomato,Pune (Pimpri),7,524.1,438.1,1.196,84,false
2025-08-16,tomato,Pune (Pimpri),14,655.1,540.9,1.211,77,false
2025-08-16,tomato,Pune (Pimpri),21,759.7,577.1,1.316,70,false
2025-08-19,onion,Lasalgaon,1,43.0,40.4,1.064,87,false
2025-08-19,onion,Lasalgaon,2,49.3,50.8,0.971,88,false
2025-08-19,onion,Lasalgaon,3,53.9,60.4,0.893,87,true
2025-08-19,onion,Lasalgaon,7,66.8,92.7,0.721,83,true
2025-08-19,onion,Lasalgaon,14,96.3,146.4,0.658,76,true
2025-08-19,onion,Lasalgaon,21,127.0,174.9,0.726,69,true
2025-08-19,onion,Lasalgaon (Niphad),1,38.8,37.8,1.025,84,false
2025-08-19,onion,Lasalgaon (Niphad),2,49.6,55.4,0.896,87,true
2025-08-19,onion,Lasalgaon (Niphad),3,60.1,69.6,0.863,86,true
2025-08-19,onion,Lasalgaon (Niphad),7,74.9,103.4,0.725,82,true
2025-08-19,onion,Lasalgaon (Niphad),14,87.7,146.3,0.599,75,true
2025-08-19,onion,Lasalgaon (Niphad),21,130.9,186.3,0.703,68,true
2025-08-19,onion,Lasalgaon (Vinchur),1,33.2,32.6,1.016,84,false
2025-08-19,onion,Lasalgaon (Vinchur),2,42.1,46.7,0.902,87,true
2025-08-19,onion,Lasalgaon (Vinchur),3,51.0,59.9,0.852,86,true
2025-08-19,onion,Lasalgaon (Vinchur),7,68.0,95.7,0.711,82,true
2025-08-19,onion,Lasalgaon (Vinchur),14,89.5,144.7,0.619,75,true
2025-08-19,onion,Lasalgaon (Vinchur),21,118.8,169.7,0.7,68,true
2025-08-19,onion,Nasik,1,124.6,127.0,0.981,86,false
2025-08-19,onion,Nasik,2,135.8,143.2,0.949,89,true
2025-08-19,onion,Nasik,3,144.5,156.0,0.926,88,true
2025-08-19,onion,Nasik,7,187.1,211.0,0.887,84,true
2025-08-19,onion,Nasik,14,198.2,214.4,0.925,77,true
2025-08-19,onion,Nasik,21,226.6,258.1,0.878,70,true
2025-08-19,onion,Pimpalgaon,1,42.4,40.1,1.057,89,false
2025-08-19,onion,Pimpalgaon,2,53.2,55.2,0.963,89,false
2025-08-19,onion,Pimpalgaon,3,57.9,63.8,0.908,88,true
2025-08-19,onion,Pimpalgaon,7,72.0,89.5,0.804,84,true
2025-08-19,onion,Pimpalgaon,14,108.8,118.4,0.918,77,true
2025-08-19,onion,Pimpalgaon,21,152.0,140.4,1.083,70,false
2025-08-19,onion,Pune,1,270.0,275.0,0.982,88,false
2025-08-19,onion,Pune,2,275.9,277.5,0.994,89,false
2025-08-19,onion,Pune,3,285.5,291.5,0.979,88,false
2025-08-19,onion,Pune,7,302.9,319.0,0.949,84,true
2025-08-19,onion,Pune,14,320.4,363.0,0.883,77,true
2025-08-19,onion,Pune,21,348.1,415.0,0.839,70,true
2025-08-19,onion,Solapur,1,64.4,60.3,1.068,87,false
2025-08-19,onion,Solapur,2,78.7,80.3,0.98,89,false
2025-08-19,onion,Solapur,3,86.9,93.2,0.933,88,true
2025-08-19,onion,Solapur,7,97.7,103.6,0.944,84,true
2025-08-19,onion,Solapur,14,96.1,77.3,1.244,77,false
2025-08-19,onion,Solapur,21,105.2,95.7,1.099,70,false
2025-08-19,soybean,Akola,1,61.3,68.5,0.896,86,true
2025-08-19,soybean,Akola,2,62.2,61.9,1.004,89,false
2025-08-19,soybean,Akola,3,66.5,66.5,1.0,88,false
2025-08-19,soybean,Akola,7,93.4,91.9,1.017,84,false
2025-08-19,soybean,Akola,14,125.0,110.6,1.131,77,false
2025-08-19,soybean,Akola,21,165.8,147.6,1.123,70,false
2025-08-19,soybean,Amarawati,1,55.1,53.6,1.028,87,false
2025-08-19,soybean,Amarawati,2,60.5,61.5,0.983,89,false
2025-08-19,soybean,Amarawati,3,65.9,67.4,0.977,88,false
2025-08-19,soybean,Amarawati,7,82.5,80.0,1.03,84,false
2025-08-19,soybean,Amarawati,14,107.0,103.0,1.038,77,false
2025-08-19,soybean,Amarawati,21,135.1,131.5,1.028,70,false
2025-08-19,soybean,Latur,1,47.4,37.3,1.27,75,false
2025-08-19,soybean,Latur,2,54.6,44.4,1.231,85,false
2025-08-19,soybean,Latur,3,64.8,54.6,1.186,84,false
2025-08-19,soybean,Latur,7,106.6,95.0,1.122,82,false
2025-08-19,soybean,Latur,14,151.3,142.0,1.065,75,false
2025-08-19,soybean,Latur,21,186.0,171.5,1.085,68,false
2025-08-19,soybean,Nagpur,1,74.3,75.0,0.992,80,false
2025-08-19,soybean,Nagpur,2,77.0,80.6,0.955,86,false
2025-08-19,soybean,Nagpur,3,82.3,85.8,0.96,85,false
2025-08-19,soybean,Nagpur,7,97.0,105.3,0.921,81,true
2025-08-19,soybean,Nagpur,14,137.0,134.8,1.017,74,false
2025-08-19,soybean,Nagpur,21,170.0,169.7,1.002,67,false
2025-08-19,soybean,Washim,1,145.9,163.2,0.894,73,true
2025-08-19,soybean,Washim,2,142.6,154.0,0.926,81,true
2025-08-19,soybean,Washim,3,157.5,172.2,0.914,80,true
2025-08-19,soybean,Washim,7,169.9,175.2,0.97,77,false
2025-08-19,soybean,Washim,14,226.3,244.1,0.927,70,true
2025-08-19,soybean,Washim,21,248.5,284.9,0.872,64,true
2025-08-19,tomato,Junnar (Narayangaon),1,300.4,223.3,1.345,84,false
2025-08-19,tomato,Junnar (Narayangaon),2,370.2,317.5,1.166,89,false
2025-08-19,tomato,Junnar (Narayangaon),3,416.2,372.2,1.118,88,false
2025-08-19,tomato,Junnar (Narayangaon),7,606.1,514.9,1.177,84,false
2025-08-19,tomato,Junnar (Narayangaon),14,709.6,649.4,1.093,77,false
2025-08-19,tomato,Junnar (Narayangaon),21,736.6,714.3,1.031,70,false
2025-08-19,tomato,Nasik,1,300.1,277.5,1.081,89,false
2025-08-19,tomato,Nasik,2,337.8,321.9,1.049,89,false
2025-08-19,tomato,Nasik,3,355.3,339.5,1.047,88,false
2025-08-19,tomato,Nasik,7,467.0,426.5,1.095,84,false
2025-08-19,tomato,Nasik,14,602.7,540.3,1.115,77,false
2025-08-19,tomato,Nasik,21,625.4,537.9,1.163,70,false
2025-08-19,tomato,Pimpalgaon,1,363.3,280.1,1.297,89,false
2025-08-19,tomato,Pimpalgaon,2,417.1,348.9,1.196,89,false
2025-08-19,tomato,Pimpalgaon,3,457.0,388.5,1.176,88,false
2025-08-19,tomato,Pimpalgaon,7,609.0,581.0,1.048,84,false
2025-08-19,tomato,Pimpalgaon,14,715.1,704.0,1.016,77,false
2025-08-19,tomato,Pimpalgaon,21,896.2,903.4,0.992,70,false
2025-08-19,tomato,Pune,1,312.2,261.8,1.193,89,false
2025-08-19,tomato,Pune,2,364.9,343.8,1.061,89,false
2025-08-19,tomato,Pune,3,406.7,380.1,1.07,88,false
2025-08-19,tomato,Pune,7,557.0,483.9,1.151,84,false
2025-08-19,tomato,Pune,14,735.9,596.8,1.233,77,false
2025-08-19,tomato,Pune,21,856.2,660.7,1.296,70,false
2025-08-19,tomato,Pune (Pimpri),1,314.0,327.2,0.959,90,false
2025-08-19,tomato,Pune (Pimpri),2,346.4,353.4,0.98,89,false
2025-08-19,tomato,Pune (Pimpri),3,401.2,400.0,1.003,88,false
2025-08-19,tomato,Pune (Pimpri),7,535.5,453.6,1.181,84,false
2025-08-19,tomato,Pune (Pimpri),14,670.9,570.1,1.177,77,false
2025-08-19,tomato,Pune (Pimpri),21,793.0,637.9,1.243,70,false
2025-08-22,onion,Lasalgaon,1,42.5,40.8,1.043,84,false
2025-08-22,onion,Lasalgaon,2,48.8,51.1,0.956,86,false
2025-08-22,onion,Lasalgaon,3,54.4,61.2,0.89,85,true
2025-08-22,onion,Lasalgaon,7,68.2,87.2,0.783,81,true
2025-08-22,onion,Lasalgaon,14,101.3,143.0,0.709,74,true
2025-08-22,onion,Lasalgaon,21,129.8,165.0,0.787,67,true
2025-08-22,onion,Lasalgaon (Niphad),1,36.7,38.0,0.966,83,false
2025-08-22,onion,Lasalgaon (Niphad),2,48.4,55.3,0.874,87,true
2025-08-22,onion,Lasalgaon (Niphad),3,59.6,69.6,0.857,86,true
2025-08-22,onion,Lasalgaon (Niphad),7,75.2,97.8,0.769,82,true
2025-08-22,onion,Lasalgaon (Niphad),14,92.8,145.6,0.638,75,true
2025-08-22,onion,Lasalgaon (Niphad),21,127.2,171.1,0.744,68,true
2025-08-22,onion,Lasalgaon (Vinchur),1,31.1,33.3,0.935,83,true
2025-08-22,onion,Lasalgaon (Vinchur),2,41.2,47.7,0.863,87,true
2025-08-22,onion,Lasalgaon (Vinchur),3,50.7,60.9,0.833,86,true
2025-08-22,onion,Lasalgaon (Vinchur),7,70.8,90.9,0.78,82,true
2025-08-22,onion,Lasalgaon (Vinchur),14,95.1,143.1,0.665,75,true
2025-08-22,onion,Lasalgaon (Vinchur),21,121.0,159.9,0.757,68,true
2025-08-22,onion,Nasik,1,126.7,131.7,0.963,86,false
2025-08-22,onion,Nasik,2,134.6,143.1,0.941,89,true
2025-08-22,onion,Nasik,3,141.0,152.3,0.926,88,true
2025-08-22,onion,Nasik,7,187.6,207.1,0.906,84,true
2025-08-22,onion,Nasik,14,204.0,224.1,0.911,77,true
2025-08-22,onion,Nasik,21,226.1,256.4,0.882,70,true
2025-08-22,onion,Pimpalgaon,1,42.0,40.3,1.042,88,false
2025-08-22,onion,Pimpalgaon,2,52.6,54.3,0.969,89,false
2025-08-22,onion,Pimpalgaon,3,57.2,61.8,0.926,88,true
2025-08-22,onion,Pimpalgaon,7,71.1,82.9,0.857,84,true
2025-08-22,onion,Pimpalgaon,14,109.4,111.6,0.98,77,false
2025-08-22,onion,Pimpalgaon,21,154.6,131.4,1.176,70,false
2025-08-22,onion,Pune,1,267.8,272.2,0.984,88,false
2025-08-22,onion,Pune,2,272.8,274.2,0.995,89,false
2025-08-22,onion,Pune,3,281.4,285.2,0.987,88,false
2025-08-22,onion,Pune,7,300.5,320.2,0.938,84,true
2025-08-22,onion,Pune,14,316.9,363.0,0.873,77,true
2025-08-22,onion,Pune,21,347.3,405.0,0.857,70,true
2025-08-22,onion,Solapur,1,62.1,57.5,1.08,87,false
2025-08-22,onion,Solapur,2,72.9,73.0,0.999,89,false
2025-08-22,onion,Solapur,3,78.0,83.0,0.94,88,true
2025-08-22,onion,Solapur,7,99.1,101.8,0.974,84,false
2025-08-22,onion,Solapur,14,94.9,80.5,1.179,77,false
2025-08-22,onion,Solapur,21,103.9,88.6,1.173,70,false
2025-08-22,soybean,Akola,1,60.6,66.6,0.91,85,true
2025-08-22,soybean,Akola,2,61.0,58.0,1.052,89,false
2025-08-22,soybean,Akola,3,68.1,64.9,1.05,88,false
2025-08-22,soybean,Akola,7,96.1,92.9,1.034,84,false
2025-08-22,soybean,Akola,14,129.2,115.3,1.121,77,false
2025-08-22,soybean,Akola,21,168.2,149.1,1.128,70,false
2025-08-22,soybean,Amarawati,1,57.7,54.9,1.052,86,false
2025-08-22,soybean,Amarawati,2,63.3,60.7,1.043,89,false
2025-08-22,soybean,Amarawati,3,69.5,67.4,1.03,88,false
2025-08-22,soybean,Amarawati,7,90.4,88.1,1.026,84,false
2025-08-22,soybean,Amarawati,14,113.1,113.0,1.001,77,false
2025-08-22,soybean,Amarawati,21,133.5,135.5,0.985,70,false
2025-08-22,soybean,Latur,1,47.2,36.7,1.286,73,false
2025-08-22,soybean,Latur,2,54.4,43.0,1.266,84,false
2025-08-22,soybean,Latur,3,65.0,53.0,1.227,84,false
2025-08-22,soybean,Latur,7,106.9,93.2,1.147,81,false
2025-08-22,soybean,Latur,14,151.5,142.6,1.063,74,false
2025-08-22,soybean,Latur,21,185.6,169.1,1.098,67,false
2025-08-22,soybean,Nagpur,1,77.3,76.0,1.018,80,false
2025-08-22,soybean,Nagpur,2,81.4,83.9,0.97,86,false
2025-08-22,soybean,Nagpur,3,86.2,88.9,0.97,85,false
2025-08-22,soybean,Nagpur,7,102.0,110.3,0.925,81,true
2025-08-22,soybean,Nagpur,14,140.2,140.3,0.999,74,false
2025-08-22,soybean,Nagpur,21,170.9,172.9,0.988,67,false
2025-08-22,soybean,Washim,1,145.6,163.8,0.888,73,true
2025-08-22,soybean,Washim,2,140.9,151.5,0.93,82,true
2025-08-22,soybean,Washim,3,142.9,157.2,0.909,81,true
2025-08-22,soybean,Washim,7,169.8,174.2,0.974,77,false
2025-08-22,soybean,Washim,14,226.9,243.4,0.933,70,true
2025-08-22,soybean,Washim,21,253.0,284.1,0.891,64,true
2025-08-22,tomato,Junnar (Narayangaon),1,328.6,267.7,1.228,85,false
2025-08-22,tomato,Junnar (Narayangaon),2,379.0,345.6,1.097,89,false
2025-08-22,tomato,Junnar (Narayangaon),3,409.3,389.3,1.052,88,false
2025-08-22,tomato,Junnar (Narayangaon),7,596.9,509.0,1.173,84,false
2025-08-22,tomato,Junnar (Narayangaon),14,685.6,675.3,1.015,77,false
2025-08-22,tomato,Junnar (Narayangaon),21,733.9,757.1,0.969,70,false
2025-08-22,tomato,Nasik,1,317.4,296.7,1.07,90,false
2025-08-22,tomato,Nasik,2,355.3,344.9,1.03,89,false
2025-08-22,tomato,Nasik,3,376.8,363.6,1.036,88,false
2025-08-22,tomato,Nasik,7,479.1,434.8,1.102,84,false
2025-08-22,tomato,Nasik,14,620.5,559.7,1.109,77,false
2025-08-22,tomato,Nasik,21,634.2,557.1,1.138,70,false
2025-08-22,tomato,Pimpalgaon,1,379.9,303.3,1.253,89,false
2025-08-22,tomato,Pimpalgaon,2,436.2,382.4,1.141,89,false
2025-08-22,tomato,Pimpalgaon,3,477.1,429.2,1.112,88,false
2025-08-22,tomato,Pimpalgaon,7,618.5,608.3,1.017,84,false
2025-08-22,tomato,Pimpalgaon,14,729.1,729.7,0.999,77,false
2025-08-22,tomato,Pimpalgaon,21,911.7,946.4,0.963,70,false
2025-08-22,tomato,Pune,1,310.7,266.3,1.167,89,false
2025-08-22,tomato,Pune,2,351.7,328.7,1.07,89,false
2025-08-22,tomato,Pune,3,399.0,367.6,1.085,88,false
2025-08-22,tomato,Pune,7,566.5,487.5,1.162,84,false
2025-08-22,tomato,Pune,14,728.1,587.0,1.24,77,false
2025-08-22,tomato,Pune,21,858.3,674.3,1.273,70,false
2025-08-22,tomato,Pune (Pimpri),1,335.5,352.8,0.951,90,false
2025-08-22,tomato,Pune (Pimpri),2,364.7,377.5,0.966,89,false
2025-08-22,tomato,Pune (Pimpri),3,410.9,419.3,0.98,88,false
2025-08-22,tomato,Pune (Pimpri),7,515.2,426.8,1.207,84,false
2025-08-22,tomato,Pune (Pimpri),14,678.4,570.1,1.19,77,false
2025-08-22,tomato,Pune (Pimpri),21,793.2,645.0,1.23,70,false
2025-08-25,onion,Lasalgaon,1,41.6,41.6,1.0,83,false
2025-08-25,onion,Lasalgaon,2,47.5,50.0,0.951,85,false
2025-08-25,onion,Lasalgaon,3,52.7,57.8,0.913,84,true
2025-08-25,onion,Lasalgaon,7,69.1,83.8,0.825,80,true
2025-08-25,onion,Lasalgaon,14,102.7,136.2,0.754,73,true
2025-08-25,onion,Lasalgaon,21,133.8,156.8,0.853,66,true
2025-08-25,onion,Lasalgaon (Niphad),1,36.6,37.2,0.983,84,false
2025-08-25,onion,Lasalgaon (Niphad),2,47.7,53.5,0.892,87,true
2025-08-25,onion,Lasalgaon (Niphad),3,57.5,65.5,0.878,86,true
2025-08-25,onion,Lasalgaon (Niphad),7,79.0,97.9,0.808,82,true
2025-08-25,onion,Lasalgaon (Niphad),14,89.9,134.2,0.669,75,true
2025-08-25,onion,Lasalgaon (Niphad),21,121.7,152.9,0.796,68,true
2025-08-25,onion,Lasalgaon (Vinchur),1,30.8,31.7,0.973,84,false
2025-08-25,onion,Lasalgaon (Vinchur),2,40.4,45.4,0.891,87,true
2025-08-25,onion,Lasalgaon (Vinchur),3,49.2,57.4,0.857,86,true
2025-08-25,onion,Lasalgaon (Vinchur),7,73.2,92.1,0.795,82,true
2025-08-25,onion,Lasalgaon (Vinchur),14,96.0,135.5,0.709,75,true
2025-08-25,onion,Lasalgaon (Vinchur),21,119.9,146.6,0.818,68,true
2025-08-25,onion,Nasik,1,123.7,128.8,0.96,86,false
2025-08-25,onion,Nasik,2,133.6,141.9,0.941,89,true
2025-08-25,onion,Nasik,3,139.2,150.0,0.928,88,true
2025-08-25,onion,Nasik,7,180.8,200.5,0.902,84,true
2025-08-25,onion,Nasik,14,207.1,229.9,0.901,77,true
2025-08-25,onion,Nasik,21,216.8,245.0,0.885,70,true
2025-08-25,onion,Pimpalgaon,1,41.6,38.7,1.074,89,false
2025-08-25,onion,Pimpalgaon,2,52.4,52.4,1.001,89,false
2025-08-25,onion,Pimpalgaon,3,57.2,59.5,0.961,88,false
2025-08-25,onion,Pimpalgaon,7,73.5,84.7,0.867,84,true
2025-08-25,onion,Pimpalgaon,14,109.3,100.6,1.086,77,false
2025-08-25,onion,Pimpalgaon,21,151.1,124.6,1.213,70,false
2025-08-25,onion,Pune,1,266.5,271.0,0.983,88,false
2025-08-25,onion,Pune,2,269.1,270.2,0.996,89,false
2025-08-25,onion,Pune,3,277.2,280.7,0.988,88,false
2025-08-25,onion,Pune,7,292.7,314.9,0.929,84,true
2025-08-25,onion,Pune,14,310.0,361.0,0.859,77,true
2025-08-25,onion,Pune,21,345.2,405.7,0.851,70,true
2025-08-25,onion,Solapur,1,59.3,55.7,1.064,87,false
2025-08-25,onion,Solapur,2,71.0,71.9,0.988,89,false
2025-08-25,onion,Solapur,3,77.1,81.8,0.942,88,true
2025-08-25,onion,Solapur,7,92.9,97.0,0.958,84,false
2025-08-25,onion,Solapur,14,85.6,76.0,1.127,77,false
2025-08-25,onion,Solapur,21,85.3,80.0,1.067,70,false
2025-08-25,soybean,Akola,1,61.3,67.8,0.904,86,true
2025-08-25,soybean,Akola,2,59.2,57.0,1.038,89,false
2025-08-25,soybean,Akola,3,65.9,63.5,1.038,88,false
2025-08-25,soybean,Akola,7,94.6,90.8,1.041,84,false
2025-08-25,soybean,Akola,14,132.2,118.8,1.113,77,false
2025-08-25,soybean,Akola,21,169.9,151.1,1.124,70,false
2025-08-25,soybean,Amarawati,1,55.6,52.9,1.052,85,false
2025-08-25,soybean,Amarawati,2,62.6,58.4,1.071,88,false
2025-08-25,soybean,Amarawati,3,70.1,66.5,1.054,87,false
2025-08-25,soybean,Amarawati,7,92.0,88.8,1.036,83,false
2025-08-25,soybean,Amarawati,14,118.3,120.2,0.985,76,false
2025-08-25,soybean,Amarawati,21,135.7,138.4,0.981,69,false
2025-08-25,soybean,Latur,1,46.0,36.8,1.251,75,false
2025-08-25,soybean,Latur,2,53.4,43.3,1.234,85,false
2025-08-25,soybean,Latur,3,64.2,53.7,1.196,84,false
2025-08-25,soybean,Latur,7,106.1,93.0,1.141,80,false
2025-08-25,soybean,Latur,14,153.3,147.4,1.04,73,false
2025-08-25,soybean,Latur,21,184.9,172.3,1.073,66,false
2025-08-25,soybean,Nagpur,1,76.2,75.2,1.013,77,false
2025-08-25,soybean,Nagpur,2,81.4,83.3,0.977,84,false
2025-08-25,soybean,Nagpur,3,87.0,88.4,0.984,83,false
2025-08-25,soybean,Nagpur,7,104.6,111.8,0.936,79,true
2025-08-25,soybean,Nagpur,14,144.6,141.2,1.024,72,false
2025-08-25,soybean,Nagpur,21,173.6,177.0,0.981,65,false
2025-08-25,soybean,Washim,1,119.4,137.8,0.866,73,true
2025-08-25,soybean,Washim,2,118.8,129.8,0.915,81,true
2025-08-25,soybean,Washim,3,132.7,147.4,0.9,80,true
2025-08-25,soybean,Washim,7,169.3,173.9,0.974,76,false
2025-08-25,soybean,Washim,14,228.7,242.5,0.943,70,true
2025-08-25,soybean,Washim,21,259.5,291.3,0.891,63,true
2025-08-25,tomato,Junnar (Narayangaon),1,329.6,270.9,1.217,84,false
2025-08-25,tomato,Junnar (Narayangaon),2,386.3,351.2,1.1,89,false
2025-08-25,tomato,Junnar (Narayangaon),3,425.8,412.0,1.033,88,false
2025-08-25,tomato,Junnar (Narayangaon),7,589.6,535.8,1.1,84,false
2025-08-25,tomato,Junnar (Narayangaon),14,687.7,714.3,0.963,77,false
2025-08-25,tomato,Junnar (Narayangaon),21,754.6,828.6,0.911,70,true
2025-08-25,tomato,Nasik,1,318.5,301.1,1.058,90,false
2025-08-25,tomato,Nasik,2,366.4,357.3,1.025,89,false
2025-08-25,tomato,Nasik,3,398.6,384.1,1.038,88,false
2025-08-25,tomato,Nasik,7,503.2,476.2,1.057,84,false
2025-08-25,tomato,Nasik,14,593.5,540.6,1.098,77,false
2025-08-25,tomato,Nasik,21,655.3,587.9,1.115,70,false
2025-08-25,tomato,Pimpalgaon,1,378.0,300.4,1.258,89,false
2025-08-25,tomato,Pimpalgaon,2,448.9,399.2,1.124,89,false
2025-08-25,tomato,Pimpalgaon,3,504.3,465.0,1.085,88,false
2025-08-25,tomato,Pimpalgaon,7,642.7,676.8,0.95,84,true
2025-08-25,tomato,Pimpalgaon,14,736.4,785.3,0.938,77,true
2025-08-25,tomato,Pimpalgaon,21,946.5,1012.6,0.935,70,true
2025-08-25,tomato,Pune,1,292.9,247.2,1.185,89,false
2025-08-25,tomato,Pune,2,355.4,326.4,1.089,89,false
2025-08-25,tomato,Pune,3,402.6,371.0,1.085,88,false
2025-08-25,tomato,Pune,7,548.7,461.3,1.189,84,false
2025-08-25,tomato,Pune,14,700.3,574.0,1.22,77,false
2025-08-25,tomato,Pune,21,821.1,653.6,1.256,70,false
2025-08-25,tomato,Pune (Pimpri),1,337.2,357.8,0.943,90,true
2025-08-25,tomato,Pune (Pimpri),2,363.3,378.1,0.961,89,false
2025-08-25,tomato,Pune (Pimpri),3,412.0,419.9,0.981,88,false
2025-08-25,tomato,Pune (Pimpri),7,517.7,427.4,1.211,84,false
2025-08-25,tomato,Pune (Pimpri),14,674.2,561.7,1.2,77,false
2025-08-25,tomato,Pune (Pimpri),21,791.0,656.4,1.205,70,false
2025-08-28,onion,Lasalgaon,1,42.5,44.0,0.964,83,false
2025-08-28,onion,Lasalgaon,2,49.5,53.4,0.926,85,true
2025-08-28,onion,Lasalgaon,3,54.9,62.9,0.873,84,true
2025-08-28,onion,Lasalgaon,7,69.9,89.8,0.779,80,true
2025-08-28,onion,Lasalgaon,14,109.5,133.9,0.818,73,true
2025-08-28,onion,Lasalgaon,21,131.3,152.7,0.86,66,true
2025-08-28,onion,Lasalgaon (Niphad),1,36.4,36.6,0.993,84,false
2025-08-28,onion,Lasalgaon (Niphad),2,47.1,52.2,0.903,87,true
2025-08-28,onion,Lasalgaon (Niphad),3,57.0,66.1,0.863,86,true
2025-08-28,onion,Lasalgaon (Niphad),7,81.1,103.2,0.785,82,true
2025-08-28,onion,Lasalgaon (Niphad),14,99.2,131.4,0.755,75,true
2025-08-28,onion,Lasalgaon (Niphad),21,116.8,147.5,0.792,68,true
2025-08-28,onion,Lasalgaon (Vinchur),1,31.4,31.7,0.992,84,false
2025-08-28,onion,Lasalgaon (Vinchur),2,39.6,44.6,0.888,87,true
2025-08-28,onion,Lasalgaon (Vinchur),3,47.3,56.6,0.835,86,true
2025-08-28,onion,Lasalgaon (Vinchur),7,72.8,95.9,0.759,82,true
2025-08-28,onion,Lasalgaon (Vinchur),14,102.2,134.5,0.759,75,true
2025-08-28,onion,Lasalgaon (Vinchur),21,116.0,143.1,0.81,68,true
2025-08-28,onion,Nasik,1,122.7,127.6,0.962,86,false
2025-08-28,onion,Nasik,2,129.9,138.3,0.939,89,true
2025-08-28,onion,Nasik,3,135.7,146.4,0.928,88,true
2025-08-28,onion,Nasik,7,179.3,200.8,0.893,84,true
2025-08-28,onion,Nasik,14,205.4,224.9,0.913,77,true
2025-08-28,onion,Nasik,21,213.1,245.3,0.869,70,true
2025-08-28,onion,Pimpalgaon,1,42.5,40.7,1.045,89,false
2025-08-28,onion,Pimpalgaon,2,53.4,54.9,0.973,89,false
2025-08-28,onion,Pimpalgaon,3,57.7,62.6,0.921,88,true
2025-08-28,onion,Pimpalgaon,7,73.5,92.5,0.794,84,true
2025-08-28,onion,Pimpalgaon,14,112.4,106.4,1.056,77,false
2025-08-28,onion,Pimpalgaon,21,146.0,121.0,1.206,70,false
2025-08-28,onion,Pune,1,265.2,270.5,0.98,88,false
2025-08-28,onion,Pune,2,267.9,271.1,0.988,89,false
2025-08-28,onion,Pune,3,275.7,282.1,0.977,88,false
2025-08-28,onion,Pune,7,288.2,315.8,0.913,84,true
2025-08-28,onion,Pune,14,310.1,356.8,0.869,77,true
2025-08-28,onion,Pune,21,343.1,401.8,0.854,70,true
2025-08-28,onion,Solapur,1,58.5,55.2,1.059,87,false
2025-08-28,onion,Solapur,2,70.2,71.9,0.977,89,false
2025-08-28,onion,Solapur,3,75.0,81.2,0.923,88,true
2025-08-28,onion,Solapur,7,86.7,95.2,0.91,84,true
2025-08-28,onion,Solapur,14,84.1,83.8,1.004,77,false
2025-08-28,onion,Solapur,21,68.6,75.7,0.906,70,true
2025-08-28,soybean,Akola,1,63.4,68.7,0.923,86,true
2025-08-28,soybean,Akola,2,62.0,58.2,1.066,89,false
2025-08-28,soybean,Akola,3,68.3,64.7,1.056,88,false
2025-08-28,soybean,Akola,7,99.1,92.2,1.075,84,false
2025-08-28,soybean,Akola,14,138.4,126.6,1.093,77,false
2025-08-28,soybean,Akola,21,175.6,157.2,1.117,70,false
2025-08-28,soybean,Amarawati,1,59.9,56.9,1.051,85,false
2025-08-28,soybean,Amarawati,2,65.0,60.1,1.081,88,false
2025-08-28,soybean,Amarawati,3,71.0,66.3,1.07,87,false
2025-08-28,soybean,Amarawati,7,96.2,90.7,1.061,83,false
2025-08-28,soybean,Amarawati,14,128.9,132.5,0.973,76,false
2025-08-28,soybean,Amarawati,21,143.5,148.3,0.968,69,false
2025-08-28,soybean,Latur,1,44.9,37.4,1.202,72,false
2025-08-28,soybean,Latur,2,52.1,44.0,1.184,83,false
2025-08-28,soybean,Latur,3,62.6,54.0,1.159,82,false
2025-08-28,soybean,Latur,7,104.6,93.3,1.121,78,false
2025-08-28,soybean,Latur,14,155.7,151.3,1.03,71,false
2025-08-28,soybean,Latur,21,188.7,177.8,1.061,64,false
2025-08-28,soybean,Nagpur,1,75.9,74.3,1.022,78,false
2025-08-28,soybean,Nagpur,2,81.0,82.0,0.988,85,false
2025-08-28,soybean,Nagpur,3,85.8,84.4,1.016,84,false
2025-08-28,soybean,Nagpur,7,111.4,115.6,0.964,80,false
2025-08-28,soybean,Nagpur,14,154.3,153.9,1.002,73,false
2025-08-28,soybean,Nagpur,21,170.8,182.2,0.937,66,true
2025-08-28,soybean,Washim,1,109.8,126.3,0.87,70,true
2025-08-28,soybean,Washim,2,110.0,121.0,0.909,79,true
2025-08-28,soybean,Washim,3,125.1,138.1,0.906,78,true
2025-08-28,soybean,Washim,7,162.0,164.7,0.983,74,false
2025-08-28,soybean,Washim,14,222.1,234.0,0.949,68,true
2025-08-28,soybean,Washim,21,249.6,269.8,0.925,61,true
2025-08-28,tomato,Junnar (Narayangaon),1,340.2,288.7,1.178,84,false
2025-08-28,tomato,Junnar (Narayangaon),2,397.2,370.9,1.071,89,false
2025-08-28,tomato,Junnar (Narayangaon),3,437.7,434.7,1.007,88,false
2025-08-28,tomato,Junnar (Narayangaon),7,618.1,595.3,1.038,84,false
2025-08-28,tomato,Junnar (Narayangaon),14,731.0,772.7,0.946,77,true
2025-08-28,tomato,Junnar (Narayangaon),21,804.9,928.6,0.867,70,true
2025-08-28,tomato,Nasik,1,316.4,299.4,1.057,90,false
2025-08-28,tomato,Nasik,2,363.3,355.1,1.023,89,false
2025-08-28,tomato,Nasik,3,398.9,386.4,1.032,88,false
2025-08-28,tomato,Nasik,7,540.1,521.4,1.036,84,false
2025-08-28,tomato,Nasik,14,624.7,580.2,1.077,77,false
2025-08-28,tomato,Nasik,21,681.2,638.6,1.067,70,false
2025-08-28,tomato,Pimpalgaon,1,371.3,292.3,1.27,89,false
2025-08-28,tomato,Pimpalgaon,2,446.5,395.6,1.129,89,false
2025-08-28,tomato,Pimpalgaon,3,506.0,467.4,1.083,88,false
2025-08-28,tomato,Pimpalgaon,7,670.1,737.4,0.909,84,true
2025-08-28,tomato,Pimpalgaon,14,739.5,833.8,0.887,77,true
2025-08-28,tomato,Pimpalgaon,21,984.2,1092.7,0.901,70,true
2025-08-28,tomato,Pune,1,289.4,242.7,1.193,89,false
2025-08-28,tomato,Pune,2,344.3,318.0,1.083,89,false
2025-08-28,tomato,Pune,3,389.1,369.3,1.054,88,false
2025-08-28,tomato,Pune,7,545.6,479.8,1.137,84,false
2025-08-28,tomato,Pune,14,660.2,565.6,1.167,77,false
2025-08-28,tomato,Pune,21,795.6,673.6,1.181,70,false
2025-08-28,tomato,Pune (Pimpri),1,355.4,377.2,0.942,90,true
2025-08-28,tomato,Pune (Pimpri),2,383.8,403.4,0.951,89,false
2025-08-28,tomato,Pune (Pimpri),3,432.3,451.1,0.958,88,false
2025-08-28,tomato,Pune (Pimpri),7,514.8,444.0,1.159,84,false
2025-08-28,tomato,Pune (Pimpri),14,677.0,600.6,1.127,77,false
2025-08-28,tomato,Pune (Pimpri),21,790.8,688.6,1.148,70,false
2025-08-31,onion,Lasalgaon,1,42.1,45.1,0.934,82,true
2025-08-31,onion,Lasalgaon,2,50.3,55.6,0.904,85,true
2025-08-31,onion,Lasalgaon,3,56.7,66.1,0.858,84,true
2025-08-31,onion,Lasalgaon,7,75.8,96.4,0.786,80,true
2025-08-31,onion,Lasalgaon,14,116.5,135.1,0.862,73,true
2025-08-31,onion,Lasalgaon,21,130.3,144.1,0.905,66,true
2025-08-31,onion,Lasalgaon (Niphad),1,34.5,36.7,0.939,81,true
2025-08-31,onion,Lasalgaon (Niphad),2,45.4,51.7,0.878,85,true
2025-08-31,onion,Lasalgaon (Niphad),3,56.0,64.7,0.866,84,true
2025-08-31,onion,Lasalgaon (Niphad),7,80.7,102.7,0.786,80,true
2025-08-31,onion,Lasalgaon (Niphad),14,103.3,125.8,0.821,73,true
2025-08-31,onion,Lasalgaon (Niphad),21,117.8,141.3,0.833,66,true
2025-08-31,onion,Lasalgaon (Vinchur),1,29.5,31.4,0.938,83,true
2025-08-31,onion,Lasalgaon (Vinchur),2,38.6,44.1,0.874,87,true
2025-08-31,onion,Lasalgaon (Vinchur),3,47.3,56.2,0.841,86,true
2025-08-31,onion,Lasalgaon (Vinchur),7,75.6,96.0,0.788,82,true
2025-08-31,onion,Lasalgaon (Vinchur),14,110.3,135.2,0.816,75,true
2025-08-31,onion,Lasalgaon (Vinchur),21,114.7,135.1,0.848,68,true
2025-08-31,onion,Nasik,1,117.3,120.0,0.978,84,false
2025-08-31,onion,Nasik,2,127.2,133.3,0.954,88,false
2025-08-31,onion,Nasik,3,131.7,140.3,0.939,87,true
2025-08-31,onion,Nasik,7,177.7,199.6,0.89,83,true
2025-08-31,onion,Nasik,14,205.6,225.3,0.913,76,true
2025-08-31,onion,Nasik,21,209.7,248.1,0.845,69,true
2025-08-31,onion,Pimpalgaon,1,40.9,42.0,0.974,88,false
2025-08-31,onion,Pimpalgaon,2,51.3,55.2,0.929,89,true
2025-08-31,onion,Pimpalgaon,3,56.0,62.6,0.895,88,true
2025-08-31,onion,Pimpalgaon,7,76.4,93.1,0.821,84,true
2025-08-31,onion,Pimpalgaon,14,113.8,113.2,1.006,77,false
2025-08-31,onion,Pimpalgaon,21,143.3,120.3,1.192,70,false
2025-08-31,onion,Pune,1,264.7,270.5,0.979,88,false
2025-08-31,onion,Pune,2,266.4,270.8,0.984,89,false
2025-08-31,onion,Pune,3,274.5,283.5,0.968,88,false
2025-08-31,onion,Pune,7,288.6,314.6,0.917,84,true
2025-08-31,onion,Pune,14,311.2,350.3,0.888,77,true
2025-08-31,onion,Pune,21,344.5,391.8,0.879,70,true
2025-08-31,onion,Solapur,1,54.7,53.5,1.021,85,false
2025-08-31,onion,Solapur,2,65.2,69.3,0.941,88,true
2025-08-31,onion,Solapur,3,70.5,79.3,0.889,87,true
2025-08-31,onion,Solapur,7,82.0,95.8,0.856,83,true
2025-08-31,onion,Solapur,14,78.4,87.5,0.896,76,true
2025-08-31,onion,Solapur,21,59.9,76.1,0.787,69,true
2025-08-31,soybean,Akola,1,62.2,69.3,0.897,84,true
2025-08-31,soybean,Akola,2,60.8,58.5,1.04,88,false
2025-08-31,soybean,Akola,3,67.3,64.5,1.043,87,false
2025-08-31,soybean,Akola,7,101.7,94.2,1.08,83,false
2025-08-31,soybean,Akola,14,143.2,131.6,1.088,76,false
2025-08-31,soybean,Akola,21,180.6,162.7,1.11,69,false
2025-08-31,soybean,Amarawati,1,59.0,58.0,1.019,84,false
2025-08-31,soybean,Amarawati,2,65.1,60.5,1.076,88,false
2025-08-31,soybean,Amarawati,3,72.5,67.1,1.081,87,false
2025-08-31,soybean,Amarawati,7,99.2,90.9,1.091,83,false
2025-08-31,soybean,Amarawati,14,137.5,138.5,0.993,76,false
2025-08-31,soybean,Amarawati,21,153.1,157.0,0.975,69,false
2025-08-31,soybean,Latur,1,45.2,36.8,1.228,69,false
2025-08-31,soybean,Latur,2,52.2,43.9,1.189,80,false
2025-08-31,soybean,Latur,3,63.1,54.3,1.163,79,false
2025-08-31,soybean,Latur,7,108.0,96.3,1.122,75,false
2025-08-31,soybean,Latur,14,161.4,156.5,1.032,68,false
2025-08-31,soybean,Latur,21,192.2,181.5,1.059,61,false
2025-08-31,soybean,Nagpur,1,74.2,72.4,1.025,77,false
2025-08-31,soybean,Nagpur,2,77.6,77.1,1.007,85,false
2025-08-31,soybean,Nagpur,3,83.2,79.8,1.042,84,false
2025-08-31,soybean,Nagpur,7,114.8,115.3,0.996,80,false
2025-08-31,soybean,Nagpur,14,160.3,157.5,1.018,73,false
2025-08-31,soybean,Nagpur,21,174.0,187.4,0.929,66,true
2025-08-31,soybean,Washim,1,114.3,129.9,0.881,69,true
2025-08-31,soybean,Washim,2,115.7,127.6,0.907,79,true
2025-08-31,soybean,Washim,3,129.2,146.0,0.885,78,true
2025-08-31,soybean,Washim,7,162.1,167.7,0.967,75,false
2025-08-31,soybean,Washim,14,223.5,237.9,0.939,68,true
2025-08-31,soybean,Washim,21,251.5,277.7,0.906,61,true
2025-08-31,tomato,Junnar (Narayangaon),1,338.5,291.7,1.16,84,false
2025-08-31,tomato,Junnar (Narayangaon),2,401.8,382.1,1.052,89,false
2025-08-31,tomato,Junnar (Narayangaon),3,445.5,448.9,0.992,88,false
2025-08-31,tomato,Junnar (Narayangaon),7,623.3,607.2,1.026,84,false
2025-08-31,tomato,Junnar (Narayangaon),14,731.9,811.7,0.902,77,true
2025-08-31,tomato,Junnar (Narayangaon),21,814.2,985.7,0.826,70,true
2025-08-31,tomato,Nasik,1,320.1,297.8,1.075,90,false
2025-08-31,tomato,Nasik,2,368.8,353.4,1.044,89,false
2025-08-31,tomato,Nasik,3,402.7,385.2,1.045,88,false
2025-08-31,tomato,Nasik,7,496.7,469.6,1.058,84,false
2025-08-31,tomato,Nasik,14,639.1,610.4,1.047,77,false
2025-08-31,tomato,Nasik,21,694.6,676.1,1.027,70,false
2025-08-31,tomato,Pimpalgaon,1,372.4,291.0,1.28,89,false
2025-08-31,tomato,Pimpalgaon,2,448.6,400.5,1.12,89,false
2025-08-31,tomato,Pimpalgaon,3,510.2,473.5,1.078,88,false
2025-08-31,tomato,Pimpalgaon,7,669.7,743.3,0.901,84,true
2025-08-31,tomato,Pimpalgaon,14,737.0,890.0,0.828,77,true
2025-08-31,tomato,Pimpalgaon,21,974.4,1150.6,0.847,70,true
2025-08-31,tomato,Pune,1,283.4,242.1,1.17,89,false
2025-08-31,tomato,Pune,2,346.9,323.6,1.072,89,false
2025-08-31,tomato,Pune,3,400.5,386.4,1.037,88,false
2025-08-31,tomato,Pune,7,541.6,491.7,1.102,84,false
2025-08-31,tomato,Pune,14,644.5,566.2,1.138,77,false
2025-08-31,tomato,Pune,21,765.6,685.7,1.116,70,false
2025-08-31,tomato,Pune (Pimpri),1,350.0,382.8,0.914,90,true
2025-08-31,tomato,Pune (Pimpri),2,372.2,399.4,0.932,89,true
2025-08-31,tomato,Pune (Pimpri),3,431.3,461.4,0.935,88,true
2025-08-31,tomato,Pune (Pimpri),7,547.8,492.3,1.113,84,false
2025-08-31,tomato,Pune (Pimpri),14,696.2,642.9,1.083,77,false
2025-08-31,tomato,Pune (Pimpri),21,797.8,722.1,1.105,70,false
2025-09-03,onion,Lasalgaon,1,42.5,44.1,0.963,83,false
2025-09-03,onion,Lasalgaon,2,51.3,54.1,0.948,85,true
2025-09-03,onion,Lasalgaon,3,58.2,64.9,0.897,84,true
2025-09-03,onion,Lasalgaon,7,77.6,95.1,0.816,80,true
2025-09-03,onion,Lasalgaon,14,126.0,139.6,0.902,73,true
2025-09-03,onion,Lasalgaon,21,140.9,142.8,0.987,66,false
2025-09-03,onion,Lasalgaon (Niphad),1,33.5,35.6,0.941,82,true
2025-09-03,onion,Lasalgaon (Niphad),2,44.2,50.3,0.879,86,true
2025-09-03,onion,Lasalgaon (Niphad),3,55.2,62.7,0.88,85,true
2025-09-03,onion,Lasalgaon (Niphad),7,76.7,95.5,0.804,81,true
2025-09-03,onion,Lasalgaon (Niphad),14,111.1,129.9,0.855,74,true
2025-09-03,onion,Lasalgaon (Niphad),21,124.6,137.6,0.906,67,true
2025-09-03,onion,Lasalgaon (Vinchur),1,30.0,31.0,0.968,83,false
2025-09-03,onion,Lasalgaon (Vinchur),2,37.4,42.0,0.891,87,true
2025-09-03,onion,Lasalgaon (Vinchur),3,45.7,53.3,0.858,86,true
2025-09-03,onion,Lasalgaon (Vinchur),7,73.2,90.6,0.808,82,true
2025-09-03,onion,Lasalgaon (Vinchur),14,114.8,135.7,0.845,75,true
2025-09-03,onion,Lasalgaon (Vinchur),21,119.7,131.2,0.913,68,true
2025-09-03,onion,Nasik,1,117.5,120.9,0.972,85,false
2025-09-03,onion,Nasik,2,128.3,133.0,0.965,89,false
2025-09-03,onion,Nasik,3,135.7,141.5,0.959,88,false
2025-09-03,onion,Nasik,7,182.5,202.9,0.9,84,true
2025-09-03,onion,Nasik,14,216.0,232.7,0.928,77,true
2025-09-03,onion,Nasik,21,216.2,246.0,0.879,70,true
2025-09-03,onion,Pimpalgaon,1,39.7,40.1,0.992,89,false
2025-09-03,onion,Pimpalgaon,2,50.2,52.3,0.96,89,false
2025-09-03,onion,Pimpalgaon,3,55.5,59.2,0.937,88,true
2025-09-03,onion,Pimpalgaon,7,77.7,91.2,0.852,84,true
2025-09-03,onion,Pimpalgaon,14,119.2,118.9,1.002,77,false
2025-09-03,onion,Pimpalgaon,21,145.3,125.6,1.157,70,false
2025-09-03,onion,Pune,1,264.0,269.9,0.978,88,false
2025-09-03,onion,Pune,2,265.3,269.1,0.986,89,false
2025-09-03,onion,Pune,3,274.1,281.2,0.975,88,false
2025-09-03,onion,Pune,7,284.2,307.1,0.925,84,true
2025-09-03,onion,Pune,14,313.3,346.4,0.904,77,true
2025-09-03,onion,Pune,21,342.6,379.6,0.903,70,true
2025-09-03,onion,Solapur,1,57.6,57.0,1.011,86,false
2025-09-03,onion,Solapur,2,69.1,73.0,0.946,89,true
2025-09-03,onion,Solapur,3,75.4,84.1,0.897,88,true
2025-09-03,onion,Solapur,7,85.8,96.4,0.89,84,true
2025-09-03,onion,Solapur,14,72.3,87.7,0.824,77,true
2025-09-03,onion,Solapur,21,58.0,75.0,0.773,70,true
2025-09-03,soybean,Akola,1,62.9,68.5,0.918,85,true
2025-09-03,soybean,Akola,2,62.0,57.5,1.078,89,false
2025-09-03,soybean,Akola,3,68.8,64.8,1.062,88,false
2025-09-03,soybean,Akola,7,104.8,95.9,1.093,84,false
2025-09-03,soybean,Akola,14,151.5,136.1,1.113,77,false
2025-09-03,soybean,Akola,21,188.5,171.1,1.101,70,false
2025-09-03,soybean,Amarawati,1,58.6,56.7,1.033,84,false
2025-09-03,soybean,Amarawati,2,64.9,58.5,1.109,88,false
2025-09-03,soybean,Amarawati,3,72.9,65.6,1.112,87,false
2025-09-03,soybean,Amarawati,7,103.4,92.7,1.116,83,false
2025-09-03,soybean,Amarawati,14,144.7,138.9,1.042,76,false
2025-09-03,soybean,Amarawati,21,164.2,167.1,0.983,69,false
2025-09-03,soybean,Latur,1,50.9,41.5,1.228,68,false
2025-09-03,soybean,Latur,2,58.0,48.5,1.197,79,false
2025-09-03,soybean,Latur,3,69.5,59.1,1.176,78,false
2025-09-03,soybean,Latur,7,113.9,100.3,1.136,74,false
2025-09-03,soybean,Latur,14,166.9,159.9,1.044,67,false
2025-09-03,soybean,Latur,21,197.8,184.8,1.07,60,false
2025-09-03,soybean,Nagpur,1,78.6,76.4,1.029,77,false
2025-09-03,soybean,Nagpur,2,83.1,81.0,1.025,85,false
2025-09-03,soybean,Nagpur,3,88.3,82.8,1.065,84,false
2025-09-03,soybean,Nagpur,7,121.9,119.1,1.024,80,false
2025-09-03,soybean,Nagpur,14,173.7,170.8,1.017,73,false
2025-09-03,soybean,Nagpur,21,191.7,206.9,0.927,66,true
2025-09-03,soybean,Washim,1,115.3,128.8,0.895,69,true
2025-09-03,soybean,Washim,2,118.1,127.2,0.928,79,true
2025-09-03,soybean,Washim,3,131.2,144.3,0.909,79,true
2025-09-03,soybean,Washim,7,170.2,176.8,0.963,75,false
2025-09-03,soybean,Washim,14,226.1,240.6,0.94,68,true
2025-09-03,soybean,Washim,21,254.5,284.8,0.894,61,true
2025-09-03,tomato,Junnar (Narayangaon),1,345.1,297.7,1.159,84,false
2025-09-03,tomato,Junnar (Narayangaon),2,402.8,382.1,1.054,89,false
2025-09-03,tomato,Junnar (Narayangaon),3,451.1,460.3,0.98,88,false
2025-09-03,tomato,Junnar (Narayangaon),7,621.4,601.2,1.034,84,false
2025-09-03,tomato,Junnar (Narayangaon),14,738.4,870.1,0.849,77,true
2025-09-03,tomato,Junnar (Narayangaon),21,822.4,1028.6,0.8,70,true
2025-09-03,tomato,Nasik,1,320.7,300.0,1.069,90,false
2025-09-03,tomato,Nasik,2,370.1,357.3,1.036,89,false
2025-09-03,tomato,Nasik,3,403.3,388.6,1.038,88,false
2025-09-03,tomato,Nasik,7,495.7,464.3,1.068,84,false
2025-09-03,tomato,Nasik,14,664.2,664.3,1.0,77,false
2025-09-03,tomato,Nasik,21,705.0,716.8,0.984,70,false
2025-09-03,tomato,Pimpalgaon,1,375.4,298.1,1.259,89,false
2025-09-03,tomato,Pimpalgaon,2,454.5,408.8,1.112,89,false
2025-09-03,tomato,Pimpalgaon,3,517.0,485.4,1.065,88,false
2025-09-03,tomato,Pimpalgaon,7,678.2,738.3,0.919,84,true
2025-09-03,tomato,Pimpalgaon,14,740.2,954.3,0.776,77,true
2025-09-03,tomato,Pimpalgaon,21,974.5,1202.0,0.811,70,true
2025-09-03,tomato,Pune,1,274.1,236.5,1.159,89,false
2025-09-03,tomato,Pune,2,343.6,328.1,1.047,89,false
2025-09-03,tomato,Pune,3,403.0,396.0,1.018,88,false
2025-09-03,tomato,Pune,7,524.9,481.5,1.09,84,false
2025-09-03,tomato,Pune,14,627.1,574.0,1.093,77,false
2025-09-03,tomato,Pune,21,720.6,682.1,1.056,70,false
2025-09-03,tomato,Pune (Pimpri),1,349.4,389.4,0.897,90,true
2025-09-03,tomato,Pune (Pimpri),2,370.6,401.7,0.923,89,true
2025-09-03,tomato,Pune (Pimpri),3,428.4,457.4,0.937,88,true
2025-09-03,tomato,Pune (Pimpri),7,543.4,500.6,1.085,84,false
2025-09-03,tomato,Pune (Pimpri),14,709.2,674.7,1.051,77,false
2025-09-03,tomato,Pune (Pimpri),21,805.2,750.0,1.074,70,false
2025-09-06,onion,Lasalgaon,1,41.4,43.0,0.964,83,false
2025-09-06,onion,Lasalgaon,2,49.9,52.1,0.956,85,false
2025-09-06,onion,Lasalgaon,3,56.5,61.4,0.921,84,true
2025-09-06,onion,Lasalgaon,7,80.1,93.0,0.862,80,true
2025-09-06,onion,Lasalgaon,14,136.0,148.9,0.913,73,true
2025-09-06,onion,Lasalgaon,21,149.1,152.6,0.977,66,false
2025-09-06,onion,Lasalgaon (Niphad),1,32.4,34.1,0.95,81,true
2025-09-06,onion,Lasalgaon (Niphad),2,41.8,46.8,0.892,86,true
2025-09-06,onion,Lasalgaon (Niphad),3,50.8,57.1,0.889,85,true
2025-09-06,onion,Lasalgaon (Niphad),7,71.8,86.8,0.826,81,true
2025-09-06,onion,Lasalgaon (Niphad),14,117.5,132.1,0.889,74,true
2025-09-06,onion,Lasalgaon (Niphad),21,135.6,146.6,0.925,67,true
2025-09-06,onion,Lasalgaon (Vinchur),1,30.9,30.8,1.004,85,false
2025-09-06,onion,Lasalgaon (Vinchur),2,39.1,42.4,0.922,87,true
2025-09-06,onion,Lasalgaon (Vinchur),3,46.8,52.1,0.898,86,true
2025-09-06,onion,Lasalgaon (Vinchur),7,73.5,87.4,0.84,82,true
2025-09-06,onion,Lasalgaon (Vinchur),14,121.0,139.5,0.868,75,true
2025-09-06,onion,Lasalgaon (Vinchur),21,130.1,142.4,0.914,68,true
2025-09-06,onion,Nasik,1,116.0,118.2,0.982,84,false
2025-09-06,onion,Nasik,2,125.7,127.3,0.987,89,false
2025-09-06,onion,Nasik,3,135.3,139.2,0.972,88,false
2025-09-06,onion,Nasik,7,182.0,198.6,0.916,84,true
2025-09-06,onion,Nasik,14,226.8,240.5,0.943,77,true
2025-09-06,onion,Nasik,21,226.3,258.1,0.877,70,true
2025-09-06,onion,Pimpalgaon,1,40.2,40.1,1.004,88,false
2025-09-06,onion,Pimpalgaon,2,51.3,51.9,0.99,89,false
2025-09-06,onion,Pimpalgaon,3,56.0,58.9,0.95,88,true
2025-09-06,onion,Pimpalgaon,7,78.6,91.3,0.862,84,true
2025-09-06,onion,Pimpalgaon,14,120.2,127.7,0.941,77,true
2025-09-06,onion,Pimpalgaon,21,149.9,140.2,1.069,70,false
2025-09-06,onion,Pune,1,265.9,271.8,0.978,87,false
2025-09-06,onion,Pune,2,263.7,267.4,0.986,89,false
2025-09-06,onion,Pune,3,271.6,278.4,0.976,88,false
2025-09-06,onion,Pune,7,280.7,301.8,0.93,84,true
2025-09-06,onion,Pune,14,311.3,341.2,0.912,77,true
2025-09-06,onion,Pune,21,343.9,376.1,0.914,70,true
2025-09-06,onion,Solapur,1,57.1,57.1,1.001,85,false
2025-09-06,onion,Solapur,2,68.5,73.3,0.935,88,true
2025-09-06,onion,Solapur,3,75.0,83.9,0.893,87,true
2025-09-06,onion,Solapur,7,87.0,95.8,0.909,83,true
2025-09-06,onion,Solapur,14,70.8,87.5,0.809,76,true
2025-09-06,onion,Solapur,21,60.5,79.0,0.766,69,true
2025-09-06,soybean,Akola,1,64.1,69.5,0.922,84,true
2025-09-06,soybean,Akola,2,64.0,59.3,1.079,88,false
2025-09-06,soybean,Akola,3,70.7,66.8,1.058,87,false
2025-09-06,soybean,Akola,7,109.4,97.7,1.12,83,false
2025-09-06,soybean,Akola,14,156.1,141.5,1.103,76,false
2025-09-06,soybean,Akola,21,197.7,183.6,1.077,69,false
2025-09-06,soybean,Amarawati,1,59.8,57.1,1.047,85,false
2025-09-06,soybean,Amarawati,2,66.6,59.4,1.12,88,false
2025-09-06,soybean,Amarawati,3,74.0,66.2,1.118,87,false
2025-09-06,soybean,Amarawati,7,104.9,92.9,1.129,83,false
2025-09-06,soybean,Amarawati,14,149.9,141.6,1.058,76,false
2025-09-06,soybean,Amarawati,21,177.2,180.3,0.982,69,false
2025-09-06,soybean,Latur,1,50.8,41.6,1.22,67,false
2025-09-06,soybean,Latur,2,60.2,50.9,1.183,78,false
2025-09-06,soybean,Latur,3,73.7,63.6,1.159,77,false
2025-09-06,soybean,Latur,7,121.2,106.8,1.134,73,false
2025-09-06,soybean,Latur,14,168.9,161.8,1.044,66,false
2025-09-06,soybean,Latur,21,204.5,191.4,1.069,59,false
2025-09-06,soybean,Nagpur,1,78.6,76.6,1.026,78,false
2025-09-06,soybean,Nagpur,2,83.2,82.4,1.009,85,false
2025-09-06,soybean,Nagpur,3,89.1,85.7,1.039,84,false
2025-09-06,soybean,Nagpur,7,124.4,119.8,1.038,80,false
2025-09-06,soybean,Nagpur,14,180.7,174.4,1.036,73,false
2025-09-06,soybean,Nagpur,21,207.2,221.5,0.935,66,true
2025-09-06,soybean,Washim,1,115.4,130.0,0.888,69,true
2025-09-06,soybean,Washim,2,118.7,128.6,0.923,79,true
2025-09-06,soybean,Washim,3,133.9,146.9,0.912,78,true
2025-09-06,soybean,Washim,7,176.1,180.9,0.973,74,false
2025-09-06,soybean,Washim,14,217.5,232.2,0.937,67,true
2025-09-06,soybean,Washim,21,257.3,287.8,0.894,60,true
2025-09-06,tomato,Junnar (Narayangaon),1,338.9,289.2,1.172,83,false
2025-09-06,tomato,Junnar (Narayangaon),2,401.7,382.1,1.051,89,false
2025-09-06,tomato,Junnar (Narayangaon),3,448.4,460.3,0.974,88,false
2025-09-06,tomato,Junnar (Narayangaon),7,617.3,595.3,1.037,84,false
2025-09-06,tomato,Junnar (Narayangaon),14,737.8,915.6,0.806,77,true
2025-09-06,tomato,Junnar (Narayangaon),21,827.7,1071.4,0.773,70,true
2025-09-06,tomato,Nasik,1,272.9,250.0,1.092,90,false
2025-09-06,tomato,Nasik,2,324.5,308.4,1.052,89,false
2025-09-06,tomato,Nasik,3,360.5,340.9,1.057,88,false
2025-09-06,tomato,Nasik,7,499.2,468.5,1.066,84,false
2025-09-06,tomato,Nasik,14,678.4,691.6,0.981,77,false
2025-09-06,tomato,Nasik,21,732.4,776.1,0.944,70,true
2025-09-06,tomato,Pimpalgaon,1,375.5,299.8,1.252,89,false
2025-09-06,tomato,Pimpalgaon,2,459.3,410.3,1.12,89,false
2025-09-06,tomato,Pimpalgaon,3,521.1,488.6,1.067,88,false
2025-09-06,tomato,Pimpalgaon,7,671.0,727.6,0.922,84,true
2025-09-06,tomato,Pimpalgaon,14,738.9,991.7,0.745,77,true
2025-09-06,tomato,Pimpalgaon,21,977.3,1277.4,0.765,70,true
2025-09-06,tomato,Pune,1,274.6,232.4,1.182,88,false
2025-09-06,tomato,Pune,2,345.0,323.6,1.066,89,false
2025-09-06,tomato,Pune,3,401.9,400.0,1.005,88,false
2025-09-06,tomato,Pune,7,522.5,481.5,1.085,84,false
2025-09-06,tomato,Pune,14,631.6,620.8,1.018,77,false
2025-09-06,tomato,Pune,21,694.3,690.7,1.005,70,false
2025-09-06,tomato,Pune (Pimpri),1,345.0,381.7,0.904,90,true
2025-09-06,tomato,Pune (Pimpri),2,367.5,400.0,0.919,89,true
2025-09-06,tomato,Pune (Pimpri),3,414.9,448.9,0.924,88,true
2025-09-06,tomato,Pune (Pimpri),7,536.3,497.0,1.079,84,false
2025-09-06,tomato,Pune (Pimpri),14,729.0,722.1,1.01,77,false
2025-09-06,tomato,Pune (Pimpri),21,827.3,815.7,1.014,70,false
2025-09-09,onion,Lasalgaon,1,40.8,41.6,0.981,82,false
2025-09-09,onion,Lasalgaon,2,49.4,50.8,0.972,85,false
2025-09-09,onion,Lasalgaon,3,56.0,60.6,0.924,84,true
2025-09-09,onion,Lasalgaon,7,82.1,93.5,0.877,80,true
2025-09-09,onion,Lasalgaon,14,145.0,158.1,0.918,73,true
2025-09-09,onion,Lasalgaon,21,157.5,164.9,0.955,66,false
2025-09-09,onion,Lasalgaon (Niphad),1,31.6,32.2,0.982,81,false
2025-09-09,onion,Lasalgaon (Niphad),2,40.6,44.7,0.908,86,true
2025-09-09,onion,Lasalgaon (Niphad),3,49.2,54.4,0.905,85,true
2025-09-09,onion,Lasalgaon (Niphad),7,72.3,86.8,0.832,81,true
2025-09-09,onion,Lasalgaon (Niphad),14,121.0,135.9,0.89,74,true
2025-09-09,onion,Lasalgaon (Niphad),21,142.7,157.1,0.908,67,true
2025-09-09,onion,Lasalgaon (Vinchur),1,30.7,29.6,1.037,84,false
2025-09-09,onion,Lasalgaon (Vinchur),2,37.8,40.3,0.938,87,true
2025-09-09,onion,Lasalgaon (Vinchur),3,45.3,49.7,0.912,86,true
2025-09-09,onion,Lasalgaon (Vinchur),7,74.6,87.0,0.858,82,true
2025-09-09,onion,Lasalgaon (Vinchur),14,125.6,144.3,0.87,75,true
2025-09-09,onion,Lasalgaon (Vinchur),21,138.4,155.6,0.89,68,true
2025-09-09,onion,Nasik,1,111.9,111.0,1.008,84,false
2025-09-09,onion,Nasik,2,122.6,121.6,1.008,89,false
2025-09-09,onion,Nasik,3,129.8,131.2,0.989,88,false
2025-09-09,onion,Nasik,7,174.2,187.3,0.93,84,true
2025-09-09,onion,Nasik,14,233.9,242.5,0.965,77,false
2025-09-09,onion,Nasik,21,240.0,270.3,0.888,70,true
2025-09-09,onion,Pimpalgaon,1,40.9,41.1,0.996,87,false
2025-09-09,onion,Pimpalgaon,2,52.3,53.6,0.978,89,false
2025-09-09,onion,Pimpalgaon,3,57.3,60.9,0.941,88,true
2025-09-09,onion,Pimpalgaon,7,75.4,89.5,0.842,84,true
2025-09-09,onion,Pimpalgaon,14,115.5,127.7,0.904,77,true
2025-09-09,onion,Pimpalgaon,21,148.9,147.7,1.008,70,false
2025-09-09,onion,Pune,1,264.3,269.5,0.981,87,false
2025-09-09,onion,Pune,2,262.6,265.2,0.99,89,false
2025-09-09,onion,Pune,3,269.5,275.6,0.978,88,false
2025-09-09,onion,Pune,7,279.7,300.0,0.932,84,true
2025-09-09,onion,Pune,14,311.2,340.6,0.914,77,true
2025-09-09,onion,Pune,21,344.7,376.8,0.915,70,true
2025-09-09,onion,Solapur,1,55.9,56.0,0.999,84,false
2025-09-09,onion,Solapur,2,66.7,71.6,0.932,88,true
2025-09-09,onion,Solapur,3,73.3,82.2,0.892,87,true
2025-09-09,onion,Solapur,7,82.5,93.4,0.884,83,true
2025-09-09,onion,Solapur,14,71.8,87.5,0.821,76,true
2025-09-09,onion,Solapur,21,60.9,76.1,0.801,69,true
2025-09-09,soybean,Akola,1,63.0,68.7,0.917,83,true
2025-09-09,soybean,Akola,2,64.5,61.9,1.041,88,false
2025-09-09,soybean,Akola,3,70.6,67.9,1.04,87,false
2025-09-09,soybean,Akola,7,110.1,96.8,1.137,83,false
2025-09-09,soybean,Akola,14,157.7,142.2,1.11,76,false
2025-09-09,soybean,Akola,21,203.0,187.3,1.084,69,false
2025-09-09,soybean,Amarawati,1,59.8,56.5,1.059,85,false
2025-09-09,soybean,Amarawati,2,67.5,58.9,1.147,88,false
2025-09-09,soybean,Amarawati,3,75.0,66.7,1.124,87,false
2025-09-09,soybean,Amarawati,7,106.3,93.0,1.144,83,false
2025-09-09,soybean,Amarawati,14,154.6,142.5,1.084,76,false
2025-09-09,soybean,Amarawati,21,188.6,187.4,1.006,69,false
2025-09-09,soybean,Latur,1,51.8,42.5,1.218,64,false
2025-09-09,soybean,Latur,2,61.4,51.7,1.187,75,false
2025-09-09,soybean,Latur,3,75.4,64.6,1.167,74,false
2025-09-09,soybean,Latur,7,124.9,110.6,1.129,70,false
2025-09-09,soybean,Latur,14,169.7,164.1,1.034,63,false
2025-09-09,soybean,Latur,21,213.8,200.2,1.068,56,false
2025-09-09,soybean,Nagpur,1,79.0,76.7,1.029,77,false
2025-09-09,soybean,Nagpur,2,83.3,82.4,1.012,85,false
2025-09-09,soybean,Nagpur,3,88.1,84.6,1.041,84,false
2025-09-09,soybean,Nagpur,7,123.4,118.8,1.039,80,false
2025-09-09,soybean,Nagpur,14,186.4,178.2,1.046,73,false
2025-09-09,soybean,Nagpur,21,221.4,234.4,0.945,66,true
2025-09-09,soybean,Washim,1,118.1,133.8,0.883,69,true
2025-09-09,soybean,Washim,2,121.5,131.4,0.925,79,true
2025-09-09,soybean,Washim,3,135.3,147.9,0.914,78,true
2025-09-09,soybean,Washim,7,181.1,183.9,0.985,74,false
2025-09-09,soybean,Washim,14,227.2,241.6,0.94,67,true
2025-09-09,soybean,Washim,21,264.4,294.0,0.899,60,true
2025-09-09,tomato,Junnar (Narayangaon),1,339.6,289.2,1.174,83,false
2025-09-09,tomato,Junnar (Narayangaon),2,402.9,382.1,1.054,89,false
2025-09-09,tomato,Junnar (Narayangaon),3,456.3,471.6,0.967,88,false
2025-09-09,tomato,Junnar (Narayangaon),7,637.6,637.0,1.001,84,false
2025-09-09,tomato,Junnar (Narayangaon),14,733.0,948.0,0.773,77,true
2025-09-09,tomato,Junnar (Narayangaon),21,875.5,1171.4,0.747,70,true
2025-09-09,tomato,Nasik,1,248.6,208.1,1.195,90,false
2025-09-09,tomato,Nasik,2,300.3,266.0,1.129,89,false
2025-09-09,tomato,Nasik,3,332.7,299.7,1.11,88,false
2025-09-09,tomato,Nasik,7,463.3,433.0,1.07,84,false
2025-09-09,tomato,Nasik,14,603.2,635.4,0.949,77,true
2025-09-09,tomato,Nasik,21,708.5,791.8,0.895,70,true
2025-09-09,tomato,Pimpalgaon,1,377.5,299.8,1.259,89,false
2025-09-09,tomato,Pimpalgaon,2,454.3,406.9,1.117,89,false
2025-09-09,tomato,Pimpalgaon,3,518.8,485.5,1.068,88,false
2025-09-09,tomato,Pimpalgaon,7,683.8,748.4,0.914,84,true
2025-09-09,tomato,Pimpalgaon,14,722.1,1001.7,0.721,77,true
2025-09-09,tomato,Pimpalgaon,21,978.8,1389.6,0.704,70,true
2025-09-09,tomato,Pune,1,265.4,229.5,1.156,88,false
2025-09-09,tomato,Pune,2,333.7,318.0,1.049,89,false
2025-09-09,tomato,Pune,3,390.5,388.6,1.005,88,false
2025-09-09,tomato,Pune,7,512.2,491.1,1.043,84,false
2025-09-09,tomato,Pune,14,604.1,622.7,0.97,77,false
2025-09-09,tomato,Pune,21,660.2,692.1,0.954,70,false
2025-09-09,tomato,Pune (Pimpri),1,337.2,376.1,0.896,90,true
2025-09-09,tomato,Pune (Pimpri),2,361.8,389.3,0.929,89,true
2025-09-09,tomato,Pune (Pimpri),3,401.5,437.5,0.918,88,true
2025-09-09,tomato,Pune (Pimpri),7,533.6,497.0,1.074,84,false
2025-09-09,tomato,Pune (Pimpri),14,739.6,752.6,0.983,77,false
2025-09-09,tomato,Pune (Pimpri),21,842.7,844.3,0.998,70,false
2025-09-12,onion,Lasalgaon,1,41.8,42.9,0.975,79,false
2025-09-12,onion,Lasalgaon,2,50.7,52.4,0.966,82,false
2025-09-12,onion,Lasalgaon,3,57.5,62.6,0.918,81,true
2025-09-12,onion,Lasalgaon,7,82.9,95.5,0.868,77,true
2025-09-12,onion,Lasalgaon,14,146.9,162.3,0.905,70,true
2025-09-12,onion,Lasalgaon,21,157.5,167.9,0.938,63,true
2025-09-12,onion,Lasalgaon (Niphad),1,34.6,33.5,1.033,81,false
2025-09-12,onion,Lasalgaon (Niphad),2,44.8,47.7,0.939,86,true
2025-09-12,onion,Lasalgaon (Niphad),3,54.6,58.6,0.933,85,true
2025-09-12,onion,Lasalgaon (Niphad),7,76.1,90.1,0.844,81,true
2025-09-12,onion,Lasalgaon (Niphad),14,126.1,141.3,0.893,74,true
2025-09-12,onion,Lasalgaon (Niphad),21,151.8,168.9,0.898,67,true
2025-09-12,onion,Lasalgaon (Vinchur),1,32.8,31.5,1.041,83,false
2025-09-12,onion,Lasalgaon (Vinchur),2,41.1,43.3,0.951,87,false
2025-09-12,onion,Lasalgaon (Vinchur),3,48.3,52.6,0.919,86,true
2025-09-12,onion,Lasalgaon (Vinchur),7,77.0,89.8,0.857,82,true
2025-09-12,onion,Lasalgaon (Vinchur),14,128.3,148.6,0.863,75,true
2025-09-12,onion,Lasalgaon (Vinchur),21,144.6,166.2,0.87,68,true
2025-09-12,onion,Nasik,1,108.9,107.5,1.012,83,false
2025-09-12,onion,Nasik,2,119.3,119.5,0.998,89,false
2025-09-12,onion,Nasik,3,127.1,130.7,0.972,88,false
2025-09-12,onion,Nasik,7,174.1,189.0,0.921,84,true
2025-09-12,onion,Nasik,14,230.6,238.8,0.966,77,false
2025-09-12,onion,Nasik,21,229.8,262.3,0.876,70,true
2025-09-12,onion,Pimpalgaon,1,43.6,43.2,1.009,88,false
2025-09-12,onion,Pimpalgaon,2,53.3,53.3,1.001,89,false
2025-09-12,onion,Pimpalgaon,3,57.8,61.1,0.947,88,true
2025-09-12,onion,Pimpalgaon,7,76.9,90.2,0.853,84,true
2025-09-12,onion,Pimpalgaon,14,119.1,132.9,0.896,77,true
2025-09-12,onion,Pimpalgaon,21,154.8,158.4,0.977,70,false
2025-09-12,onion,Pune,1,264.3,269.0,0.983,87,false
2025-09-12,onion,Pune,2,263.2,265.2,0.993,89,false
2025-09-12,onion,Pune,3,271.1,276.7,0.98,88,false
2025-09-12,onion,Pune,7,278.8,299.4,0.931,84,true
2025-09-12,onion,Pune,14,311.9,339.6,0.918,77,true
2025-09-12,onion,Pune,21,348.4,380.4,0.916,70,true
2025-09-12,onion,Solapur,1,63.2,61.8,1.023,85,false
2025-09-12,onion,Solapur,2,75.0,79.0,0.949,88,true
2025-09-12,onion,Solapur,3,82.2,90.8,0.906,87,true
2025-09-12,onion,Solapur,7,93.7,105.4,0.889,83,true
2025-09-12,onion,Solapur,14,78.1,94.1,0.83,76,true
2025-09-12,onion,Solapur,21,75.2,92.8,0.811,69,true
2025-09-12,soybean,Akola,1,63.6,69.1,0.92,84,true
2025-09-12,soybean,Akola,2,65.4,61.4,1.066,88,false
2025-09-12,soybean,Akola,3,70.2,65.3,1.075,87,false
2025-09-12,soybean,Akola,7,110.6,96.7,1.144,83,false
2025-09-12,soybean,Akola,14,162.6,144.7,1.123,76,false
2025-09-12,soybean,Akola,21,211.6,194.4,1.089,69,false
2025-09-12,soybean,Amarawati,1,61.6,56.7,1.086,85,false
2025-09-12,soybean,Amarawati,2,70.8,60.2,1.176,88,false
2025-09-12,soybean,Amarawati,3,79.1,69.9,1.133,87,false
2025-09-12,soybean,Amarawati,7,113.5,97.9,1.159,83,false
2025-09-12,soybean,Amarawati,14,165.0,150.6,1.096,76,false
2025-09-12,soybean,Amarawati,21,199.1,195.5,1.018,69,false
2025-09-12,soybean,Latur,1,53.6,43.4,1.234,61,false
2025-09-12,soybean,Latur,2,63.1,52.4,1.205,72,false
2025-09-12,soybean,Latur,3,78.0,66.3,1.176,71,false
2025-09-12,soybean,Latur,7,126.3,111.6,1.131,67,false
2025-09-12,soybean,Latur,14,173.1,168.0,1.03,60,false
2025-09-12,soybean,Latur,21,224.5,210.9,1.064,53,false
2025-09-12,soybean,Nagpur,1,79.3,75.1,1.056,77,false
2025-09-12,soybean,Nagpur,2,83.0,81.5,1.018,85,false
2025-09-12,soybean,Nagpur,3,88.8,84.6,1.049,84,false
2025-09-12,soybean,Nagpur,7,123.2,119.1,1.034,80,false
2025-09-12,soybean,Nagpur,14,191.8,181.2,1.058,73,false
2025-09-12,soybean,Nagpur,21,234.2,241.7,0.969,66,false
2025-09-12,soybean,Washim,1,121.6,134.7,0.902,68,true
2025-09-12,soybean,Washim,2,127.1,135.8,0.935,79,true
2025-09-12,soybean,Washim,3,141.3,150.9,0.936,78,true
2025-09-12,soybean,Washim,7,172.6,172.8,0.999,74,false
2025-09-12,soybean,Washim,14,241.9,255.1,0.948,67,true
2025-09-12,soybean,Washim,21,278.7,309.0,0.902,60,true
2025-09-12,tomato,Junnar (Narayangaon),1,329.6,282.8,1.166,84,false
2025-09-12,tomato,Junnar (Narayangaon),2,393.0,373.7,1.052,89,false
2025-09-12,tomato,Junnar (Narayangaon),3,445.7,463.1,0.962,88,false
2025-09-12,tomato,Junnar (Narayangaon),7,625.5,639.9,0.977,84,false
2025-09-12,tomato,Junnar (Narayangaon),14,703.2,938.3,0.749,77,true
2025-09-12,tomato,Junnar (Narayangaon),21,891.9,1239.3,0.72,70,true
2025-09-12,tomato,Nasik,1,233.4,207.2,1.126,90,false
2025-09-12,tomato,Nasik,2,290.6,271.3,1.071,89,false
2025-09-12,tomato,Nasik,3,322.0,304.3,1.058,88,false
2025-09-12,tomato,Nasik,7,445.1,436.9,1.019,84,false
2025-09-12,tomato,Nasik,14,580.4,648.7,0.895,77,true
2025-09-12,tomato,Nasik,21,722.1,848.6,0.851,70,true
2025-09-12,tomato,Pimpalgaon,1,384.7,307.1,1.253,89,false
2025-09-12,tomato,Pimpalgaon,2,461.6,416.7,1.108,89,false
2025-09-12,tomato,Pimpalgaon,3,525.3,494.8,1.062,88,false
2025-09-12,tomato,Pimpalgaon,7,678.0,757.8,0.895,84,true
2025-09-12,tomato,Pimpalgaon,14,698.2,1022.3,0.683,77,true
2025-09-12,tomato,Pimpalgaon,21,983.1,1484.1,0.662,70,true
2025-09-12,tomato,Pune,1,260.2,223.9,1.162,88,false
2025-09-12,tomato,Pune,2,331.1,313.5,1.056,89,false
2025-09-12,tomato,Pune,3,390.5,390.9,0.999,88,false
2025-09-12,tomato,Pune,7,500.8,492.9,1.016,84,false
2025-09-12,tomato,Pune,14,570.3,611.0,0.933,77,true
2025-09-12,tomato,Pune,21,658.2,737.1,0.893,70,true
2025-09-12,tomato,Pune (Pimpri),1,332.1,366.1,0.907,90,true
2025-09-12,tomato,Pune (Pimpri),2,359.3,388.2,0.925,89,true
2025-09-12,tomato,Pune (Pimpri),3,400.9,433.5,0.925,88,true
2025-09-12,tomato,Pune (Pimpri),7,529.6,508.9,1.041,84,false
2025-09-12,tomato,Pune (Pimpri),14,735.4,755.8,0.973,77,false
2025-09-12,tomato,Pune (Pimpri),21,876.3,905.7,0.968,70,false
2025-09-15,onion,Lasalgaon,1,46.2,48.2,0.959,80,false
2025-09-15,onion,Lasalgaon,2,53.6,55.3,0.969,83,false
2025-09-15,onion,Lasalgaon,3,59.7,64.0,0.933,82,true
2025-09-15,onion,Lasalgaon,7,86.0,98.1,0.877,78,true
2025-09-15,onion,Lasalgaon,14,152.2,166.0,0.917,71,true
2025-09-15,onion,Lasalgaon,21,170.6,186.8,0.913,64,true
2025-09-15,onion,Lasalgaon (Niphad),1,34.1,33.0,1.033,78,false
2025-09-15,onion,Lasalgaon (Niphad),2,44.4,46.5,0.953,84,false
2025-09-15,onion,Lasalgaon (Niphad),3,54.7,58.5,0.935,83,true
2025-09-15,onion,Lasalgaon (Niphad),7,79.8,94.0,0.849,79,true
2025-09-15,onion,Lasalgaon (Niphad),14,127.9,143.5,0.891,72,true
2025-09-15,onion,Lasalgaon (Niphad),21,153.8,173.1,0.889,65,true
2025-09-15,onion,Lasalgaon (Vinchur),1,36.1,34.1,1.059,84,false
2025-09-15,onion,Lasalgaon (Vinchur),2,44.1,45.0,0.979,87,false
2025-09-15,onion,Lasalgaon (Vinchur),3,53.0,55.5,0.954,86,false
2025-09-15,onion,Lasalgaon (Vinchur),7,84.6,96.0,0.88,82,true
2025-09-15,onion,Lasalgaon (Vinchur),14,136.6,155.8,0.877,75,true
2025-09-15,onion,Lasalgaon (Vinchur),21,154.8,178.0,0.87,68,true
2025-09-15,onion,Nasik,1,100.0,98.5,1.016,84,false
2025-09-15,onion,Nasik,2,112.0,112.0,1.0,89,false
2025-09-15,onion,Nasik,3,119.2,122.5,0.974,88,false
2025-09-15,onion,Nasik,7,173.6,191.0,0.909,84,true
2025-09-15,onion,Nasik,14,222.6,231.9,0.96,77,false
2025-09-15,onion,Nasik,21,212.0,245.6,0.863,70,true
2025-09-15,onion,Pimpalgaon,1,41.3,40.3,1.025,88,false
2025-09-15,onion,Pimpalgaon,2,51.7,51.1,1.012,89,false
2025-09-15,onion,Pimpalgaon,3,58.1,59.5,0.977,88,false
2025-09-15,onion,Pimpalgaon,7,79.9,92.4,0.865,84,true
2025-09-15,onion,Pimpalgaon,14,122.4,136.3,0.898,77,true
2025-09-15,onion,Pimpalgaon,21,156.1,164.4,0.95,70,true
2025-09-15,onion,Pune,1,535.9,563.2,0.952,87,false
2025-09-15,onion,Pune,2,452.5,455.1,0.994,89,false
2025-09-15,onion,Pune,3,461.6,467.6,0.987,88,false
2025-09-15,onion,Pune,7,480.2,500.6,0.959,84,false
2025-09-15,onion,Pune,14,527.8,557.1,0.947,77,true
2025-09-15,onion,Pune,21,583.8,617.5,0.945,70,true
2025-09-15,onion,Solapur,1,59.9,59.0,1.015,83,false
2025-09-15,onion,Solapur,2,72.6,77.0,0.942,87,true
2025-09-15,onion,Solapur,3,80.9,90.1,0.897,86,true
2025-09-15,onion,Solapur,7,98.1,108.5,0.903,82,true
2025-09-15,onion,Solapur,14,80.9,95.3,0.849,75,true
2025-09-15,onion,Solapur,21,78.9,92.6,0.852,68,true
2025-09-15,soybean,Akola,1,65.3,71.5,0.913,84,true
2025-09-15,soybean,Akola,2,67.5,63.8,1.057,88,false
2025-09-15,soybean,Akola,3,71.2,67.2,1.059,87,false
2025-09-15,soybean,Akola,7,109.6,96.4,1.137,83,false
2025-09-15,soybean,Akola,14,167.8,149.8,1.12,76,false
2025-09-15,soybean,Akola,21,220.8,204.3,1.081,69,false
2025-09-15,soybean,Amarawati,1,60.8,55.6,1.094,85,false
2025-09-15,soybean,Amarawati,2,70.6,60.2,1.173,88,false
2025-09-15,soybean,Amarawati,3,79.6,70.1,1.135,87,false
2025-09-15,soybean,Amarawati,7,116.0,98.5,1.177,83,false
2025-09-15,soybean,Amarawati,14,169.8,152.7,1.112,76,false
2025-09-15,soybean,Amarawati,21,204.2,200.5,1.019,69,false
2025-09-15,soybean,Latur,1,56.2,46.0,1.221,60,false
2025-09-15,soybean,Latur,2,65.2,54.6,1.194,72,false
2025-09-15,soybean,Latur,3,79.0,67.3,1.174,71,false
2025-09-15,soybean,Latur,7,125.0,109.9,1.138,67,false
2025-09-15,soybean,Latur,14,189.0,182.5,1.035,60,false
2025-09-15,soybean,Latur,21,239.5,225.1,1.064,53,false
2025-09-15,soybean,Nagpur,1,79.7,76.6,1.04,74,false
2025-09-15,soybean,Nagpur,2,83.7,83.1,1.008,83,false
2025-09-15,soybean,Nagpur,3,89.3,85.6,1.044,82,false
2025-09-15,soybean,Nagpur,7,125.7,121.1,1.038,78,false
2025-09-15,soybean,Nagpur,14,198.0,187.8,1.054,71,false
2025-09-15,soybean,Nagpur,21,245.8,250.8,0.98,64,false
2025-09-15,soybean,Washim,1,123.4,133.0,0.928,67,true
2025-09-15,soybean,Washim,2,126.8,133.6,0.949,78,true
2025-09-15,soybean,Washim,3,127.3,136.0,0.936,77,true
2025-09-15,soybean,Washim,7,178.2,178.4,0.999,73,false
2025-09-15,soybean,Washim,14,248.5,257.1,0.967,66,false
2025-09-15,soybean,Washim,21,288.2,315.6,0.913,59,true
2025-09-15,tomato,Junnar (Narayangaon),1,322.4,282.4,1.142,85,false
2025-09-15,tomato,Junnar (Narayangaon),2,385.7,376.5,1.025,89,false
2025-09-15,tomato,Junnar (Narayangaon),3,437.0,466.0,0.938,88,true
2025-09-15,tomato,Junnar (Narayangaon),7,595.3,628.0,0.948,84,true
2025-09-15,tomato,Junnar (Narayangaon),14,725.6,957.8,0.758,77,true
2025-09-15,tomato,Junnar (Narayangaon),21,904.0,1267.8,0.713,70,true
2025-09-15,tomato,Nasik,1,230.2,206.7,1.114,90,false
2025-09-15,tomato,Nasik,2,284.5,269.9,1.054,89,false
2025-09-15,tomato,Nasik,3,311.2,303.1,1.027,88,false
2025-09-15,tomato,Nasik,7,428.5,434.8,0.985,84,false
2025-09-15,tomato,Nasik,14,585.7,673.7,0.869,77,true
2025-09-15,tomato,Nasik,21,724.7,869.6,0.833,70,true
2025-09-15,tomato,Pimpalgaon,1,373.3,306.2,1.219,89,false
2025-09-15,tomato,Pimpalgaon,2,453.6,420.3,1.079,89,false
2025-09-15,tomato,Pimpalgaon,3,514.3,497.4,1.034,88,false
2025-09-15,tomato,Pimpalgaon,7,657.9,759.6,0.866,84,true
2025-09-15,tomato,Pimpalgaon,14,698.4,1063.2,0.657,77,true
2025-09-15,tomato,Pimpalgaon,21,977.1,1519.2,0.643,70,true
2025-09-15,tomato,Pune,1,257.1,225.0,1.142,88,false
2025-09-15,tomato,Pune,2,327.6,311.2,1.053,89,false
2025-09-15,tomato,Pune,3,384.6,387.5,0.992,88,false
2025-09-15,tomato,Pune,7,481.9,484.5,0.994,84,false
2025-09-15,tomato,Pune,14,549.1,615.6,0.892,77,true
2025-09-15,tomato,Pune,21,673.5,775.7,0.868,70,true
2025-09-15,tomato,Pune (Pimpri),1,326.7,362.2,0.902,90,true
2025-09-15,tomato,Pune (Pimpri),2,352.6,382.6,0.922,89,true
2025-09-15,tomato,Pune (Pimpri),3,394.9,433.5,0.911,88,true
2025-09-15,tomato,Pune (Pimpri),7,519.5,510.7,1.017,84,false
2025-09-15,tomato,Pune (Pimpri),14,720.9,773.4,0.932,77,true
2025-09-15,tomato,Pune (Pimpri),21,890.2,969.3,0.918,70,true
2025-09-18,onion,Lasalgaon,1,46.5,47.2,0.985,80,false
2025-09-18,onion,Lasalgaon,2,55.1,57.3,0.963,83,false
2025-09-18,onion,Lasalgaon,3,61.1,66.3,0.921,82,true
2025-09-18,onion,Lasalgaon,7,89.8,98.8,0.909,78,true
2025-09-18,onion,Lasalgaon,14,153.8,167.2,0.92,71,true
2025-09-18,onion,Lasalgaon,21,174.7,193.3,0.904,64,true
2025-09-18,onion,Lasalgaon (Niphad),1,37.0,36.5,1.013,79,false
2025-09-18,onion,Lasalgaon (Niphad),2,47.6,51.1,0.932,85,true
2025-09-18,onion,Lasalgaon (Niphad),3,56.1,62.7,0.894,84,true
2025-09-18,onion,Lasalgaon (Niphad),7,82.3,93.6,0.879,80,true
2025-09-18,onion,Lasalgaon (Niphad),14,132.1,146.0,0.905,73,true
2025-09-18,onion,Lasalgaon (Niphad),21,155.4,176.5,0.88,66,true
2025-09-18,onion,Lasalgaon (Vinchur),1,36.6,34.4,1.064,83,false
2025-09-18,onion,Lasalgaon (Vinchur),2,45.5,46.5,0.978,87,false
2025-09-18,onion,Lasalgaon (Vinchur),3,54.8,59.0,0.928,86,true
2025-09-18,onion,Lasalgaon (Vinchur),7,88.0,97.1,0.906,82,true
2025-09-18,onion,Lasalgaon (Vinchur),14,142.6,159.3,0.896,75,true
2025-09-18,onion,Lasalgaon (Vinchur),21,158.4,183.8,0.862,68,true
2025-09-18,onion,Nasik,1,97.1,96.0,1.012,84,false
2025-09-18,onion,Nasik,2,111.4,110.1,1.012,89,false
2025-09-18,onion,Nasik,3,120.9,121.5,0.995,88,false
2025-09-18,onion,Nasik,7,174.0,190.0,0.915,84,true
2025-09-18,onion,Nasik,14,214.6,229.6,0.935,77,true
2025-09-18,onion,Nasik,21,213.8,245.6,0.87,70,true
2025-09-18,onion,Pimpalgaon,1,40.8,39.4,1.034,88,false
2025-09-18,onion,Pimpalgaon,2,50.6,50.8,0.997,89,false
2025-09-18,onion,Pimpalgaon,3,57.1,59.2,0.964,88,false
2025-09-18,onion,Pimpalgaon,7,81.0,93.0,0.87,84,true
2025-09-18,onion,Pimpalgaon,14,123.2,136.8,0.901,77,true
2025-09-18,onion,Pimpalgaon,21,154.0,163.7,0.941,70,true
2025-09-18,onion,Pune,1,534.5,561.5,0.952,87,false
2025-09-18,onion,Pune,2,526.2,550.0,0.957,89,false
2025-09-18,onion,Pune,3,534.5,562.5,0.95,88,false
2025-09-18,onion,Pune,7,479.4,496.4,0.966,84,false
2025-09-18,onion,Pune,14,530.5,558.4,0.95,77,false
2025-09-18,onion,Pune,21,585.0,620.0,0.944,70,true
2025-09-18,onion,Solapur,1,60.4,59.6,1.013,83,false
2025-09-18,onion,Solapur,2,74.0,78.4,0.944,88,true
2025-09-18,onion,Solapur,3,82.9,92.0,0.901,87,true
2025-09-18,onion,Solapur,7,104.5,114.5,0.913,83,true
2025-09-18,onion,Solapur,14,84.6,95.4,0.887,76,true
2025-09-18,onion,Solapur,21,79.0,92.0,0.859,69,true
2025-09-18,soybean,Akola,1,65.5,73.1,0.896,84,true
2025-09-18,soybean,Akola,2,67.0,63.2,1.06,88,false
2025-09-18,soybean,Akola,3,70.9,66.9,1.059,87,false
2025-09-18,soybean,Akola,7,110.3,98.0,1.126,83,false
2025-09-18,soybean,Akola,14,171.3,152.4,1.125,76,false
2025-09-18,soybean,Akola,21,228.3,210.7,1.084,69,false
2025-09-18,soybean,Amarawati,1,61.0,56.4,1.082,85,false
2025-09-18,soybean,Amarawati,2,70.4,60.9,1.156,88,false
2025-09-18,soybean,Amarawati,3,78.5,69.9,1.124,87,false
2025-09-18,soybean,Amarawati,7,116.9,98.3,1.189,83,false
2025-09-18,soybean,Amarawati,14,174.3,156.2,1.116,76,false
2025-09-18,soybean,Amarawati,21,211.9,206.9,1.024,69,false
2025-09-18,soybean,Latur,1,55.9,46.3,1.206,60,false
2025-09-18,soybean,Latur,2,64.6,54.5,1.184,71,false
2025-09-18,soybean,Latur,3,78.3,66.9,1.171,70,false
2025-09-18,soybean,Latur,7,127.5,113.5,1.123,66,false
2025-09-18,soybean,Latur,14,196.7,188.3,1.045,59,false
2025-09-18,soybean,Latur,21,257.3,240.2,1.071,52,false
2025-09-18,soybean,Nagpur,1,80.3,75.9,1.059,74,false
2025-09-18,soybean,Nagpur,2,83.8,81.5,1.028,83,false
2025-09-18,soybean,Nagpur,3,90.2,87.1,1.035,82,false
2025-09-18,soybean,Nagpur,7,129.0,121.6,1.06,78,false
2025-09-18,soybean,Nagpur,14,201.5,186.0,1.084,71,false
2025-09-18,soybean,Nagpur,21,247.2,249.0,0.993,66,false
2025-09-18,soybean,Washim,1,105.1,106.8,0.984,66,false
2025-09-18,soybean,Washim,2,109.9,110.9,0.991,78,false
2025-09-18,soybean,Washim,3,122.6,125.3,0.979,77,false
2025-09-18,soybean,Washim,7,160.6,150.7,1.066,73,false
2025-09-18,soybean,Washim,14,232.5,226.5,1.026,66,false
2025-09-18,soybean,Washim,21,284.6,297.5,0.957,59,false
2025-09-18,tomato,Junnar (Narayangaon),1,314.6,282.4,1.114,85,false
2025-09-18,tomato,Junnar (Narayangaon),2,373.8,373.7,1.0,89,false
2025-09-18,tomato,Junnar (Narayangaon),3,418.2,457.4,0.914,88,true
2025-09-18,tomato,Junnar (Narayangaon),7,578.5,625.1,0.926,84,true
2025-09-18,tomato,Junnar (Narayangaon),14,745.6,974.0,0.766,77,true
2025-09-18,tomato,Junnar (Narayangaon),21,914.0,1292.8,0.707,70,true
2025-09-18,tomato,Nasik,1,224.2,206.7,1.085,90,false
2025-09-18,tomato,Nasik,2,279.8,271.3,1.031,89,false
2025-09-18,tomato,Nasik,3,303.6,304.0,0.999,88,false
2025-09-18,tomato,Nasik,7,426.8,441.4,0.967,84,false
2025-09-18,tomato,Nasik,14,600.6,687.3,0.874,77,true
2025-09-18,tomato,Nasik,21,724.9,863.9,0.839,70,true
2025-09-18,tomato,Pimpalgaon,1,363.2,305.7,1.188,89,false
2025-09-18,tomato,Pimpalgaon,2,442.5,420.8,1.052,89,false
2025-09-18,tomato,Pimpalgaon,3,503.1,500.7,1.005,88,false
2025-09-18,tomato,Pimpalgaon,7,647.8,762.4,0.85,84,true
2025-09-18,tomato,Pimpalgaon,14,720.5,1089.2,0.661,77,true
2025-09-18,tomato,Pimpalgaon,21,988.1,1540.9,0.641,70,true
2025-09-18,tomato,Pune,1,253.5,226.7,1.118,88,false
2025-09-18,tomato,Pune,2,321.2,310.1,1.036,89,false
2025-09-18,tomato,Pune,3,376.0,381.8,0.985,88,false
2025-09-18,tomato,Pune,7,468.3,480.4,0.975,84,false
2025-09-18,tomato,Pune,14,526.9,617.5,0.853,77,true
2025-09-18,tomato,Pune,21,670.4,790.7,0.848,70,true
2025-09-18,tomato,Pune (Pimpri),1,316.8,351.7,0.901,90,true
2025-09-18,tomato,Pune (Pimpri),2,348.3,380.3,0.916,89,true
2025-09-18,tomato,Pune (Pimpri),3,383.8,425.0,0.903,88,true
2025-09-18,tomato,Pune (Pimpri),7,503.7,506.5,0.994,84,false
2025-09-18,tomato,Pune (Pimpri),14,704.2,781.8,0.901,77,true
2025-09-18,tomato,Pune (Pimpri),21,884.5,990.7,0.893,70,true
2025-09-21,onion,Lasalgaon,1,49.2,47.9,1.026,79,false
2025-09-21,onion,Lasalgaon,2,58.7,58.3,1.006,83,false
2025-09-21,onion,Lasalgaon,3,66.7,69.5,0.959,82,false
2025-09-21,onion,Lasalgaon,7,95.5,100.9,0.946,78,true
2025-09-21,onion,Lasalgaon,14,164.6,173.3,0.95,71,true
2025-09-21,onion,Lasalgaon,21,187.6,201.5,0.931,64,true
2025-09-21,onion,Lasalgaon (Niphad),1,38.3,37.3,1.027,78,false
2025-09-21,onion,Lasalgaon (Niphad),2,50.4,52.4,0.963,85,false
2025-09-21,onion,Lasalgaon (Niphad),3,60.8,64.9,0.937,84,true
2025-09-21,onion,Lasalgaon (Niphad),7,83.3,91.8,0.908,80,true
2025-09-21,onion,Lasalgaon (Niphad),14,142.7,149.9,0.952,73,false
2025-09-21,onion,Lasalgaon (Niphad),21,161.7,177.8,0.91,66,true
2025-09-21,onion,Lasalgaon (Vinchur),1,39.8,36.4,1.094,83,false
2025-09-21,onion,Lasalgaon (Vinchur),2,49.4,49.2,1.005,87,false
2025-09-21,onion,Lasalgaon (Vinchur),3,59.2,61.0,0.97,86,false
2025-09-21,onion,Lasalgaon (Vinchur),7,91.1,95.9,0.95,82,true
2025-09-21,onion,Lasalgaon (Vinchur),14,153.3,164.6,0.931,75,true
2025-09-21,onion,Lasalgaon (Vinchur),21,169.2,190.5,0.888,68,true
2025-09-21,onion,Nasik,1,97.3,93.2,1.044,83,false
2025-09-21,onion,Nasik,2,112.2,108.4,1.035,89,false
2025-09-21,onion,Nasik,3,123.2,122.9,1.002,88,false
2025-09-21,onion,Nasik,7,178.7,193.3,0.924,84,true
2025-09-21,onion,Nasik,14,204.1,217.2,0.94,77,true
2025-09-21,onion,Nasik,21,220.7,249.2,0.885,70,true
2025-09-21,onion,Pimpalgaon,1,41.8,39.9,1.048,87,false
2025-09-21,onion,Pimpalgaon,2,51.6,50.8,1.016,89,false
2025-09-21,onion,Pimpalgaon,3,57.8,58.6,0.985,88,false
2025-09-21,onion,Pimpalgaon,7,85.0,94.5,0.899,84,true
2025-09-21,onion,Pimpalgaon,14,125.6,135.5,0.927,77,true
2025-09-21,onion,Pimpalgaon,21,154.5,162.2,0.953,70,false
2025-09-21,onion,Pune,1,536.3,559.8,0.958,87,false
2025-09-21,onion,Pune,2,527.3,549.4,0.96,89,false
2025-09-21,onion,Pune,3,533.5,559.1,0.954,88,false
2025-09-21,onion,Pune,7,559.6,596.4,0.938,84,true
2025-09-21,onion,Pune,14,536.6,563.0,0.953,77,false
2025-09-21,onion,Pune,21,593.0,623.6,0.951,70,false
2025-09-21,onion,Solapur,1,59.3,57.8,1.025,83,false
2025-09-21,onion,Solapur,2,72.7,76.7,0.948,88,true
2025-09-21,onion,Solapur,3,83.2,92.0,0.905,87,true
2025-09-21,onion,Solapur,7,107.9,120.5,0.895,83,true
2025-09-21,onion,Solapur,14,82.9,91.4,0.907,76,true
2025-09-21,onion,Solapur,21,79.1,92.8,0.853,69,true
2025-09-21,soybean,Akola,1,66.5,74.9,0.888,83,true
2025-09-21,soybean,Akola,2,67.7,63.9,1.059,88,false
2025-09-21,soybean,Akola,3,72.3,68.8,1.05,87,false
2025-09-21,soybean,Akola,7,113.7,101.6,1.12,83,false
2025-09-21,soybean,Akola,14,174.0,154.8,1.124,76,false
2025-09-21,soybean,Akola,21,240.0,222.3,1.08,69,false
2025-09-21,soybean,Amarawati,1,60.3,56.1,1.074,84,false
2025-09-21,soybean,Amarawati,2,69.3,59.9,1.157,88,false
2025-09-21,soybean,Amarawati,3,77.7,69.0,1.126,87,false
2025-09-21,soybean,Amarawati,7,118.3,99.2,1.193,83,false
2025-09-21,soybean,Amarawati,14,175.9,156.0,1.128,76,false
2025-09-21,soybean,Amarawati,21,218.0,210.2,1.037,69,false
2025-09-21,soybean,Latur,1,55.7,47.2,1.181,60,false
2025-09-21,soybean,Latur,2,64.0,54.4,1.178,71,false
2025-09-21,soybean,Latur,3,78.1,66.6,1.173,70,false
2025-09-21,soybean,Latur,7,127.7,112.0,1.141,66,false
2025-09-21,soybean,Latur,14,200.1,188.8,1.06,59,false
2025-09-21,soybean,Latur,21,274.9,253.1,1.086,52,false
2025-09-21,soybean,Nagpur,1,81.3,75.5,1.076,72,false
2025-09-21,soybean,Nagpur,2,84.9,80.6,1.053,82,false
2025-09-21,soybean,Nagpur,3,92.3,85.5,1.08,81,false
2025-09-21,soybean,Nagpur,7,133.9,122.2,1.096,77,false
2025-09-21,soybean,Nagpur,14,207.4,186.9,1.11,70,false
2025-09-21,soybean,Nagpur,21,255.1,258.4,0.987,65,false
2025-09-21,soybean,Washim,1,101.4,93.7,1.083,63,false
2025-09-21,soybean,Washim,2,102.3,96.7,1.059,75,false
2025-09-21,soybean,Washim,3,111.4,108.8,1.024,74,false
2025-09-21,soybean,Washim,7,149.2,132.9,1.123,70,false
2025-09-21,soybean,Washim,14,222.1,208.7,1.064,63,false
2025-09-21,soybean,Washim,21,281.7,296.6,0.95,58,true
2025-09-21,tomato,Junnar (Narayangaon),1,315.6,291.2,1.084,85,false
2025-09-21,tomato,Junnar (Narayangaon),2,374.9,379.3,0.988,89,false
2025-09-21,tomato,Junnar (Narayangaon),3,419.3,463.1,0.905,88,true
2025-09-21,tomato,Junnar (Narayangaon),7,567.9,604.2,0.94,84,true
2025-09-21,tomato,Junnar (Narayangaon),14,731.9,954.5,0.767,77,true
2025-09-21,tomato,Junnar (Narayangaon),21,926.0,1300.0,0.712,70,true
2025-09-21,tomato,Nasik,1,220.6,208.9,1.056,90,false
2025-09-21,tomato,Nasik,2,275.2,270.8,1.016,89,false
2025-09-21,tomato,Nasik,3,302.6,305.7,0.99,88,false
2025-09-21,tomato,Nasik,7,421.2,435.1,0.968,84,false
2025-09-21,tomato,Nasik,14,610.6,684.7,0.892,77,true
2025-09-21,tomato,Nasik,21,745.9,879.6,0.848,70,true
2025-09-21,tomato,Pimpalgaon,1,366.0,317.8,1.152,89,false
2025-09-21,tomato,Pimpalgaon,2,452.5,439.2,1.03,89,false
2025-09-21,tomato,Pimpalgaon,3,513.0,521.2,0.984,88,false
2025-09-21,tomato,Pimpalgaon,7,659.1,764.6,0.862,84,true
2025-09-21,tomato,Pimpalgaon,14,729.8,1086.6,0.672,77,true
2025-09-21,tomato,Pimpalgaon,21,984.8,1548.7,0.636,70,true
2025-09-21,tomato,Pune,1,243.8,219.9,1.109,88,false
2025-09-21,tomato,Pune,2,311.7,302.8,1.029,89,false
2025-09-21,tomato,Pune,3,363.7,372.7,0.976,88,false
2025-09-21,tomato,Pune,7,467.0,480.4,0.972,84,false
2025-09-21,tomato,Pune,14,535.4,624.0,0.858,77,true
2025-09-21,tomato,Pune,21,678.7,810.7,0.837,70,true
2025-09-21,tomato,Pune (Pimpri),1,310.9,344.4,0.903,90,true
2025-09-21,tomato,Pune (Pimpri),2,340.6,378.1,0.901,89,true
2025-09-21,tomato,Pune (Pimpri),3,378.0,421.6,0.897,88,true
2025-09-21,tomato,Pune (Pimpri),7,492.4,499.4,0.986,84,false
2025-09-21,tomato,Pune (Pimpri),14,690.5,776.0,0.89,77,true
2025-09-21,tomato,Pune (Pimpri),21,868.0,993.6,0.874,70,true
2025-09-24,onion,Lasalgaon,1,50.4,46.8,1.076,80,false
2025-09-24,onion,Lasalgaon,2,59.7,57.0,1.047,83,false
2025-09-24,onion,Lasalgaon,3,68.8,67.9,1.013,82,false
2025-09-24,onion,Lasalgaon,7,104.7,103.7,1.01,78,false
2025-09-24,onion,Lasalgaon,14,176.7,175.5,1.007,71,false
2025-09-24,onion,Lasalgaon,21,198.4,205.7,0.964,64,false
2025-09-24,onion,Lasalgaon (Niphad),1,41.0,37.0,1.109,79,false
2025-09-24,onion,Lasalgaon (Niphad),2,51.7,51.2,1.009,85,false
2025-09-24,onion,Lasalgaon (Niphad),3,62.7,63.4,0.988,84,false
2025-09-24,onion,Lasalgaon (Niphad),7,88.8,91.9,0.967,80,false
2025-09-24,onion,Lasalgaon (Niphad),14,153.3,151.1,1.014,73,false
2025-09-24,onion,Lasalgaon (Niphad),21,170.7,180.3,0.947,66,true
2025-09-24,onion,Lasalgaon (Vinchur),1,39.7,36.1,1.098,80,false
2025-09-24,onion,Lasalgaon (Vinchur),2,50.3,50.1,1.003,84,false
2025-09-24,onion,Lasalgaon (Vinchur),3,59.4,61.0,0.973,83,false
2025-09-24,onion,Lasalgaon (Vinchur),7,94.2,98.5,0.956,79,false
2025-09-24,onion,Lasalgaon (Vinchur),14,158.1,168.0,0.941,72,true
2025-09-24,onion,Lasalgaon (Vinchur),21,174.6,194.7,0.897,65,true
2025-09-24,onion,Nasik,1,96.5,89.9,1.072,83,false
2025-09-24,onion,Nasik,2,111.4,106.1,1.05,89,false
2025-09-24,onion,Nasik,3,124.9,122.0,1.024,88,false
2025-09-24,onion,Nasik,7,182.8,193.3,0.946,84,true
2025-09-24,onion,Nasik,14,207.0,215.3,0.962,77,false
2025-09-24,onion,Nasik,21,223.2,247.8,0.901,70,true
2025-09-24,onion,Pimpalgaon,1,42.5,39.4,1.078,88,false
2025-09-24,onion,Pimpalgaon,2,50.9,50.5,1.008,89,false
2025-09-24,onion,Pimpalgaon,3,57.6,58.6,0.983,88,false
2025-09-24,onion,Pimpalgaon,7,87.3,96.0,0.909,84,true
2025-09-24,onion,Pimpalgaon,14,133.6,135.8,0.984,77,false
2025-09-24,onion,Pimpalgaon,21,156.5,160.2,0.977,70,false
2025-09-24,onion,Pune,1,534.0,557.5,0.958,87,false
2025-09-24,onion,Pune,2,525.9,546.6,0.962,89,false
2025-09-24,onion,Pune,3,532.9,556.2,0.958,88,false
2025-09-24,onion,Pune,7,557.7,591.1,0.943,84,true
2025-09-24,onion,Pune,14,540.1,559.1,0.966,77,false
2025-09-24,onion,Pune,21,454.0,480.7,0.944,70,true
2025-09-24,onion,Solapur,1,58.0,56.0,1.035,83,false
2025-09-24,onion,Solapur,2,71.9,75.0,0.959,88,false
2025-09-24,onion,Solapur,3,82.6,90.2,0.916,87,true
2025-09-24,onion,Solapur,7,107.8,123.5,0.873,83,true
2025-09-24,onion,Solapur,14,85.9,94.7,0.907,76,true
2025-09-24,onion,Solapur,21,80.8,93.5,0.865,69,true
2025-09-24,soybean,Akola,1,66.6,74.6,0.892,84,true
2025-09-24,soybean,Akola,2,68.6,63.9,1.073,88,false
2025-09-24,soybean,Akola,3,73.1,68.8,1.062,87,false
2025-09-24,soybean,Akola,7,114.7,102.7,1.116,83,false
2025-09-24,soybean,Akola,14,177.4,159.5,1.112,76,false
2025-09-24,soybean,Akola,21,246.6,230.4,1.071,69,false
2025-09-24,soybean,Amarawati,1,59.9,55.2,1.084,85,false
2025-09-24,soybean,Amarawati,2,68.9,58.9,1.169,88,false
2025-09-24,soybean,Amarawati,3,77.5,68.0,1.139,87,false
2025-09-24,soybean,Amarawati,7,119.1,98.4,1.211,83,false
2025-09-24,soybean,Amarawati,14,177.6,154.8,1.148,76,false
2025-09-24,soybean,Amarawati,21,223.4,213.8,1.045,69,false
2025-09-24,soybean,Latur,1,61.3,52.2,1.175,59,false
2025-09-24,soybean,Latur,2,68.4,57.4,1.191,70,false
2025-09-24,soybean,Latur,3,81.7,68.6,1.192,69,false
2025-09-24,soybean,Latur,7,129.6,111.1,1.167,65,false
2025-09-24,soybean,Latur,14,200.5,185.3,1.082,58,false
2025-09-24,soybean,Latur,21,281.6,256.9,1.096,51,false
2025-09-24,soybean,Nagpur,1,82.3,75.8,1.086,69,false
2025-09-24,soybean,Nagpur,2,86.6,81.6,1.061,79,false
2025-09-24,soybean,Nagpur,3,94.2,87.5,1.077,78,false
2025-09-24,soybean,Nagpur,7,138.1,125.2,1.102,74,false
2025-09-24,soybean,Nagpur,14,212.3,191.5,1.109,68,false
2025-09-24,soybean,Nagpur,21,264.5,267.2,0.99,62,false
2025-09-24,soybean,Washim,1,87.7,87.3,1.004,63,false
2025-09-24,soybean,Washim,2,92.6,95.3,0.971,75,false
2025-09-24,soybean,Washim,3,102.3,104.1,0.983,74,false
2025-09-24,soybean,Washim,7,137.4,131.4,1.045,70,false
2025-09-24,soybean,Washim,14,213.3,204.0,1.046,63,false
2025-09-24,soybean,Washim,21,275.6,295.7,0.932,58,true
2025-09-24,tomato,Junnar (Narayangaon),1,316.6,291.2,1.087,85,false
2025-09-24,tomato,Junnar (Narayangaon),2,380.5,384.9,0.989,89,false
2025-09-24,tomato,Junnar (Narayangaon),3,419.1,463.1,0.905,88,true
2025-09-24,tomato,Junnar (Narayangaon),7,551.4,583.4,0.945,84,true
2025-09-24,tomato,Junnar (Narayangaon),14,723.6,935.0,0.774,77,true
2025-09-24,tomato,Junnar (Narayangaon),21,915.9,1292.8,0.708,70,true
2025-09-24,tomato,Nasik,1,223.3,211.1,1.058,90,false
2025-09-24,tomato,Nasik,2,277.4,272.5,1.018,89,false
2025-09-24,tomato,Nasik,3,305.2,306.2,0.997,88,false
2025-09-24,tomato,Nasik,7,420.2,433.9,0.968,84,false
2025-09-24,tomato,Nasik,14,594.8,656.2,0.906,77,true
2025-09-24,tomato,Nasik,21,762.6,886.8,0.86,70,true
2025-09-24,tomato,Pimpalgaon,1,375.5,320.6,1.171,89,false
2025-09-24,tomato,Pimpalgaon,2,464.3,454.8,1.021,89,false
2025-09-24,tomato,Pimpalgaon,3,526.5,535.4,0.983,88,false
2025-09-24,tomato,Pimpalgaon,7,671.0,772.9,0.868,84,true
2025-09-24,tomato,Pimpalgaon,14,728.1,1074.9,0.677,77,true
2025-09-24,tomato,Pimpalgaon,21,988.5,1556.6,0.635,70,true
2025-09-24,tomato,Pune,1,244.3,223.3,1.094,88,false
2025-09-24,tomato,Pune,2,314.2,305.6,1.028,89,false
2025-09-24,tomato,Pune,3,372.0,378.4,0.983,88,false
2025-09-24,tomato,Pune,7,467.8,489.9,0.955,84,false
2025-09-24,tomato,Pune,14,534.4,609.7,0.876,77,true
2025-09-24,tomato,Pune,21,680.1,820.0,0.829,70,true
2025-09-24,tomato,Pune (Pimpri),1,312.0,347.8,0.897,90,true
2025-09-24,tomato,Pune (Pimpri),2,342.8,378.7,0.905,89,true
2025-09-24,tomato,Pune (Pimpri),3,379.3,421.0,0.901,88,true
2025-09-24,tomato,Pune (Pimpri),7,492.4,495.2,0.994,84,false
2025-09-24,tomato,Pune (Pimpri),14,680.6,779.9,0.873,77,true
2025-09-24,tomato,Pune (Pimpri),21,853.1,1007.9,0.846,70,true
2025-09-27,onion,Lasalgaon,1,52.5,46.3,1.133,80,false
2025-09-27,onion,Lasalgaon,2,61.4,57.8,1.063,83,false
2025-09-27,onion,Lasalgaon,3,70.7,69.0,1.025,82,false
2025-09-27,onion,Lasalgaon,7,109.0,103.9,1.048,78,false
2025-09-27,onion,Lasalgaon,14,186.0,175.3,1.061,71,false
2025-09-27,onion,Lasalgaon,21,204.4,205.6,0.994,64,false
2025-09-27,onion,Lasalgaon (Niphad),1,43.6,36.7,1.191,78,false
2025-09-27,onion,Lasalgaon (Niphad),2,54.7,51.1,1.07,85,false
2025-09-27,onion,Lasalgaon (Niphad),3,66.4,63.2,1.051,84,false
2025-09-27,onion,Lasalgaon (Niphad),7,94.0,91.8,1.023,80,false
2025-09-27,onion,Lasalgaon (Niphad),14,156.8,146.9,1.067,73,false
2025-09-27,onion,Lasalgaon (Niphad),21,179.6,182.8,0.983,66,false
2025-09-27,onion,Lasalgaon (Vinchur),1,40.8,34.6,1.179,80,false
2025-09-27,onion,Lasalgaon (Vinchur),2,51.2,49.2,1.041,84,false
2025-09-27,onion,Lasalgaon (Vinchur),3,60.9,59.9,1.016,83,false
2025-09-27,onion,Lasalgaon (Vinchur),7,99.4,98.6,1.008,79,false
2025-09-27,onion,Lasalgaon (Vinchur),14,165.1,166.9,0.989,72,false
2025-09-27,onion,Lasalgaon (Vinchur),21,183.5,196.5,0.934,65,true
2025-09-27,onion,Nasik,1,98.0,91.1,1.075,83,false
2025-09-27,onion,Nasik,2,113.7,108.8,1.045,89,false
2025-09-27,onion,Nasik,3,126.1,125.6,1.005,88,false
2025-09-27,onion,Nasik,7,174.7,187.6,0.931,84,true
2025-09-27,onion,Nasik,14,209.9,215.4,0.974,77,false
2025-09-27,onion,Nasik,21,212.7,240.6,0.884,70,true
2025-09-27,onion,Pimpalgaon,1,45.3,38.9,1.167,88,false
2025-09-27,onion,Pimpalgaon,2,53.8,50.2,1.072,89,false
2025-09-27,onion,Pimpalgaon,3,60.5,58.9,1.028,88,false
2025-09-27,onion,Pimpalgaon,7,88.6,92.5,0.958,84,false
2025-09-27,onion,Pimpalgaon,14,134.4,129.0,1.042,77,false
2025-09-27,onion,Pimpalgaon,21,160.7,157.7,1.019,70,false
2025-09-27,onion,Pune,1,542.4,564.0,0.962,86,false
2025-09-27,onion,Pune,2,528.9,546.6,0.968,89,false
2025-09-27,onion,Pune,3,536.7,556.2,0.965,88,false
2025-09-27,onion,Pune,7,562.8,592.3,0.95,84,false
2025-09-27,onion,Pune,14,547.4,559.1,0.979,77,false
2025-09-27,onion,Pune,21,459.5,482.9,0.952,70,false
2025-09-27,onion,Solapur,1,62.0,59.1,1.048,82,false
2025-09-27,onion,Solapur,2,75.1,76.7,0.979,88,false
2025-09-27,onion,Solapur,3,84.3,89.7,0.941,87,true
2025-09-27,onion,Solapur,7,111.4,123.5,0.902,83,true
2025-09-27,onion,Solapur,14,85.7,101.3,0.846,76,true
2025-09-27,onion,Solapur,21,84.2,94.2,0.894,69,true
2025-09-27,soybean,Akola,1,67.0,74.0,0.905,84,true
2025-09-27,soybean,Akola,2,69.3,63.6,1.09,88,false
2025-09-27,soybean,Akola,3,73.4,68.3,1.074,87,false
2025-09-27,soybean,Akola,7,114.0,101.3,1.126,83,false
2025-09-27,soybean,Akola,14,179.8,162.9,1.104,76,false
2025-09-27,soybean,Akola,21,249.0,230.5,1.08,69,false
2025-09-27,soybean,Amarawati,1,61.7,55.8,1.107,85,false
2025-09-27,soybean,Amarawati,2,70.4,59.9,1.176,88,false
2025-09-27,soybean,Amarawati,3,78.3,69.2,1.133,87,false
2025-09-27,soybean,Amarawati,7,116.9,97.4,1.201,83,false
2025-09-27,soybean,Amarawati,14,176.8,157.3,1.124,76,false
2025-09-27,soybean,Amarawati,21,224.8,213.4,1.053,69,false
2025-09-27,soybean,Latur,1,63.2,53.2,1.188,60,false
2025-09-27,soybean,Latur,2,70.1,57.9,1.212,70,false
2025-09-27,soybean,Latur,3,83.7,69.6,1.203,69,false
2025-09-27,soybean,Latur,7,131.3,112.9,1.163,65,false
2025-09-27,soybean,Latur,14,202.9,187.1,1.084,58,false
2025-09-27,soybean,Latur,21,275.2,251.6,1.094,51,false
2025-09-27,soybean,Nagpur,1,81.7,81.0,1.009,71,false
2025-09-27,soybean,Nagpur,2,87.4,84.2,1.038,80,false
2025-09-27,soybean,Nagpur,3,95.6,91.8,1.041,79,false
2025-09-27,soybean,Nagpur,7,137.9,126.5,1.09,75,false
2025-09-27,soybean,Nagpur,14,208.2,189.3,1.1,70,false
2025-09-27,soybean,Nagpur,21,261.9,261.4,1.002,63,false
2025-09-27,soybean,Washim,1,90.8,86.5,1.049,63,false
2025-09-27,soybean,Washim,2,94.2,96.7,0.974,75,false
2025-09-27,soybean,Washim,3,100.6,104.1,0.967,74,false
2025-09-27,soybean,Washim,7,138.0,130.0,1.061,70,false
2025-09-27,soybean,Washim,14,206.9,202.3,1.023,65,false
2025-09-27,soybean,Washim,21,273.6,298.3,0.917,59,true
2025-09-27,tomato,Junnar (Narayangaon),1,316.1,289.7,1.091,82,false
2025-09-27,tomato,Junnar (Narayangaon),2,378.2,382.2,0.989,87,false
2025-09-27,tomato,Junnar (Narayangaon),3,418.4,462.3,0.905,86,true
2025-09-27,tomato,Junnar (Narayangaon),7,549.4,582.4,0.943,82,true
2025-09-27,tomato,Junnar (Narayangaon),14,724.0,946.6,0.765,75,true
2025-09-27,tomato,Junnar (Narayangaon),21,925.3,1316.1,0.703,68,true
2025-09-27,tomato,Nasik,1,225.2,212.2,1.061,90,false
2025-09-27,tomato,Nasik,2,279.0,272.5,1.024,89,false
2025-09-27,tomato,Nasik,3,304.0,304.0,1.0,88,false
2025-09-27,tomato,Nasik,7,427.2,439.9,0.971,84,false
2025-09-27,tomato,Nasik,14,603.5,664.0,0.909,77,true
2025-09-27,tomato,Nasik,21,766.4,878.9,0.872,70,true
2025-09-27,tomato,Pimpalgaon,1,379.7,317.2,1.197,89,false
2025-09-27,tomato,Pimpalgaon,2,470.9,457.0,1.03,89,false
2025-09-27,tomato,Pimpalgaon,3,537.3,543.6,0.988,88,false
2025-09-27,tomato,Pimpalgaon,7,675.1,776.6,0.869,84,true
2025-09-27,tomato,Pimpalgaon,14,725.1,1064.5,0.681,77,true
2025-09-27,tomato,Pimpalgaon,21,988.3,1557.9,0.634,70,true
2025-09-27,tomato,Pune,1,250.4,227.0,1.103,87,false
2025-09-27,tomato,Pune,2,321.7,310.7,1.035,89,false
2025-09-27,tomato,Pune,3,378.3,383.5,0.986,88,false
2025-09-27,tomato,Pune,7,458.7,483.9,0.948,84,true
2025-09-27,tomato,Pune,14,540.7,603.9,0.895,77,true
2025-09-27,tomato,Pune,21,674.6,827.9,0.815,70,true
2025-09-27,tomato,Pune (Pimpri),1,308.5,343.3,0.899,90,true
2025-09-27,tomato,Pune (Pimpri),2,339.2,375.8,0.903,89,true
2025-09-27,tomato,Pune (Pimpri),3,380.3,418.8,0.908,88,true
2025-09-27,tomato,Pune (Pimpri),7,486.5,495.8,0.981,84,false
2025-09-27,tomato,Pune (Pimpri),14,669.3,777.9,0.86,77,true
2025-09-27,tomato,Pune (Pimpri),21,828.5,1010.7,0.82,70,true
2025-09-30,onion,Lasalgaon,1,55.7,47.6,1.17,80,false
2025-09-30,onion,Lasalgaon,2,64.5,58.6,1.101,83,false
2025-09-30,onion,Lasalgaon,3,74.8,70.0,1.069,82,false
2025-09-30,onion,Lasalgaon,7,113.5,103.6,1.096,78,false
2025-09-30,onion,Lasalgaon,14,198.7,175.7,1.131,71,false
2025-09-30,onion,Lasalgaon,21,218.7,207.3,1.055,64,false
2025-09-30,onion,Lasalgaon (Niphad),1,46.2,37.3,1.237,77,false
2025-09-30,onion,Lasalgaon (Niphad),2,57.4,51.3,1.118,85,false
2025-09-30,onion,Lasalgaon (Niphad),3,69.7,63.4,1.099,84,false
2025-09-30,onion,Lasalgaon (Niphad),7,99.1,90.9,1.091,80,false
2025-09-30,onion,Lasalgaon (Niphad),14,163.8,144.9,1.13,73,false
2025-09-30,onion,Lasalgaon (Niphad),21,192.3,183.4,1.048,66,false
2025-09-30,onion,Lasalgaon (Vinchur),1,43.2,34.9,1.235,79,false
2025-09-30,onion,Lasalgaon (Vinchur),2,54.0,48.1,1.123,84,false
2025-09-30,onion,Lasalgaon (Vinchur),3,65.0,59.0,1.102,83,false
2025-09-30,onion,Lasalgaon (Vinchur),7,103.8,97.2,1.068,79,false
2025-09-30,onion,Lasalgaon (Vinchur),14,175.1,166.0,1.055,72,false
2025-09-30,onion,Lasalgaon (Vinchur),21,197.7,198.3,0.997,65,false
2025-09-30,onion,Nasik,1,100.7,89.7,1.123,83,false
2025-09-30,onion,Nasik,2,115.7,108.0,1.071,89,false
2025-09-30,onion,Nasik,3,126.9,123.1,1.031,88,false
2025-09-30,onion,Nasik,7,173.8,182.2,0.954,84,false
2025-09-30,onion,Nasik,14,219.4,217.5,1.008,77,false
2025-09-30,onion,Nasik,21,220.0,242.5,0.907,70,true
2025-09-30,onion,Pimpalgaon,1,46.9,41.4,1.132,88,false
2025-09-30,onion,Pimpalgaon,2,53.8,53.3,1.009,89,false
2025-09-30,onion,Pimpalgaon,3,59.6,60.6,0.983,88,false
2025-09-30,onion,Pimpalgaon,7,87.6,92.8,0.944,84,true
2025-09-30,onion,Pimpalgaon,14,134.2,127.4,1.054,77,false
2025-09-30,onion,Pimpalgaon,21,166.4,152.7,1.09,70,false
2025-09-30,onion,Pune,1,541.4,565.1,0.958,86,false
2025-09-30,onion,Pune,2,528.5,548.9,0.963,89,false
2025-09-30,onion,Pune,3,537.3,556.8,0.965,88,false
2025-09-30,onion,Pune,7,565.3,591.1,0.956,84,false
2025-09-30,onion,Pune,14,511.1,540.9,0.945,77,true
2025-09-30,onion,Pune,21,466.4,483.6,0.964,70,false
2025-09-30,onion,Solapur,1,61.5,58.9,1.044,79,false
2025-09-30,onion,Solapur,2,74.7,75.9,0.984,85,false
2025-09-30,onion,Solapur,3,85.6,90.5,0.946,84,true
2025-09-30,onion,Solapur,7,111.9,126.2,0.886,80,true
2025-09-30,onion,Solapur,14,88.2,102.1,0.864,73,true
2025-09-30,onion,Solapur,21,86.9,96.2,0.903,66,true
2025-09-30,soybean,Akola,1,70.1,79.2,0.886,84,true
2025-09-30,soybean,Akola,2,72.6,67.4,1.078,88,false
2025-09-30,soybean,Akola,3,76.2,71.2,1.07,87,false
2025-09-30,soybean,Akola,7,117.5,105.4,1.115,83,false
2025-09-30,soybean,Akola,14,185.4,167.4,1.107,76,false
2025-09-30,soybean,Akola,21,252.2,234.2,1.077,69,false
2025-09-30,soybean,Amarawati,1,65.5,58.1,1.127,84,false
2025-09-30,soybean,Amarawati,2,73.9,61.8,1.196,88,false
2025-09-30,soybean,Amarawati,3,81.3,70.4,1.155,87,false
2025-09-30,soybean,Amarawati,7,117.8,99.5,1.184,83,false
2025-09-30,soybean,Amarawati,14,177.7,159.6,1.113,76,false
2025-09-30,soybean,Amarawati,21,221.7,210.2,1.054,69,false
2025-09-30,soybean,Latur,1,65.2,55.6,1.172,57,false
2025-09-30,soybean,Latur,2,72.3,59.3,1.219,68,false
2025-09-30,soybean,Latur,3,86.9,72.5,1.198,67,false
2025-09-30,soybean,Latur,7,137.0,118.3,1.159,63,false
2025-09-30,soybean,Latur,14,209.0,193.0,1.083,56,false
2025-09-30,soybean,Latur,21,273.5,248.8,1.099,49,false
2025-09-30,soybean,Nagpur,1,83.8,82.1,1.021,68,false
2025-09-30,soybean,Nagpur,2,90.2,86.7,1.04,78,false
2025-09-30,soybean,Nagpur,3,98.4,92.6,1.063,77,false
2025-09-30,soybean,Nagpur,7,142.8,131.3,1.088,73,false
2025-09-30,soybean,Nagpur,14,213.1,197.7,1.078,68,false
2025-09-30,soybean,Nagpur,21,266.7,263.4,1.013,61,false
2025-09-30,soybean,Washim,1,89.6,85.5,1.048,62,false
2025-09-30,soybean,Washim,2,93.0,94.0,0.989,75,false
2025-09-30,soybean,Washim,3,100.5,104.1,0.966,74,false
2025-09-30,soybean,Washim,7,133.6,125.7,1.063,70,false
2025-09-30,soybean,Washim,14,202.1,201.5,1.003,65,false
2025-09-30,soybean,Washim,21,274.5,297.5,0.923,59,true
2025-09-30,tomato,Junnar (Narayangaon),1,317.5,298.2,1.065,83,false
2025-09-30,tomato,Junnar (Narayangaon),2,381.1,394.9,0.965,88,false
2025-09-30,tomato,Junnar (Narayangaon),3,421.8,479.9,0.879,87,true
2025-09-30,tomato,Junnar (Narayangaon),7,544.0,581.4,0.936,83,true
2025-09-30,tomato,Junnar (Narayangaon),14,708.9,953.9,0.743,76,true
2025-09-30,tomato,Junnar (Narayangaon),21,930.7,1300.7,0.716,69,true
2025-09-30,tomato,Nasik,1,225.1,211.1,1.066,90,false
2025-09-30,tomato,Nasik,2,281.5,274.2,1.027,89,false
2025-09-30,tomato,Nasik,3,308.8,309.1,0.999,88,false
2025-09-30,tomato,Nasik,7,428.7,441.7,0.971,84,false
2025-09-30,tomato,Nasik,14,600.0,672.7,0.892,77,true
2025-09-30,tomato,Nasik,21,779.5,882.1,0.884,70,true
2025-09-30,tomato,Pimpalgaon,1,381.8,319.6,1.195,89,false
2025-09-30,tomato,Pimpalgaon,2,472.6,458.8,1.03,89,false
2025-09-30,tomato,Pimpalgaon,3,536.4,543.0,0.988,88,false
2025-09-30,tomato,Pimpalgaon,7,683.1,778.1,0.878,84,true
2025-09-30,tomato,Pimpalgaon,14,734.1,1083.6,0.677,77,true
2025-09-30,tomato,Pimpalgaon,21,957.3,1517.4,0.631,70,true
2025-09-30,tomato,Pune,1,270.9,251.1,1.079,88,false
2025-09-30,tomato,Pune,2,340.6,339.9,1.002,89,false
2025-09-30,tomato,Pune,3,386.5,396.0,0.976,88,false
2025-09-30,tomato,Pune,7,477.1,498.8,0.956,84,false
2025-09-30,tomato,Pune,14,554.9,626.0,0.886,77,true
2025-09-30,tomato,Pune,21,683.0,835.7,0.817,70,true
2025-09-30,tomato,Pune (Pimpri),1,304.7,336.1,0.906,90,true
2025-09-30,tomato,Pune (Pimpri),2,331.5,368.5,0.899,89,true
2025-09-30,tomato,Pune (Pimpri),3,373.8,418.2,0.894,88,true
2025-09-30,tomato,Pune (Pimpri),7,481.9,494.6,0.974,84,false
2025-09-30,tomato,Pune (Pimpri),14,634.5,761.0,0.834,77,true
2025-09-30,tomato,Pune (Pimpri),21,809.4,1009.3,0.802,70,true
2025-10-03,onion,Lasalgaon,1,57.8,46.9,1.231,80,false
2025-10-03,onion,Lasalgaon,2,66.0,58.9,1.119,83,false
2025-10-03,onion,Lasalgaon,3,76.8,71.3,1.076,82,false
2025-10-03,onion,Lasalgaon,7,118.4,104.4,1.134,78,false
2025-10-03,onion,Lasalgaon,14,210.3,175.2,1.2,71,false
2025-10-03,onion,Lasalgaon,21,230.8,205.6,1.123,64,false
2025-10-03,onion,Lasalgaon (Niphad),1,51.9,42.4,1.224,78,false
2025-10-03,onion,Lasalgaon (Niphad),2,61.9,54.6,1.133,85,false
2025-10-03,onion,Lasalgaon (Niphad),3,75.2,65.5,1.148,84,false
2025-10-03,onion,Lasalgaon (Niphad),7,107.1,92.6,1.157,80,false
2025-10-03,onion,Lasalgaon (Niphad),14,177.4,145.2,1.222,73,false
2025-10-03,onion,Lasalgaon (Niphad),21,199.8,182.3,1.096,66,false
2025-10-03,onion,Lasalgaon (Vinchur),1,43.6,37.3,1.17,78,false
2025-10-03,onion,Lasalgaon (Vinchur),2,54.4,49.9,1.09,83,false
2025-10-03,onion,Lasalgaon (Vinchur),3,66.2,60.3,1.097,82,false
2025-10-03,onion,Lasalgaon (Vinchur),7,107.3,100.1,1.072,78,false
2025-10-03,onion,Lasalgaon (Vinchur),14,183.9,166.3,1.106,71,false
2025-10-03,onion,Lasalgaon (Vinchur),21,203.4,197.0,1.032,64,false
2025-10-03,onion,Nasik,1,100.5,91.1,1.103,84,false
2025-10-03,onion,Nasik,2,115.6,109.8,1.053,89,false
2025-10-03,onion,Nasik,3,127.4,125.1,1.018,88,false
2025-10-03,onion,Nasik,7,172.1,172.0,1.001,84,false
2025-10-03,onion,Nasik,14,222.9,218.8,1.019,77,false
2025-10-03,onion,Nasik,21,220.9,244.5,0.904,70,true
2025-10-03,onion,Pimpalgaon,1,48.9,41.7,1.173,88,false
2025-10-03,onion,Pimpalgaon,2,56.0,53.3,1.05,89,false
2025-10-03,onion,Pimpalgaon,3,61.7,60.3,1.023,88,false
2025-10-03,onion,Pimpalgaon,7,89.6,91.8,0.976,84,false
2025-10-03,onion,Pimpalgaon,14,140.4,128.4,1.094,77,false
2025-10-03,onion,Pimpalgaon,21,165.9,148.8,1.115,70,false
2025-10-03,onion,Pune,1,547.9,570.6,0.96,85,false
2025-10-03,onion,Pune,2,528.6,547.2,0.966,89,false
2025-10-03,onion,Pune,3,537.6,556.2,0.966,88,false
2025-10-03,onion,Pune,7,566.9,591.1,0.959,84,false
2025-10-03,onion,Pune,14,516.3,537.7,0.96,77,false
2025-10-03,onion,Pune,21,472.3,480.0,0.984,70,false
2025-10-03,onion,Solapur,1,61.5,58.3,1.054,78,false
2025-10-03,onion,Solapur,2,74.0,74.7,0.991,85,false
2025-10-03,onion,Solapur,3,84.9,88.1,0.964,84,false
2025-10-03,onion,Solapur,7,117.6,126.2,0.931,80,true
2025-10-03,onion,Solapur,14,93.8,102.1,0.92,73,true
2025-10-03,onion,Solapur,21,90.5,103.0,0.878,66,true
2025-10-03,soybean,Akola,1,70.4,78.6,0.895,84,true
2025-10-03,soybean,Akola,2,74.7,70.9,1.055,88,false
2025-10-03,soybean,Akola,3,79.2,74.7,1.061,87,false
2025-10-03,soybean,Akola,7,122.2,107.8,1.134,83,false
2025-10-03,soybean,Akola,14,188.2,172.6,1.09,76,false
2025-10-03,soybean,Akola,21,250.0,233.0,1.073,69,false
2025-10-03,soybean,Amarawati,1,64.8,59.4,1.092,84,false
2025-10-03,soybean,Amarawati,2,72.3,58.8,1.229,88,false
2025-10-03,soybean,Amarawati,3,80.7,67.4,1.197,87,false
2025-10-03,soybean,Amarawati,7,118.9,99.9,1.19,83,false
2025-10-03,soybean,Amarawati,14,176.8,161.4,1.095,76,false
2025-10-03,soybean,Amarawati,21,219.1,213.3,1.027,69,false
2025-10-03,soybean,Latur,1,67.5,56.0,1.204,58,false
2025-10-03,soybean,Latur,2,73.7,58.7,1.255,69,false
2025-10-03,soybean,Latur,3,88.2,71.8,1.23,68,false
2025-10-03,soybean,Latur,7,139.3,118.8,1.173,64,false
2025-10-03,soybean,Latur,14,205.5,189.5,1.084,57,false
2025-10-03,soybean,Latur,21,255.5,232.8,1.097,50,false
2025-10-03,soybean,Nagpur,1,87.8,89.6,0.98,67,false
2025-10-03,soybean,Nagpur,2,94.5,95.9,0.986,78,false
2025-10-03,soybean,Nagpur,3,103.4,102.6,1.008,77,false
2025-10-03,soybean,Nagpur,7,143.1,129.1,1.108,75,false
2025-10-03,soybean,Nagpur,14,218.6,201.2,1.086,68,false
2025-10-03,soybean,Nagpur,21,272.6,269.9,1.01,61,false
2025-10-03,soybean,Washim,1,92.7,86.4,1.072,59,false
2025-10-03,soybean,Washim,2,93.5,92.5,1.011,73,false
2025-10-03,soybean,Washim,3,100.1,102.1,0.98,72,false
2025-10-03,soybean,Washim,7,132.8,128.3,1.035,69,false
2025-10-03,soybean,Washim,14,202.9,204.8,0.991,63,false
2025-10-03,soybean,Washim,21,280.1,301.7,0.928,58,true
2025-10-03,tomato,Junnar (Narayangaon),1,324.2,313.3,1.035,83,false
2025-10-03,tomato,Junnar (Narayangaon),2,388.3,406.3,0.956,88,false
2025-10-03,tomato,Junnar (Narayangaon),3,428.0,491.4,0.871,87,true
2025-10-03,tomato,Junnar (Narayangaon),7,530.6,581.4,0.913,83,true
2025-10-03,tomato,Junnar (Narayangaon),14,716.2,980.2,0.731,76,true
2025-10-03,tomato,Junnar (Narayangaon),21,952.9,1304.3,0.731,69,true
2025-10-03,tomato,Nasik,1,233.6,223.3,1.046,90,false
2025-10-03,tomato,Nasik,2,285.6,277.2,1.03,89,false
2025-10-03,tomato,Nasik,3,311.1,307.7,1.011,88,false
2025-10-03,tomato,Nasik,7,415.8,427.1,0.973,84,false
2025-10-03,tomato,Nasik,14,614.1,691.2,0.888,77,true
2025-10-03,tomato,Nasik,21,778.7,880.7,0.884,70,true
2025-10-03,tomato,Pimpalgaon,1,382.2,320.6,1.192,89,false
2025-10-03,tomato,Pimpalgaon,2,471.5,455.8,1.034,89,false
2025-10-03,tomato,Pimpalgaon,3,539.0,541.2,0.996,88,false
2025-10-03,tomato,Pimpalgaon,7,684.7,779.2,0.879,84,true
2025-10-03,tomato,Pimpalgaon,14,742.0,1098.6,0.675,77,true
2025-10-03,tomato,Pimpalgaon,21,901.7,1457.2,0.619,70,true
2025-10-03,tomato,Pune,1,266.1,250.6,1.062,88,false
2025-10-03,tomato,Pune,2,330.5,330.3,1.0,89,false
2025-10-03,tomato,Pune,3,374.0,388.1,0.964,88,false
2025-10-03,tomato,Pune,7,474.7,498.8,0.952,84,false
2025-10-03,tomato,Pune,14,557.0,640.3,0.87,77,true
2025-10-03,tomato,Pune,21,658.7,810.7,0.812,70,true
2025-10-03,tomato,Pune (Pimpri),1,300.5,327.2,0.918,90,true
2025-10-03,tomato,Pune (Pimpri),2,331.2,362.4,0.914,89,true
2025-10-03,tomato,Pune (Pimpri),3,369.2,411.4,0.897,88,true
2025-10-03,tomato,Pune (Pimpri),7,480.4,495.8,0.969,84,false
2025-10-03,tomato,Pune (Pimpri),14,619.8,753.2,0.823,77,true
2025-10-03,tomato,Pune (Pimpri),21,795.2,984.3,0.808,70,true
2025-10-06,onion,Lasalgaon,1,59.6,47.2,1.264,77,false
2025-10-06,onion,Lasalgaon,2,67.7,58.9,1.15,81,false
2025-10-06,onion,Lasalgaon,3,79.5,71.3,1.115,80,false
2025-10-06,onion,Lasalgaon,7,122.6,104.9,1.168,76,false
2025-10-06,onion,Lasalgaon,14,217.1,175.9,1.234,69,false
2025-10-06,onion,Lasalgaon,21,233.1,201.7,1.156,62,false
2025-10-06,onion,Lasalgaon (Niphad),1,55.0,44.3,1.24,78,false
2025-10-06,onion,Lasalgaon (Niphad),2,65.7,57.4,1.144,85,false
2025-10-06,onion,Lasalgaon (Niphad),3,78.0,68.1,1.144,84,false
2025-10-06,onion,Lasalgaon (Niphad),7,112.2,90.0,1.246,80,false
2025-10-06,onion,Lasalgaon (Niphad),14,187.1,142.8,1.31,73,false
2025-10-06,onion,Lasalgaon (Niphad),21,203.0,179.3,1.133,67,false
2025-10-06,onion,Lasalgaon (Vinchur),1,46.9,37.3,1.257,78,false
2025-10-06,onion,Lasalgaon (Vinchur),2,57.2,51.1,1.12,83,false
2025-10-06,onion,Lasalgaon (Vinchur),3,69.6,62.0,1.123,82,false
2025-10-06,onion,Lasalgaon (Vinchur),7,115.8,99.5,1.164,78,false
2025-10-06,onion,Lasalgaon (Vinchur),14,194.1,164.3,1.181,71,false
2025-10-06,onion,Lasalgaon (Vinchur),21,205.4,190.9,1.076,65,false
2025-10-06,onion,Nasik,1,98.0,89.2,1.099,83,false
2025-10-06,onion,Nasik,2,113.2,105.9,1.069,89,false
2025-10-06,onion,Nasik,3,124.0,119.2,1.04,88,false
2025-10-06,onion,Nasik,7,163.8,166.1,0.986,84,false
2025-10-06,onion,Nasik,14,221.0,223.1,0.991,77,false
2025-10-06,onion,Nasik,21,220.5,244.9,0.901,70,true
2025-10-06,onion,Pimpalgaon,1,51.7,43.0,1.2,87,false
2025-10-06,onion,Pimpalgaon,2,59.1,54.7,1.081,89,false
2025-10-06,onion,Pimpalgaon,3,64.7,60.9,1.061,88,false
2025-10-06,onion,Pimpalgaon,7,93.7,93.9,0.998,84,false
2025-10-06,onion,Pimpalgaon,14,149.1,131.9,1.13,77,false
2025-10-06,onion,Pimpalgaon,21,172.5,149.6,1.153,70,false
2025-10-06,onion,Pune,1,548.2,569.4,0.963,85,false
2025-10-06,onion,Pune,2,529.4,546.1,0.969,89,false
2025-10-06,onion,Pune,3,538.8,555.7,0.97,88,false
2025-10-06,onion,Pune,7,450.4,477.4,0.943,84,true
2025-10-06,onion,Pune,14,523.4,537.0,0.975,77,false
2025-10-06,onion,Pune,21,574.2,600.0,0.957,70,false
2025-10-06,onion,Solapur,1,64.6,61.7,1.048,77,false
2025-10-06,onion,Solapur,2,76.5,75.9,1.008,85,false
2025-10-06,onion,Solapur,3,86.8,86.3,1.005,84,false
2025-10-06,onion,Solapur,7,124.8,123.1,1.013,80,false
2025-10-06,onion,Solapur,14,109.7,102.1,1.075,73,false
2025-10-06,onion,Solapur,21,92.2,104.5,0.882,66,true
2025-10-06,soybean,Akola,1,69.5,80.5,0.863,84,true
2025-10-06,soybean,Akola,2,74.8,73.3,1.021,88,false
2025-10-06,soybean,Akola,3,79.7,78.1,1.02,87,false
2025-10-06,soybean,Akola,7,124.8,109.9,1.136,83,false
2025-10-06,soybean,Akola,14,187.9,173.4,1.084,76,false
2025-10-06,soybean,Akola,21,245.8,232.5,1.057,69,false
2025-10-06,soybean,Amarawati,1,62.0,54.4,1.14,84,false
2025-10-06,soybean,Amarawati,2,70.5,55.0,1.283,88,false
2025-10-06,soybean,Amarawati,3,81.1,65.8,1.232,87,false
2025-10-06,soybean,Amarawati,7,121.9,99.4,1.226,83,false
2025-10-06,soybean,Amarawati,14,176.3,162.9,1.082,76,false
2025-10-06,soybean,Amarawati,21,212.2,213.6,0.994,69,false
2025-10-06,soybean,Latur,1,69.3,56.9,1.217,55,false
2025-10-06,soybean,Latur,2,75.0,60.0,1.25,67,false
2025-10-06,soybean,Latur,3,90.6,74.5,1.216,66,false
2025-10-06,soybean,Latur,7,144.1,122.7,1.174,62,false
2025-10-06,soybean,Latur,14,202.3,186.4,1.085,55,false
2025-10-06,soybean,Latur,21,252.5,229.4,1.101,48,false
2025-10-06,soybean,Nagpur,1,88.9,89.2,0.996,67,false
2025-10-06,soybean,Nagpur,2,96.3,95.6,1.008,78,false
2025-10-06,soybean,Nagpur,3,104.6,101.6,1.029,78,false
2025-10-06,soybean,Nagpur,7,144.6,132.0,1.096,74,false
2025-10-06,soybean,Nagpur,14,220.7,202.8,1.088,67,false
2025-10-06,soybean,Nagpur,21,274.6,270.5,1.015,60,false
2025-10-06,soybean,Washim,1,89.7,81.0,1.107,58,false
2025-10-06,soybean,Washim,2,91.8,91.0,1.009,72,false
2025-10-06,soybean,Washim,3,98.5,100.7,0.978,71,false
2025-10-06,soybean,Washim,7,131.4,126.1,1.042,69,false
2025-10-06,soybean,Washim,14,202.4,202.4,1.0,63,false
2025-10-06,soybean,Washim,21,279.1,304.3,0.917,58,true
2025-10-06,tomato,Junnar (Narayangaon),1,326.8,309.5,1.056,84,false
2025-10-06,tomato,Junnar (Narayangaon),2,393.3,409.1,0.961,88,false
2025-10-06,tomato,Junnar (Narayangaon),3,432.2,494.3,0.874,87,true
2025-10-06,tomato,Junnar (Narayangaon),7,530.3,581.3,0.912,83,true
2025-10-06,tomato,Junnar (Narayangaon),14,728.9,983.5,0.741,76,true
2025-10-06,tomato,Junnar (Narayangaon),21,887.3,1217.4,0.729,69,true
2025-10-06,tomato,Nasik,1,236.2,224.2,1.054,90,false
2025-10-06,tomato,Nasik,2,272.7,264.6,1.03,89,false
2025-10-06,tomato,Nasik,3,297.4,293.8,1.012,88,false
2025-10-06,tomato,Nasik,7,418.6,429.8,0.974,84,false
2025-10-06,tomato,Nasik,14,617.6,689.0,0.896,77,true
2025-10-06,tomato,Nasik,21,738.0,837.9,0.881,70,true
2025-10-06,tomato,Pimpalgaon,1,392.0,331.0,1.185,89,false
2025-10-06,tomato,Pimpalgaon,2,486.1,468.9,1.037,89,false
2025-10-06,tomato,Pimpalgaon,3,547.0,548.1,0.998,88,false
2025-10-06,tomato,Pimpalgaon,7,692.2,784.2,0.883,84,true
2025-10-06,tomato,Pimpalgaon,14,747.3,1088.8,0.686,77,true
2025-10-06,tomato,Pimpalgaon,21,803.8,1352.9,0.594,70,true
2025-10-06,tomato,Pune,1,262.1,242.6,1.08,88,false
2025-10-06,tomato,Pune,2,325.4,320.8,1.014,89,false
2025-10-06,tomato,Pune,3,373.5,385.8,0.968,88,false
2025-10-06,tomato,Pune,7,478.7,501.8,0.954,84,false
2025-10-06,tomato,Pune,14,548.4,639.0,0.858,77,true
2025-10-06,tomato,Pune,21,603.8,761.4,0.793,70,true
2025-10-06,tomato,Pune (Pimpri),1,296.9,319.4,0.929,90,true
2025-10-06,tomato,Pune (Pimpri),2,332.3,365.2,0.91,89,true
2025-10-06,tomato,Pune (Pimpri),3,367.6,402.3,0.914,88,true
2025-10-06,tomato,Pune (Pimpri),7,470.8,483.3,0.974,84,false
2025-10-06,tomato,Pune (Pimpri),14,618.3,750.0,0.824,77,true
2025-10-06,tomato,Pune (Pimpri),21,758.4,940.0,0.807,70,true
2025-10-09,onion,Lasalgaon,1,63.7,48.1,1.325,78,false
2025-10-09,onion,Lasalgaon,2,73.7,61.5,1.199,82,false
2025-10-09,onion,Lasalgaon,3,87.1,74.2,1.174,81,false
2025-10-09,onion,Lasalgaon,7,135.2,106.8,1.265,77,false
2025-10-09,onion,Lasalgaon,14,236.2,173.3,1.363,70,false
2025-10-09,onion,Lasalgaon,21,256.8,199.4,1.288,63,false
2025-10-09,onion,Lasalgaon (Niphad),1,57.1,45.0,1.27,78,false
2025-10-09,onion,Lasalgaon (Niphad),2,68.6,58.3,1.176,85,false
2025-10-09,onion,Lasalgaon (Niphad),3,82.0,69.2,1.184,84,false
2025-10-09,onion,Lasalgaon (Niphad),7,117.2,88.8,1.321,80,false
2025-10-09,onion,Lasalgaon (Niphad),14,200.6,139.1,1.443,73,false
2025-10-09,onion,Lasalgaon (Niphad),21,221.9,179.6,1.236,67,false
2025-10-09,onion,Lasalgaon (Vinchur),1,48.5,37.2,1.304,78,false
2025-10-09,onion,Lasalgaon (Vinchur),2,60.7,52.5,1.156,83,false
2025-10-09,onion,Lasalgaon (Vinchur),3,74.7,64.2,1.164,82,false
2025-10-09,onion,Lasalgaon (Vinchur),7,124.7,100.2,1.245,78,false
2025-10-09,onion,Lasalgaon (Vinchur),14,208.5,161.0,1.295,71,false
2025-10-09,onion,Lasalgaon (Vinchur),21,223.4,188.8,1.183,65,false
2025-10-09,onion,Nasik,1,100.6,90.4,1.112,83,false
2025-10-09,onion,Nasik,2,115.3,107.0,1.078,89,false
2025-10-09,onion,Nasik,3,127.2,122.1,1.042,88,false
2025-10-09,onion,Nasik,7,161.3,164.4,0.981,84,false
2025-10-09,onion,Nasik,14,219.3,216.9,1.011,77,false
2025-10-09,onion,Nasik,21,215.5,229.6,0.939,70,true
2025-10-09,onion,Pimpalgaon,1,54.1,43.5,1.242,86,false
2025-10-09,onion,Pimpalgaon,2,62.6,55.6,1.126,89,false
2025-10-09,onion,Pimpalgaon,3,70.0,62.9,1.113,88,false
2025-10-09,onion,Pimpalgaon,7,103.6,96.0,1.079,84,false
2025-10-09,onion,Pimpalgaon,14,162.7,129.4,1.258,77,false
2025-10-09,onion,Pimpalgaon,21,186.7,147.1,1.269,70,false
2025-10-09,onion,Pune,1,550.1,569.4,0.966,85,false
2025-10-09,onion,Pune,2,530.8,546.1,0.972,89,false
2025-10-09,onion,Pune,3,540.3,556.2,0.971,88,false
2025-10-09,onion,Pune,7,455.4,477.4,0.954,84,false
2025-10-09,onion,Pune,14,536.4,535.1,1.002,77,false
2025-10-09,onion,Pune,21,583.2,597.9,0.975,70,false
2025-10-09,onion,Solapur,1,61.3,58.3,1.051,78,false
2025-10-09,onion,Solapur,2,73.1,71.5,1.023,86,false
2025-10-09,onion,Solapur,3,87.6,84.1,1.041,85,false
2025-10-09,onion,Solapur,7,132.3,120.4,1.099,81,false
2025-10-09,onion,Solapur,14,132.6,106.1,1.25,74,false
2025-10-09,onion,Solapur,21,106.4,106.0,1.004,67,false
2025-10-09,soybean,Akola,1,71.0,81.6,0.871,84,true
2025-10-09,soybean,Akola,2,76.6,73.5,1.042,88,false
2025-10-09,soybean,Akola,3,82.6,78.3,1.055,87,false
2025-10-09,soybean,Akola,7,125.3,114.5,1.094,83,false
2025-10-09,soybean,Akola,14,187.2,173.4,1.08,76,false
2025-10-09,soybean,Akola,21,241.0,228.6,1.054,69,false
2025-10-09,soybean,Amarawati,1,67.1,57.2,1.174,84,false
2025-10-09,soybean,Amarawati,2,75.8,60.1,1.261,88,false
2025-10-09,soybean,Amarawati,3,87.4,72.4,1.207,87,false
2025-10-09,soybean,Amarawati,7,126.7,105.2,1.204,83,false
2025-10-09,soybean,Amarawati,14,179.4,165.7,1.083,76,false
2025-10-09,soybean,Amarawati,21,209.2,208.9,1.001,69,false
2025-10-09,soybean,Latur,1,68.4,56.9,1.202,55,false
2025-10-09,soybean,Latur,2,74.6,60.7,1.228,67,false
2025-10-09,soybean,Latur,3,90.5,76.1,1.19,66,false
2025-10-09,soybean,Latur,7,140.1,122.7,1.141,62,false
2025-10-09,soybean,Latur,14,191.3,176.0,1.087,55,false
2025-10-09,soybean,Latur,21,230.6,206.5,1.117,48,false
2025-10-09,soybean,Nagpur,1,89.2,90.0,0.991,69,false
2025-10-09,soybean,Nagpur,2,98.2,97.8,1.004,79,false
2025-10-09,soybean,Nagpur,3,106.5,103.2,1.032,78,false
2025-10-09,soybean,Nagpur,7,145.1,134.3,1.08,74,false
2025-10-09,soybean,Nagpur,14,217.4,205.6,1.058,67,false
2025-10-09,soybean,Nagpur,21,270.1,270.6,0.998,60,false
2025-10-09,soybean,Washim,1,90.2,81.4,1.108,59,false
2025-10-09,soybean,Washim,2,90.8,89.9,1.011,74,false
2025-10-09,soybean,Washim,3,97.7,100.7,0.97,73,false
2025-10-09,soybean,Washim,7,132.3,129.0,1.026,69,false
2025-10-09,soybean,Washim,14,203.8,200.0,1.019,63,false
2025-10-09,soybean,Washim,21,265.4,283.6,0.936,58,true
2025-10-09,tomato,Junnar (Narayangaon),1,316.9,301.2,1.052,83,false
2025-10-09,tomato,Junnar (Narayangaon),2,385.5,402.3,0.958,87,false
2025-10-09,tomato,Junnar (Narayangaon),3,426.0,488.4,0.872,86,true
2025-10-09,tomato,Junnar (Narayangaon),7,545.1,594.5,0.917,82,true
2025-10-09,tomato,Junnar (Narayangaon),14,743.2,976.7,0.761,75,true
2025-10-09,tomato,Junnar (Narayangaon),21,847.1,1165.4,0.727,68,true
2025-10-09,tomato,Nasik,1,221.3,195.2,1.134,89,false
2025-10-09,tomato,Nasik,2,276.7,257.6,1.074,89,false
2025-10-09,tomato,Nasik,3,297.3,281.8,1.055,88,false
2025-10-09,tomato,Nasik,7,422.9,422.6,1.001,84,false
2025-10-09,tomato,Nasik,14,626.2,675.6,0.927,77,true
2025-10-09,tomato,Nasik,21,709.8,811.8,0.874,70,true
2025-10-09,tomato,Pimpalgaon,1,396.3,339.5,1.167,89,false
2025-10-09,tomato,Pimpalgaon,2,490.5,471.7,1.04,89,false
2025-10-09,tomato,Pimpalgaon,3,545.1,556.0,0.98,88,false
2025-10-09,tomato,Pimpalgaon,7,694.2,785.5,0.884,84,true
2025-10-09,tomato,Pimpalgaon,14,741.7,1061.8,0.698,77,true
2025-10-09,tomato,Pimpalgaon,21,731.5,1276.5,0.573,70,true
2025-10-09,tomato,Pune,1,264.4,243.2,1.087,88,false
2025-10-09,tomato,Pune,2,325.8,325.8,1.0,89,false
2025-10-09,tomato,Pune,3,375.5,384.1,0.978,88,false
2025-10-09,tomato,Pune,7,466.4,489.9,0.952,84,false
2025-10-09,tomato,Pune,14,548.8,635.1,0.864,77,true
2025-10-09,tomato,Pune,21,561.4,720.0,0.78,70,true
2025-10-09,tomato,Pune (Pimpri),1,294.8,316.1,0.933,90,true
2025-10-09,tomato,Pune (Pimpri),2,329.5,360.7,0.914,89,true
2025-10-09,tomato,Pune (Pimpri),3,360.5,398.9,0.904,88,true
2025-10-09,tomato,Pune (Pimpri),7,460.8,472.6,0.975,84,false
2025-10-09,tomato,Pune (Pimpri),14,619.4,748.7,0.827,77,true
2025-10-09,tomato,Pune (Pimpri),21,715.3,891.4,0.802,70,true
2025-10-12,onion,Lasalgaon,1,65.3,48.7,1.34,75,false
2025-10-12,onion,Lasalgaon,2,75.2,61.8,1.217,80,false
2025-10-12,onion,Lasalgaon,3,89.1,74.3,1.199,79,false
2025-10-12,onion,Lasalgaon,7,140.4,107.6,1.305,75,false
2025-10-12,onion,Lasalgaon,14,244.5,172.7,1.416,68,false
2025-10-12,onion,Lasalgaon,21,265.8,197.5,1.346,61,false
2025-10-12,onion,Lasalgaon (Niphad),1,58.7,45.6,1.288,75,false
2025-10-12,onion,Lasalgaon (Niphad),2,70.4,59.1,1.192,83,false
2025-10-12,onion,Lasalgaon (Niphad),3,84.6,70.6,1.199,82,false
2025-10-12,onion,Lasalgaon (Niphad),7,123.6,92.2,1.341,78,false
2025-10-12,onion,Lasalgaon (Niphad),14,208.8,140.7,1.484,72,false
2025-10-12,onion,Lasalgaon (Niphad),21,235.2,185.5,1.268,65,false
2025-10-12,onion,Lasalgaon (Vinchur),1,49.9,38.0,1.314,75,false
2025-10-12,onion,Lasalgaon (Vinchur),2,62.5,53.5,1.169,81,false
2025-10-12,onion,Lasalgaon (Vinchur),3,76.9,65.2,1.179,80,false
2025-10-12,onion,Lasalgaon (Vinchur),7,131.2,102.4,1.28,76,false
2025-10-12,onion,Lasalgaon (Vinchur),14,215.1,160.7,1.339,70,false
2025-10-12,onion,Lasalgaon (Vinchur),21,231.6,188.3,1.23,63,false
2025-10-12,onion,Nasik,1,98.7,86.0,1.147,82,false
2025-10-12,onion,Nasik,2,116.7,106.4,1.096,89,false
2025-10-12,onion,Nasik,3,133.4,126.6,1.054,88,false
2025-10-12,onion,Nasik,7,166.8,166.2,1.004,84,false
2025-10-12,onion,Nasik,14,228.5,211.1,1.082,77,false
2025-10-12,onion,Nasik,21,218.7,215.0,1.018,70,false
2025-10-12,onion,Pimpalgaon,1,56.0,44.1,1.272,85,false
2025-10-12,onion,Pimpalgaon,2,65.5,56.8,1.153,88,false
2025-10-12,onion,Pimpalgaon,3,73.9,64.8,1.142,87,false
2025-10-12,onion,Pimpalgaon,7,111.7,99.3,1.125,83,false
2025-10-12,onion,Pimpalgaon,14,177.9,133.0,1.338,76,false
2025-10-12,onion,Pimpalgaon,21,202.8,150.0,1.352,69,false
2025-10-12,onion,Pune,1,440.0,459.5,0.958,84,false
2025-10-12,onion,Pune,2,421.8,435.4,0.969,89,false
2025-10-12,onion,Pune,3,431.3,444.9,0.97,88,false
2025-10-12,onion,Pune,7,461.1,477.4,0.966,84,false
2025-10-12,onion,Pune,14,546.5,533.1,1.025,77,false
2025-10-12,onion,Pune,21,595.6,595.0,1.001,70,false
2025-10-12,onion,Solapur,1,62.2,58.7,1.061,75,false
2025-10-12,onion,Solapur,2,73.8,71.4,1.033,84,false
2025-10-12,onion,Solapur,3,89.8,85.5,1.05,83,false
2025-10-12,onion,Solapur,7,137.2,122.8,1.117,79,false
2025-10-12,onion,Solapur,14,141.8,109.0,1.3,72,false
2025-10-12,onion,Solapur,21,114.5,106.9,1.071,65,false
2025-10-12,soybean,Akola,1,73.6,84.4,0.871,81,true
2025-10-12,soybean,Akola,2,77.8,75.5,1.031,86,false
2025-10-12,soybean,Akola,3,84.2,79.2,1.064,85,false
2025-10-12,soybean,Akola,7,126.8,116.9,1.085,81,false
2025-10-12,soybean,Akola,14,188.8,174.9,1.079,74,false
2025-10-12,soybean,Akola,21,231.0,220.4,1.048,67,false
2025-10-12,soybean,Amarawati,1,68.7,57.8,1.189,81,false
2025-10-12,soybean,Amarawati,2,78.7,59.9,1.315,86,false
2025-10-12,soybean,Amarawati,3,90.4,73.5,1.23,85,false
2025-10-12,soybean,Amarawati,7,129.7,108.5,1.195,81,false
2025-10-12,soybean,Amarawati,14,180.8,167.4,1.08,74,false
2025-10-12,soybean,Amarawati,21,208.2,207.0,1.006,67,false
2025-10-12,soybean,Latur,1,71.1,59.2,1.2,52,false
2025-10-12,soybean,Latur,2,75.9,61.2,1.239,64,false
2025-10-12,soybean,Latur,3,92.2,76.5,1.205,63,false
2025-10-12,soybean,Latur,7,137.3,119.0,1.154,59,false
2025-10-12,soybean,Latur,14,190.2,173.8,1.094,52,false
2025-10-12,soybean,Latur,21,214.6,189.1,1.135,45,false
2025-10-12,soybean,Nagpur,1,90.9,91.3,0.996,66,false
2025-10-12,soybean,Nagpur,2,99.6,98.3,1.013,77,false
2025-10-12,soybean,Nagpur,3,107.3,103.3,1.038,76,false
2025-10-12,soybean,Nagpur,7,146.0,133.0,1.097,72,false
2025-10-12,soybean,Nagpur,14,218.7,202.8,1.079,65,false
2025-10-12,soybean,Nagpur,21,262.6,259.2,1.013,58,false
2025-10-12,soybean,Washim,1,91.1,84.2,1.081,57,false
2025-10-12,soybean,Washim,2,92.6,92.4,1.003,72,false
2025-10-12,soybean,Washim,3,99.4,103.5,0.96,71,false
2025-10-12,soybean,Washim,7,133.2,130.1,1.023,68,false
2025-10-12,soybean,Washim,14,204.1,199.2,1.025,63,false
2025-10-12,soybean,Washim,21,264.9,277.7,0.954,56,false
2025-10-12,tomato,Junnar (Narayangaon),1,320.4,306.2,1.046,80,false
2025-10-12,tomato,Junnar (Narayangaon),2,388.6,404.8,0.96,84,false
2025-10-12,tomato,Junnar (Narayangaon),3,426.6,488.0,0.874,83,true
2025-10-12,tomato,Junnar (Narayangaon),7,548.6,594.9,0.922,79,true
2025-10-12,tomato,Junnar (Narayangaon),14,699.3,934.0,0.749,72,true
2025-10-12,tomato,Junnar (Narayangaon),21,794.7,1119.2,0.71,65,true
2025-10-12,tomato,Nasik,1,222.5,203.4,1.094,89,false
2025-10-12,tomato,Nasik,2,278.1,266.9,1.042,89,false
2025-10-12,tomato,Nasik,3,299.7,288.6,1.038,88,false
2025-10-12,tomato,Nasik,7,419.0,422.3,0.992,84,false
2025-10-12,tomato,Nasik,14,595.2,636.4,0.935,77,true
2025-10-12,tomato,Nasik,21,679.6,778.6,0.873,70,true
2025-10-12,tomato,Pimpalgaon,1,385.3,338.4,1.139,89,false
2025-10-12,tomato,Pimpalgaon,2,481.5,470.3,1.024,89,false
2025-10-12,tomato,Pimpalgaon,3,541.5,555.1,0.976,88,false
2025-10-12,tomato,Pimpalgaon,7,688.6,779.6,0.883,84,true
2025-10-12,tomato,Pimpalgaon,14,662.9,958.6,0.692,77,true
2025-10-12,tomato,Pimpalgaon,21,667.7,1202.6,0.555,70,true
2025-10-12,tomato,Pune,1,272.9,249.4,1.094,87,false
2025-10-12,tomato,Pune,2,332.0,329.2,1.009,89,false
2025-10-12,tomato,Pune,3,377.1,385.8,0.978,88,false
2025-10-12,tomato,Pune,7,471.2,489.9,0.962,84,false
2025-10-12,tomato,Pune,14,523.4,598.7,0.874,77,true
2025-10-12,tomato,Pune,21,529.5,687.9,0.77,70,true
2025-10-12,tomato,Pune (Pimpri),1,285.2,306.7,0.93,90,true
2025-10-12,tomato,Pune (Pimpri),2,317.2,347.2,0.914,89,true
2025-10-12,tomato,Pune (Pimpri),3,347.7,383.5,0.907,88,true
2025-10-12,tomato,Pune (Pimpri),7,454.8,464.9,0.978,84,false
2025-10-12,tomato,Pune (Pimpri),14,606.7,721.4,0.841,77,true
2025-10-12,tomato,Pune (Pimpri),21,669.4,832.1,0.804,70,true
2025-10-15,onion,Lasalgaon,1,64.6,47.3,1.367,76,false
2025-10-15,onion,Lasalgaon,2,74.1,59.8,1.24,81,false
2025-10-15,onion,Lasalgaon,3,87.6,71.3,1.229,80,false
2025-10-15,onion,Lasalgaon,7,150.2,107.8,1.393,76,false
2025-10-15,onion,Lasalgaon,14,259.7,167.3,1.553,69,false
2025-10-15,onion,Lasalgaon,21,284.8,187.5,1.519,62,false
2025-10-15,onion,Lasalgaon (Niphad),1,59.1,46.5,1.273,76,false
2025-10-15,onion,Lasalgaon (Niphad),2,70.6,59.5,1.186,84,false
2025-10-15,onion,Lasalgaon (Niphad),3,85.1,71.1,1.198,83,false
2025-10-15,onion,Lasalgaon (Niphad),7,131.2,92.0,1.425,79,false
2025-10-15,onion,Lasalgaon (Niphad),14,224.8,139.0,1.617,73,false
2025-10-15,onion,Lasalgaon (Niphad),21,257.9,181.1,1.424,66,false
2025-10-15,onion,Lasalgaon (Vinchur),1,49.8,37.1,1.343,74,false
2025-10-15,onion,Lasalgaon (Vinchur),2,61.8,51.7,1.196,81,false
2025-10-15,onion,Lasalgaon (Vinchur),3,76.7,63.4,1.211,80,false
2025-10-15,onion,Lasalgaon (Vinchur),7,137.8,101.8,1.353,76,false
2025-10-15,onion,Lasalgaon (Vinchur),14,227.8,156.4,1.457,70,false
2025-10-15,onion,Lasalgaon (Vinchur),21,245.8,181.5,1.354,63,false
2025-10-15,onion,Nasik,1,96.0,82.0,1.17,83,false
2025-10-15,onion,Nasik,2,110.7,99.7,1.111,89,false
2025-10-15,onion,Nasik,3,126.5,117.5,1.076,88,false
2025-10-15,onion,Nasik,7,174.2,170.0,1.025,84,false
2025-10-15,onion,Nasik,14,231.8,202.5,1.145,77,false
2025-10-15,onion,Nasik,21,226.0,205.9,1.098,70,false
2025-10-15,onion,Pimpalgaon,1,55.5,43.8,1.266,86,false
2025-10-15,onion,Pimpalgaon,2,64.3,56.1,1.146,89,false
2025-10-15,onion,Pimpalgaon,3,72.9,63.2,1.154,88,false
2025-10-15,onion,Pimpalgaon,7,122.2,101.7,1.202,84,false
2025-10-15,onion,Pimpalgaon,14,200.9,136.5,1.472,77,false
2025-10-15,onion,Pimpalgaon,21,229.4,150.0,1.529,70,false
2025-10-15,onion,Pune,1,335.6,340.5,0.986,84,false
2025-10-15,onion,Pune,2,323.3,324.2,0.997,89,false
2025-10-15,onion,Pune,3,332.4,331.8,1.002,88,false
2025-10-15,onion,Pune,7,367.5,361.9,1.015,84,false
2025-10-15,onion,Pune,14,452.5,406.5,1.113,77,false
2025-10-15,onion,Pune,21,494.8,451.4,1.096,70,false
2025-10-15,onion,Solapur,1,63.6,60.0,1.06,75,false
2025-10-15,onion,Solapur,2,74.9,72.0,1.04,84,false
2025-10-15,onion,Solapur,3,91.2,86.1,1.059,83,false
2025-10-15,onion,Solapur,7,143.3,124.1,1.155,79,false
2025-10-15,onion,Solapur,14,160.0,113.9,1.405,72,false
2025-10-15,onion,Solapur,21,137.5,109.2,1.259,65,false
2025-10-15,soybean,Akola,1,74.5,83.4,0.894,82,true
2025-10-15,soybean,Akola,2,79.2,75.8,1.044,87,false
2025-10-15,soybean,Akola,3,86.4,81.9,1.055,86,false
2025-10-15,soybean,Akola,7,130.4,117.4,1.111,82,false
2025-10-15,soybean,Akola,14,187.9,179.5,1.047,75,false
2025-10-15,soybean,Akola,21,213.0,205.4,1.037,68,false
2025-10-15,soybean,Amarawati,1,81.0,63.4,1.278,82,false
2025-10-15,soybean,Amarawati,2,91.1,67.3,1.353,87,false
2025-10-15,soybean,Amarawati,3,103.2,80.5,1.283,86,false
2025-10-15,soybean,Amarawati,7,146.0,121.9,1.198,82,false
2025-10-15,soybean,Amarawati,14,190.2,178.3,1.067,75,false
2025-10-15,soybean,Amarawati,21,215.9,210.3,1.027,68,false
2025-10-15,soybean,Latur,1,72.8,58.7,1.241,53,false
2025-10-15,soybean,Latur,2,78.4,64.3,1.219,65,false
2025-10-15,soybean,Latur,3,91.9,77.0,1.193,64,false
2025-10-15,soybean,Latur,7,134.3,118.3,1.135,60,false
2025-10-15,soybean,Latur,14,179.9,173.0,1.04,53,false
2025-10-15,soybean,Latur,21,187.7,166.5,1.127,46,false
2025-10-15,soybean,Nagpur,1,98.7,96.3,1.025,67,false
2025-10-15,soybean,Nagpur,2,107.4,102.7,1.045,78,false
2025-10-15,soybean,Nagpur,3,116.4,108.8,1.071,77,false
2025-10-15,soybean,Nagpur,7,150.6,137.8,1.093,73,false
2025-10-15,soybean,Nagpur,14,226.3,213.7,1.059,66,false
2025-10-15,soybean,Nagpur,21,256.0,240.9,1.063,59,false
2025-10-15,soybean,Washim,1,94.0,90.5,1.039,57,false
2025-10-15,soybean,Washim,2,96.4,101.5,0.95,72,true
2025-10-15,soybean,Washim,3,102.1,111.2,0.917,72,true
2025-10-15,soybean,Washim,7,135.6,131.8,1.029,68,false
2025-10-15,soybean,Washim,14,199.5,190.6,1.047,63,false
2025-10-15,soybean,Washim,21,255.7,270.7,0.944,56,true
2025-10-15,tomato,Junnar (Narayangaon),1,321.3,308.6,1.041,81,false
2025-10-15,tomato,Junnar (Narayangaon),2,389.9,405.9,0.961,85,false
2025-10-15,tomato,Junnar (Narayangaon),3,426.7,488.1,0.874,84,true
2025-10-15,tomato,Junnar (Narayangaon),7,529.8,575.0,0.921,80,true
2025-10-15,tomato,Junnar (Narayangaon),14,653.1,866.4,0.754,73,true
2025-10-15,tomato,Junnar (Narayangaon),21,737.6,1049.2,0.703,66,true
2025-10-15,tomato,Nasik,1,220.4,201.0,1.097,89,false
2025-10-15,tomato,Nasik,2,277.5,266.6,1.041,89,false
2025-10-15,tomato,Nasik,3,300.3,291.8,1.029,88,false
2025-10-15,tomato,Nasik,7,415.7,417.2,0.996,84,false
2025-10-15,tomato,Nasik,14,544.7,585.6,0.93,77,true
2025-10-15,tomato,Nasik,21,637.3,734.4,0.868,70,true
2025-10-15,tomato,Pimpalgaon,1,386.4,336.7,1.148,89,false
2025-10-15,tomato,Pimpalgaon,2,479.3,466.9,1.026,89,false
2025-10-15,tomato,Pimpalgaon,3,535.9,552.2,0.971,88,false
2025-10-15,tomato,Pimpalgaon,7,656.8,750.4,0.875,84,true
2025-10-15,tomato,Pimpalgaon,14,578.5,864.0,0.67,77,true
2025-10-15,tomato,Pimpalgaon,21,580.8,1109.1,0.524,70,true
2025-10-15,tomato,Pune,1,267.9,248.3,1.079,87,false
2025-10-15,tomato,Pune,2,327.7,323.6,1.013,89,false
2025-10-15,tomato,Pune,3,374.3,383.0,0.977,88,false
2025-10-15,tomato,Pune,7,469.4,477.4,0.983,84,false
2025-10-15,tomato,Pune,14,472.2,530.5,0.89,77,true
2025-10-15,tomato,Pune,21,485.8,629.3,0.772,70,true
2025-10-15,tomato,Pune (Pimpri),1,283.6,302.2,0.938,90,true
2025-10-15,tomato,Pune (Pimpri),2,314.7,341.6,0.921,89,true
2025-10-15,tomato,Pune (Pimpri),3,349.9,381.8,0.916,88,true
2025-10-15,tomato,Pune (Pimpri),7,446.8,451.2,0.99,84,false
2025-10-15,tomato,Pune (Pimpri),14,533.2,636.4,0.838,77,true
2025-10-15,tomato,Pune (Pimpri),21,606.3,770.7,0.787,70,true
2025-10-18,onion,Lasalgaon,1,64.6,47.2,1.369,74,false
2025-10-18,onion,Lasalgaon,2,73.6,59.2,1.243,80,false
2025-10-18,onion,Lasalgaon,3,88.4,70.8,1.249,79,false
2025-10-18,onion,Lasalgaon,7,155.2,108.4,1.432,75,false
2025-10-18,onion,Lasalgaon,14,272.1,170.0,1.6,68,false
2025-10-18,onion,Lasalgaon,21,300.3,188.3,1.595,62,false
2025-10-18,onion,Lasalgaon (Niphad),1,59.3,46.5,1.277,75,false
2025-10-18,onion,Lasalgaon (Niphad),2,71.0,59.5,1.193,84,false
2025-10-18,onion,Lasalgaon (Niphad),3,85.8,72.0,1.192,83,false
2025-10-18,onion,Lasalgaon (Niphad),7,131.2,91.2,1.439,80,false
2025-10-18,onion,Lasalgaon (Niphad),14,237.8,140.9,1.687,73,false
2025-10-18,onion,Lasalgaon (Niphad),21,274.8,176.3,1.559,67,false
2025-10-18,onion,Lasalgaon (Vinchur),1,50.8,37.8,1.346,72,false
2025-10-18,onion,Lasalgaon (Vinchur),2,63.8,53.3,1.196,78,false
2025-10-18,onion,Lasalgaon (Vinchur),3,79.1,65.2,1.213,77,false
2025-10-18,onion,Lasalgaon (Vinchur),7,141.2,104.3,1.354,74,false
2025-10-18,onion,Lasalgaon (Vinchur),14,231.9,158.1,1.466,67,false
2025-10-18,onion,Lasalgaon (Vinchur),21,248.4,182.8,1.359,61,false
2025-10-18,onion,Nasik,1,92.1,77.9,1.182,83,false
2025-10-18,onion,Nasik,2,106.8,93.9,1.137,89,false
2025-10-18,onion,Nasik,3,123.3,111.0,1.11,88,false
2025-10-18,onion,Nasik,7,173.7,169.3,1.026,84,false
2025-10-18,onion,Nasik,14,237.9,206.4,1.153,77,false
2025-10-18,onion,Nasik,21,240.4,210.8,1.141,70,false
2025-10-18,onion,Pimpalgaon,1,54.8,42.9,1.278,85,false
2025-10-18,onion,Pimpalgaon,2,63.4,55.3,1.147,89,false
2025-10-18,onion,Pimpalgaon,3,72.4,62.0,1.167,88,false
2025-10-18,onion,Pimpalgaon,7,124.2,98.7,1.259,84,false
2025-10-18,onion,Pimpalgaon,14,217.3,138.4,1.57,77,false
2025-10-18,onion,Pimpalgaon,21,252.6,150.4,1.68,70,false
2025-10-18,onion,Pune,1,339.6,348.8,0.974,82,false
2025-10-18,onion,Pune,2,325.9,331.6,0.983,87,false
2025-10-18,onion,Pune,3,335.2,339.5,0.987,86,false
2025-10-18,onion,Pune,7,373.1,370.7,1.006,82,false
2025-10-18,onion,Pune,14,463.3,418.0,1.108,75,false
2025-10-18,onion,Pune,21,511.1,464.0,1.102,68,false
2025-10-18,onion,Solapur,1,62.9,58.7,1.072,75,false
2025-10-18,onion,Solapur,2,75.5,71.4,1.056,84,false
2025-10-18,onion,Solapur,3,92.1,86.1,1.069,83,false
2025-10-18,onion,Solapur,7,148.1,124.7,1.187,79,false
2025-10-18,onion,Solapur,14,176.3,116.7,1.511,72,false
2025-10-18,onion,Solapur,21,165.3,114.6,1.442,65,false
2025-10-18,soybean,Akola,1,75.6,84.6,0.894,81,true
2025-10-18,soybean,Akola,2,79.9,77.9,1.026,87,false
2025-10-18,soybean,Akola,3,86.2,82.0,1.052,86,false
2025-10-18,soybean,Akola,7,129.4,116.6,1.11,82,false
2025-10-18,soybean,Akola,14,179.0,173.1,1.035,75,false
2025-10-18,soybean,Akola,21,195.4,188.5,1.036,68,false
2025-10-18,soybean,Amarawati,1,83.2,64.8,1.284,81,false
2025-10-18,soybean,Amarawati,2,92.9,68.3,1.361,87,false
2025-10-18,soybean,Amarawati,3,104.6,83.4,1.254,86,false
2025-10-18,soybean,Amarawati,7,150.5,121.6,1.237,82,false
2025-10-18,soybean,Amarawati,14,190.5,181.1,1.052,75,false
2025-10-18,soybean,Amarawati,21,208.0,203.9,1.02,68,false
2025-10-18,soybean,Latur,1,72.3,59.6,1.212,51,false
2025-10-18,soybean,Latur,2,78.2,64.6,1.21,63,false
2025-10-18,soybean,Latur,3,93.6,80.6,1.161,62,false
2025-10-18,soybean,Latur,7,137.9,125.0,1.103,58,false
2025-10-18,soybean,Latur,14,171.6,171.2,1.002,51,false
2025-10-18,soybean,Latur,21,169.0,155.0,1.09,44,false
2025-10-18,soybean,Nagpur,1,96.3,95.6,1.008,67,false
2025-10-18,soybean,Nagpur,2,105.5,103.4,1.02,78,false
2025-10-18,soybean,Nagpur,3,113.8,109.4,1.04,77,false
2025-10-18,soybean,Nagpur,7,149.7,134.6,1.113,73,false
2025-10-18,soybean,Nagpur,14,217.1,202.5,1.072,66,false
2025-10-18,soybean,Nagpur,21,238.3,224.9,1.059,59,false
2025-10-18,soybean,Washim,1,93.6,89.6,1.044,57,false
2025-10-18,soybean,Washim,2,95.2,99.6,0.956,72,false
2025-10-18,soybean,Washim,3,102.0,110.3,0.925,71,true
2025-10-18,soybean,Washim,7,137.0,135.9,1.008,69,false
2025-10-18,soybean,Washim,14,192.0,179.5,1.069,62,false
2025-10-18,soybean,Washim,21,245.9,262.1,0.938,56,true
2025-10-18,tomato,Junnar (Narayangaon),1,324.7,313.3,1.036,79,false
2025-10-18,tomato,Junnar (Narayangaon),2,386.8,404.8,0.956,84,false
2025-10-18,tomato,Junnar (Narayangaon),3,420.7,484.9,0.868,83,true
2025-10-18,tomato,Junnar (Narayangaon),7,498.9,550.6,0.906,79,true
2025-10-18,tomato,Junnar (Narayangaon),14,618.1,833.3,0.742,72,true
2025-10-18,tomato,Junnar (Narayangaon),21,681.0,1003.8,0.678,65,true
2025-10-18,tomato,Nasik,1,223.6,204.8,1.092,87,false
2025-10-18,tomato,Nasik,2,277.7,267.9,1.036,88,false
2025-10-18,tomato,Nasik,3,296.7,289.8,1.024,87,false
2025-10-18,tomato,Nasik,7,400.7,410.2,0.977,83,false
2025-10-18,tomato,Nasik,14,522.0,564.4,0.925,76,true
2025-10-18,tomato,Nasik,21,596.8,700.8,0.852,69,true
2025-10-18,tomato,Pimpalgaon,1,387.8,340.4,1.139,87,false
2025-10-18,tomato,Pimpalgaon,2,471.6,462.6,1.02,88,false
2025-10-18,tomato,Pimpalgaon,3,521.4,540.7,0.964,87,false
2025-10-18,tomato,Pimpalgaon,7,586.8,692.0,0.848,83,true
2025-10-18,tomato,Pimpalgaon,14,507.9,793.7,0.64,76,true
2025-10-18,tomato,Pimpalgaon,21,520.2,1053.1,0.494,69,true
2025-10-18,tomato,Pune,1,273.8,252.9,1.082,85,false
2025-10-18,tomato,Pune,2,329.2,322.7,1.02,88,false
2025-10-18,tomato,Pune,3,371.3,377.0,0.985,87,false
2025-10-18,tomato,Pune,7,438.5,438.0,1.001,83,false
2025-10-18,tomato,Pune,14,445.3,494.7,0.9,76,true
2025-10-18,tomato,Pune,21,437.2,576.1,0.759,69,true
2025-10-18,tomato,Pune (Pimpri),1,285.0,305.0,0.935,90,true
2025-10-18,tomato,Pune (Pimpri),2,317.9,346.6,0.917,89,true
2025-10-18,tomato,Pune (Pimpri),3,346.0,377.3,0.917,88,true
2025-10-18,tomato,Pune (Pimpri),7,415.6,416.7,0.997,84,false
2025-10-18,tomato,Pune (Pimpri),14,488.4,591.6,0.826,77,true
2025-10-18,tomato,Pune (Pimpri),21,565.2,727.9,0.776,70,true
2025-10-21,onion,Lasalgaon,1,65.9,47.1,1.399,71,false
2025-10-21,onion,Lasalgaon,2,75.1,59.5,1.261,77,false
2025-10-21,onion,Lasalgaon,3,90.5,71.6,1.264,76,false
2025-10-21,onion,Lasalgaon,7,155.8,107.7,1.447,72,false
2025-10-21,onion,Lasalgaon,14,276.9,171.6,1.614,65,false
2025-10-21,onion,Lasalgaon,21,311.7,195.4,1.596,59,false
2025-10-21,onion,Lasalgaon (Niphad),1,60.3,47.0,1.284,72,false
2025-10-21,onion,Lasalgaon (Niphad),2,71.3,59.6,1.197,82,false
2025-10-21,onion,Lasalgaon (Niphad),3,86.1,71.9,1.198,81,false
2025-10-21,onion,Lasalgaon (Niphad),7,134.2,93.8,1.43,78,false
2025-10-21,onion,Lasalgaon (Niphad),14,247.7,145.6,1.701,71,false
2025-10-21,onion,Lasalgaon (Niphad),21,288.5,180.1,1.601,65,false
2025-10-21,onion,Lasalgaon (Vinchur),1,52.4,39.0,1.345,69,false
2025-10-21,onion,Lasalgaon (Vinchur),2,65.4,54.4,1.202,75,false
2025-10-21,onion,Lasalgaon (Vinchur),3,81.7,67.1,1.218,74,false
2025-10-21,onion,Lasalgaon (Vinchur),7,143.0,104.8,1.364,71,false
2025-10-21,onion,Lasalgaon (Vinchur),14,237.0,160.9,1.473,64,false
2025-10-21,onion,Lasalgaon (Vinchur),21,256.9,189.4,1.357,58,false
2025-10-21,onion,Nasik,1,90.1,74.2,1.214,80,false
2025-10-21,onion,Nasik,2,103.6,89.9,1.153,87,false
2025-10-21,onion,Nasik,3,119.2,108.5,1.098,86,false
2025-10-21,onion,Nasik,7,174.4,169.1,1.031,82,false
2025-10-21,onion,Nasik,14,241.7,209.6,1.153,75,false
2025-10-21,onion,Nasik,21,247.3,213.3,1.159,68,false
2025-10-21,onion,Pimpalgaon,1,54.8,42.6,1.285,82,false
2025-10-21,onion,Pimpalgaon,2,62.5,54.3,1.151,86,false
2025-10-21,onion,Pimpalgaon,3,71.5,61.0,1.172,85,false
2025-10-21,onion,Pimpalgaon,7,127.1,100.9,1.259,81,false
2025-10-21,onion,Pimpalgaon,14,224.6,143.4,1.566,74,false
2025-10-21,onion,Pimpalgaon,21,260.2,153.0,1.701,67,false
2025-10-21,onion,Pune,1,341.1,354.3,0.963,81,false
2025-10-21,onion,Pune,2,327.3,336.6,0.972,86,false
2025-10-21,onion,Pune,3,336.6,344.7,0.977,85,false
2025-10-21,onion,Pune,7,374.6,375.9,0.996,81,false
2025-10-21,onion,Pune,14,470.0,420.9,1.117,74,false
2025-10-21,onion,Pune,21,525.9,469.4,1.12,67,false
2025-10-21,onion,Solapur,1,63.6,59.7,1.065,72,false
2025-10-21,onion,Solapur,2,75.7,70.7,1.07,82,false
2025-10-21,onion,Solapur,3,93.5,86.4,1.082,81,false
2025-10-21,onion,Solapur,7,152.9,129.2,1.183,77,false
2025-10-21,onion,Solapur,14,183.5,117.1,1.567,70,false
2025-10-21,onion,Solapur,21,176.5,117.5,1.502,63,false
2025-10-21,soybean,Akola,1,76.8,85.6,0.898,78,true
2025-10-21,soybean,Akola,2,80.6,78.6,1.026,84,false
2025-10-21,soybean,Akola,3,88.0,84.6,1.04,83,false
2025-10-21,soybean,Akola,7,130.9,119.0,1.1,79,false
2025-10-21,soybean,Akola,14,171.5,167.4,1.025,72,false
2025-10-21,soybean,Akola,21,186.4,182.2,1.023,65,false
2025-10-21,soybean,Amarawati,1,84.5,65.8,1.284,78,false
2025-10-21,soybean,Amarawati,2,95.0,69.9,1.36,84,false
2025-10-21,soybean,Amarawati,3,106.5,84.7,1.257,83,false
2025-10-21,soybean,Amarawati,7,149.4,120.9,1.236,79,false
2025-10-21,soybean,Amarawati,14,189.1,180.9,1.045,72,false
2025-10-21,soybean,Amarawati,21,199.8,197.9,1.01,65,false
2025-10-21,soybean,Latur,1,72.3,60.8,1.188,49,false
2025-10-21,soybean,Latur,2,79.6,66.3,1.2,60,false
2025-10-21,soybean,Latur,3,96.3,83.7,1.15,59,false
2025-10-21,soybean,Latur,7,139.6,128.9,1.083,55,false
2025-10-21,soybean,Latur,14,159.5,162.9,0.979,48,false
2025-10-21,soybean,Latur,21,152.9,143.7,1.065,41,false
2025-10-21,soybean,Nagpur,1,95.6,96.5,0.991,66,false
2025-10-21,soybean,Nagpur,2,103.8,103.8,1.0,78,false
2025-10-21,soybean,Nagpur,3,114.0,112.4,1.015,77,false
2025-10-21,soybean,Nagpur,7,149.0,140.9,1.058,73,false
2025-10-21,soybean,Nagpur,14,204.4,193.6,1.056,66,false
2025-10-21,soybean,Nagpur,21,218.4,213.7,1.022,60,false
2025-10-21,soybean,Washim,1,94.3,89.1,1.059,54,false
2025-10-21,soybean,Washim,2,96.4,98.8,0.975,69,false
2025-10-21,soybean,Washim,3,104.1,111.3,0.936,69,true
2025-10-21,soybean,Washim,7,137.1,135.3,1.013,66,false
2025-10-21,soybean,Washim,14,191.8,178.5,1.074,59,false
2025-10-21,soybean,Washim,21,235.7,252.5,0.934,53,true
2025-10-21,tomato,Junnar (Narayangaon),1,327.3,322.4,1.015,76,false
2025-10-21,tomato,Junnar (Narayangaon),2,391.5,416.7,0.94,81,true
2025-10-21,tomato,Junnar (Narayangaon),3,426.5,500.0,0.853,80,true
2025-10-21,tomato,Junnar (Narayangaon),7,449.7,509.9,0.882,76,true
2025-10-21,tomato,Junnar (Narayangaon),14,575.4,808.0,0.712,69,true
2025-10-21,tomato,Junnar (Narayangaon),21,667.7,1016.1,0.657,62,true
2025-10-21,tomato,Nasik,1,226.0,210.9,1.071,84,false
2025-10-21,tomato,Nasik,2,280.8,275.0,1.021,85,false
2025-10-21,tomato,Nasik,3,293.7,291.2,1.009,84,false
2025-10-21,tomato,Nasik,7,365.6,381.2,0.959,80,false
2025-10-21,tomato,Nasik,14,498.8,550.6,0.906,73,true
2025-10-21,tomato,Nasik,21,576.0,692.9,0.831,66,true
2025-10-21,tomato,Pimpalgaon,1,386.0,346.6,1.114,84,false
2025-10-21,tomato,Pimpalgaon,2,466.9,467.1,0.999,85,false
2025-10-21,tomato,Pimpalgaon,3,494.1,524.3,0.942,84,true
2025-10-21,tomato,Pimpalgaon,7,539.7,658.6,0.819,80,true
2025-10-21,tomato,Pimpalgaon,14,448.6,758.2,0.592,73,true
2025-10-21,tomato,Pimpalgaon,21,495.3,1065.4,0.465,66,true
2025-10-21,tomato,Pune,1,259.8,241.9,1.074,86,false
2025-10-21,tomato,Pune,2,309.1,306.2,1.01,89,false
2025-10-21,tomato,Pune,3,344.4,354.0,0.973,88,false
2025-10-21,tomato,Pune,7,377.0,373.2,1.01,84,false
2025-10-21,tomato,Pune,14,405.8,443.5,0.915,77,true
2025-10-21,tomato,Pune,21,408.0,535.7,0.762,70,true
2025-10-21,tomato,Pune (Pimpri),1,285.3,311.8,0.915,89,true
2025-10-21,tomato,Pune (Pimpri),2,310.6,345.5,0.899,89,true
2025-10-21,tomato,Pune (Pimpri),3,323.3,356.8,0.906,88,true
2025-10-21,tomato,Pune (Pimpri),7,363.9,367.9,0.989,84,false
2025-10-21,tomato,Pune (Pimpri),14,428.8,533.8,0.803,77,true
2025-10-21,tomato,Pune (Pimpri),21,530.8,692.9,0.766,70,true
2025-10-24,onion,Lasalgaon,1,66.5,47.0,1.414,69,false
2025-10-24,onion,Lasalgaon,2,75.0,59.2,1.266,74,false
2025-10-24,onion,Lasalgaon,3,90.0,70.8,1.272,73,false
2025-10-24,onion,Lasalgaon,7,157.9,108.5,1.455,69,false
2025-10-24,onion,Lasalgaon,14,285.9,177.2,1.614,62,false
2025-10-24,onion,Lasalgaon,21,318.1,193.3,1.646,56,false
2025-10-24,onion,Lasalgaon (Niphad),1,61.1,47.5,1.287,71,false
2025-10-24,onion,Lasalgaon (Niphad),2,72.9,60.4,1.206,80,false
2025-10-24,onion,Lasalgaon (Niphad),3,87.9,72.7,1.209,79,false
2025-10-24,onion,Lasalgaon (Niphad),7,138.4,97.2,1.423,75,false
2025-10-24,onion,Lasalgaon (Niphad),14,254.4,150.5,1.69,68,false
2025-10-24,onion,Lasalgaon (Niphad),21,291.2,174.3,1.671,62,false
2025-10-24,onion,Lasalgaon (Vinchur),1,52.9,39.1,1.351,68,false
2025-10-24,onion,Lasalgaon (Vinchur),2,65.5,54.1,1.21,73,false
2025-10-24,onion,Lasalgaon (Vinchur),3,81.3,66.2,1.228,72,false
2025-10-24,onion,Lasalgaon (Vinchur),7,144.5,105.0,1.376,68,false
2025-10-24,onion,Lasalgaon (Vinchur),14,241.4,163.0,1.482,61,false
2025-10-24,onion,Lasalgaon (Vinchur),21,260.4,187.4,1.39,55,false
2025-10-24,onion,Nasik,1,88.4,73.6,1.202,78,false
2025-10-24,onion,Nasik,2,102.8,88.7,1.159,84,false
2025-10-24,onion,Nasik,3,120.1,106.6,1.127,83,false
2025-10-24,onion,Nasik,7,172.9,171.2,1.01,79,false
2025-10-24,onion,Nasik,14,244.5,215.5,1.135,72,false
2025-10-24,onion,Nasik,21,248.5,205.8,1.208,65,false
2025-10-24,onion,Pimpalgaon,1,56.2,43.6,1.289,79,false
2025-10-24,onion,Pimpalgaon,2,64.0,54.7,1.171,83,false
2025-10-24,onion,Pimpalgaon,3,73.0,61.0,1.197,82,false
2025-10-24,onion,Pimpalgaon,7,130.9,103.5,1.265,78,false
2025-10-24,onion,Pimpalgaon,14,233.1,147.3,1.582,71,false
2025-10-24,onion,Pimpalgaon,21,260.9,145.7,1.79,64,false
2025-10-24,onion,Pune,1,353.6,367.9,0.961,78,false
2025-10-24,onion,Pune,2,334.5,345.2,0.969,84,false
2025-10-24,onion,Pune,3,344.3,353.6,0.974,83,false
2025-10-24,onion,Pune,7,383.1,386.1,0.992,79,false
2025-10-24,onion,Pune,14,482.9,431.2,1.12,72,false
2025-10-24,onion,Pune,21,546.3,480.8,1.136,65,false
2025-10-24,onion,Solapur,1,64.0,60.0,1.067,70,false
2025-10-24,onion,Solapur,2,76.2,70.9,1.075,79,false
2025-10-24,onion,Solapur,3,94.7,87.2,1.087,78,false
2025-10-24,onion,Solapur,7,157.6,132.4,1.19,74,false
2025-10-24,onion,Solapur,14,187.0,118.7,1.576,67,false
2025-10-24,onion,Solapur,21,176.8,113.3,1.56,60,false
2025-10-24,soybean,Akola,1,76.8,86.3,0.889,78,true
2025-10-24,soybean,Akola,2,80.7,79.9,1.009,83,false
2025-10-24,soybean,Akola,3,87.5,86.1,1.016,82,false
2025-10-24,soybean,Akola,7,126.9,118.7,1.069,78,false
2025-10-24,soybean,Akola,14,157.8,155.2,1.017,71,false
2025-10-24,soybean,Akola,21,173.7,173.4,1.002,64,false
2025-10-24,soybean,Amarawati,1,85.7,66.1,1.297,76,false
2025-10-24,soybean,Amarawati,2,95.8,70.5,1.359,81,false
2025-10-24,soybean,Amarawati,3,106.4,84.6,1.258,80,false
2025-10-24,soybean,Amarawati,7,147.3,118.7,1.24,76,false
2025-10-24,soybean,Amarawati,14,181.7,174.4,1.042,69,false
2025-10-24,soybean,Amarawati,21,193.7,193.8,1.0,62,false
2025-10-24,soybean,Latur,1,75.1,62.1,1.209,47,false
2025-10-24,soybean,Latur,2,82.7,68.2,1.211,57,false
2025-10-24,soybean,Latur,3,99.8,87.1,1.145,56,false
2025-10-24,soybean,Latur,7,134.9,126.2,1.07,52,false
2025-10-24,soybean,Latur,14,146.0,153.1,0.954,45,false
2025-10-24,soybean,Latur,21,147.1,142.4,1.033,38,false
2025-10-24,soybean,Nagpur,1,96.5,97.7,0.988,64,false
2025-10-24,soybean,Nagpur,2,105.9,106.6,0.993,75,false
2025-10-24,soybean,Nagpur,3,116.5,115.5,1.009,74,false
2025-10-24,soybean,Nagpur,7,148.9,141.9,1.049,70,false
2025-10-24,soybean,Nagpur,14,195.5,186.1,1.051,63,false
2025-10-24,soybean,Nagpur,21,207.4,205.1,1.011,57,false
2025-10-24,soybean,Washim,1,94.3,89.1,1.059,54,false
2025-10-24,soybean,Washim,2,97.1,100.3,0.968,68,false
2025-10-24,soybean,Washim,3,105.9,114.6,0.924,67,true
2025-10-24,soybean,Washim,7,128.8,125.1,1.03,63,false
2025-10-24,soybean,Washim,14,181.2,164.8,1.1,56,false
2025-10-24,soybean,Washim,21,228.9,243.6,0.94,50,true
2025-10-24,tomato,Junnar (Narayangaon),1,312.1,310.8,1.004,74,false
2025-10-24,tomato,Junnar (Narayangaon),2,363.7,394.2,0.923,78,true
2025-10-24,tomato,Junnar (Narayangaon),3,379.8,461.0,0.824,77,true
2025-10-24,tomato,Junnar (Narayangaon),7,436.5,503.4,0.867,73,true
2025-10-24,tomato,Junnar (Narayangaon),14,550.5,799.2,0.689,66,true
2025-10-24,tomato,Junnar (Narayangaon),21,669.6,1042.4,0.642,59,true
2025-10-24,tomato,Nasik,1,217.5,205.1,1.06,81,false
2025-10-24,tomato,Nasik,2,260.5,257.6,1.011,82,false
2025-10-24,tomato,Nasik,3,267.1,268.0,0.996,81,false
2025-10-24,tomato,Nasik,7,341.2,362.9,0.94,77,true
2025-10-24,tomato,Nasik,14,480.6,542.1,0.887,70,true
2025-10-24,tomato,Nasik,21,559.8,691.0,0.81,63,true
2025-10-24,tomato,Pimpalgaon,1,348.6,318.5,1.095,82,false
2025-10-24,tomato,Pimpalgaon,2,412.5,429.3,0.961,82,false
2025-10-24,tomato,Pimpalgaon,3,436.5,485.1,0.9,81,true
2025-10-24,tomato,Pimpalgaon,7,485.7,628.4,0.773,77,true
2025-10-24,tomato,Pimpalgaon,14,420.2,765.4,0.549,70,true
2025-10-24,tomato,Pimpalgaon,21,451.9,1074.5,0.421,63,true
2025-10-24,tomato,Pune,1,239.6,231.8,1.034,85,false
2025-10-24,tomato,Pune,2,276.6,285.4,0.969,89,false
2025-10-24,tomato,Pune,3,297.9,318.8,0.935,88,true
2025-10-24,tomato,Pune,7,349.6,354.2,0.987,84,false
2025-10-24,tomato,Pune,14,387.3,431.2,0.898,77,true
2025-10-24,tomato,Pune,21,415.4,547.1,0.759,70,true
2025-10-24,tomato,Pune (Pimpri),1,268.8,297.7,0.903,88,true
2025-10-24,tomato,Pune (Pimpri),2,296.1,327.8,0.903,88,true
2025-10-24,tomato,Pune (Pimpri),3,300.6,344.3,0.873,87,true
2025-10-24,tomato,Pune (Pimpri),7,343.4,361.4,0.95,83,false
2025-10-24,tomato,Pune (Pimpri),14,417.2,536.8,0.777,76,true
2025-10-24,tomato,Pune (Pimpri),21,496.0,671.7,0.738,69,true
2025-10-27,onion,Lasalgaon,1,65.7,46.5,1.414,66,false
2025-10-27,onion,Lasalgaon,2,75.3,59.4,1.269,71,false
2025-10-27,onion,Lasalgaon,3,91.0,72.6,1.254,70,false
2025-10-27,onion,Lasalgaon,7,161.1,112.0,1.439,66,false
2025-10-27,onion,Lasalgaon,14,294.1,181.8,1.618,60,false
2025-10-27,onion,Lasalgaon,21,323.5,187.3,1.727,53,false
2025-10-27,onion,Lasalgaon (Niphad),1,65.7,53.5,1.229,71,false
2025-10-27,onion,Lasalgaon (Niphad),2,77.9,65.9,1.182,79,false
2025-10-27,onion,Lasalgaon (Niphad),3,93.6,78.8,1.188,78,false
2025-10-27,onion,Lasalgaon (Niphad),7,145.8,104.2,1.399,74,false
2025-10-27,onion,Lasalgaon (Niphad),14,254.7,158.5,1.607,68,false
2025-10-27,onion,Lasalgaon (Niphad),21,295.5,169.7,1.741,61,false
2025-10-27,onion,Lasalgaon (Vinchur),1,51.9,37.8,1.371,65,false
2025-10-27,onion,Lasalgaon (Vinchur),2,65.1,53.6,1.215,70,false
2025-10-27,onion,Lasalgaon (Vinchur),3,81.2,65.7,1.235,69,false
2025-10-27,onion,Lasalgaon (Vinchur),7,147.0,106.8,1.377,65,false
2025-10-27,onion,Lasalgaon (Vinchur),14,247.1,166.8,1.482,59,false
2025-10-27,onion,Lasalgaon (Vinchur),21,265.1,184.7,1.435,52,false
2025-10-27,onion,Nasik,1,88.6,71.2,1.245,75,false
2025-10-27,onion,Nasik,2,102.6,87.7,1.17,81,false
2025-10-27,onion,Nasik,3,118.9,107.5,1.106,80,false
2025-10-27,onion,Nasik,7,173.2,175.3,0.988,76,false
2025-10-27,onion,Nasik,14,246.9,221.9,1.112,69,false
2025-10-27,onion,Nasik,21,247.9,193.1,1.283,62,false
2025-10-27,onion,Pimpalgaon,1,58.9,49.7,1.184,78,false
2025-10-27,onion,Pimpalgaon,2,66.9,61.0,1.096,82,false
2025-10-27,onion,Pimpalgaon,3,76.8,67.5,1.138,81,false
2025-10-27,onion,Pimpalgaon,7,137.8,111.1,1.24,77,false
2025-10-27,onion,Pimpalgaon,14,235.7,156.5,1.506,70,false
2025-10-27,onion,Pimpalgaon,21,266.2,140.6,1.894,63,false
2025-10-27,onion,Pune,1,362.7,379.9,0.955,77,false
2025-10-27,onion,Pune,2,342.9,356.0,0.963,83,false
2025-10-27,onion,Pune,3,353.0,364.6,0.968,82,false
2025-10-27,onion,Pune,7,390.6,396.8,0.984,78,false
2025-10-27,onion,Pune,14,494.1,445.8,1.108,71,false
2025-10-27,onion,Pune,21,556.3,491.4,1.132,64,false
2025-10-27,onion,Solapur,1,66.4,62.7,1.059,67,false
2025-10-27,onion,Solapur,2,78.8,73.7,1.069,76,false
2025-10-27,onion,Solapur,3,97.6,90.0,1.084,75,false
2025-10-27,onion,Solapur,7,159.9,133.8,1.195,71,false
2025-10-27,onion,Solapur,14,193.8,121.9,1.59,64,false
2025-10-27,onion,Solapur,21,183.8,117.5,1.564,57,false
2025-10-27,soybean,Akola,1,77.7,87.7,0.886,75,true
2025-10-27,soybean,Akola,2,82.2,81.4,1.009,81,false
2025-10-27,soybean,Akola,3,87.3,86.9,1.005,80,false
2025-10-27,soybean,Akola,7,117.4,111.3,1.054,76,false
2025-10-27,soybean,Akola,14,147.7,147.2,1.003,69,false
2025-10-27,soybean,Akola,21,167.3,172.0,0.972,62,false
2025-10-27,soybean,Amarawati,1,84.1,65.5,1.285,73,false
2025-10-27,soybean,Amarawati,2,94.2,69.6,1.354,78,false
2025-10-27,soybean,Amarawati,3,103.7,82.7,1.253,77,false
2025-10-27,soybean,Amarawati,7,147.0,119.5,1.231,73,false
2025-10-27,soybean,Amarawati,14,176.2,171.1,1.03,66,false
2025-10-27,soybean,Amarawati,21,198.0,198.6,0.997,59,false
2025-10-27,soybean,Latur,1,74.6,62.7,1.189,44,false
2025-10-27,soybean,Latur,2,80.8,67.2,1.202,54,false
2025-10-27,soybean,Latur,3,95.1,83.4,1.141,53,false
2025-10-27,soybean,Latur,7,123.2,116.3,1.059,49,false
2025-10-27,soybean,Latur,14,128.8,139.8,0.922,42,true
2025-10-27,soybean,Latur,21,145.9,143.2,1.019,37,false
2025-10-27,soybean,Nagpur,1,99.2,101.1,0.981,61,false
2025-10-27,soybean,Nagpur,2,108.4,108.7,0.997,72,false
2025-10-27,soybean,Nagpur,3,117.2,115.5,1.014,71,false
2025-10-27,soybean,Nagpur,7,141.7,136.3,1.039,67,false
2025-10-27,soybean,Nagpur,14,189.0,180.7,1.046,61,false
2025-10-27,soybean,Nagpur,21,199.7,200.5,0.996,54,false
2025-10-27,soybean,Washim,1,93.0,89.2,1.042,53,false
2025-10-27,soybean,Washim,2,91.9,94.6,0.971,67,false
2025-10-27,soybean,Washim,3,96.6,103.0,0.937,66,true
2025-10-27,soybean,Washim,7,129.1,121.8,1.06,62,false
2025-10-27,soybean,Washim,14,167.8,152.3,1.101,56,false
2025-10-27,soybean,Washim,21,216.4,225.1,0.961,49,false
2025-10-27,tomato,Junnar (Narayangaon),1,281.1,302.8,0.928,71,true
2025-10-27,tomato,Junnar (Narayangaon),2,343.1,383.3,0.895,75,true
2025-10-27,tomato,Junnar (Narayangaon),3,365.7,439.2,0.833,74,true
2025-10-27,tomato,Junnar (Narayangaon),7,407.6,503.6,0.809,70,true
2025-10-27,tomato,Junnar (Narayangaon),14,550.4,797.6,0.69,63,true
2025-10-27,tomato,Junnar (Narayangaon),21,676.2,1071.4,0.631,56,true
2025-10-27,tomato,Nasik,1,198.2,202.8,0.978,78,false
2025-10-27,tomato,Nasik,2,241.9,258.5,0.936,79,true
2025-10-27,tomato,Nasik,3,252.8,264.2,0.957,78,false
2025-10-27,tomato,Nasik,7,338.5,368.9,0.918,74,true
2025-10-27,tomato,Nasik,14,472.4,552.5,0.855,67,true
2025-10-27,tomato,Nasik,21,545.7,717.6,0.76,60,true
2025-10-27,tomato,Pimpalgaon,1,313.3,305.1,1.027,81,false
2025-10-27,tomato,Pimpalgaon,2,389.2,417.3,0.933,81,true
2025-10-27,tomato,Pimpalgaon,3,416.2,477.4,0.872,80,true
2025-10-27,tomato,Pimpalgaon,7,492.0,614.3,0.801,76,true
2025-10-27,tomato,Pimpalgaon,14,423.3,743.9,0.569,69,true
2025-10-27,tomato,Pimpalgaon,21,447.6,1085.2,0.412,62,true
2025-10-27,tomato,Pune,1,217.1,220.8,0.983,84,false
2025-10-27,tomato,Pune,2,251.9,273.0,0.922,89,true
2025-10-27,tomato,Pune,3,277.0,301.1,0.92,88,true
2025-10-27,tomato,Pune,7,344.4,339.9,1.013,84,false
2025-10-27,tomato,Pune,14,389.4,415.6,0.937,77,true
2025-10-27,tomato,Pune,21,423.1,526.4,0.804,70,true
2025-10-27,tomato,Pune (Pimpri),1,249.2,265.9,0.937,85,true
2025-10-27,tomato,Pune (Pimpri),2,266.9,300.0,0.89,85,true
2025-10-27,tomato,Pune (Pimpri),3,273.9,314.3,0.871,84,true
2025-10-27,tomato,Pune (Pimpri),7,328.6,349.4,0.941,80,true
2025-10-27,tomato,Pune (Pimpri),14,425.6,530.8,0.802,73,true
2025-10-27,tomato,Pune (Pimpri),21,490.3,667.4,0.735,66,true
2025-10-30,onion,Lasalgaon,1,73.9,58.0,1.274,66,false
2025-10-30,onion,Lasalgaon,2,85.2,75.5,1.128,71,false
2025-10-30,onion,Lasalgaon,3,101.4,89.8,1.13,70,false
2025-10-30,onion,Lasalgaon,7,172.8,129.2,1.338,66,false
2025-10-30,onion,Lasalgaon,14,292.1,187.5,1.558,60,false
2025-10-30,onion,Lasalgaon,21,311.6,193.9,1.607,54,false
2025-10-30,onion,Lasalgaon (Niphad),1,68.2,54.7,1.247,69,false
2025-10-30,onion,Lasalgaon (Niphad),2,82.9,70.9,1.169,78,false
2025-10-30,onion,Lasalgaon (Niphad),3,101.0,87.9,1.149,77,false
2025-10-30,onion,Lasalgaon (Niphad),7,152.8,113.2,1.35,73,false
2025-10-30,onion,Lasalgaon (Niphad),14,255.2,160.1,1.594,67,false
2025-10-30,onion,Lasalgaon (Niphad),21,296.6,172.6,1.719,60,false
2025-10-30,onion,Lasalgaon (Vinchur),1,53.1,38.7,1.373,62,false
2025-10-30,onion,Lasalgaon (Vinchur),2,66.9,55.1,1.214,67,false
2025-10-30,onion,Lasalgaon (Vinchur),3,84.1,68.3,1.233,66,false
2025-10-30,onion,Lasalgaon (Vinchur),7,151.3,111.1,1.362,62,false
2025-10-30,onion,Lasalgaon (Vinchur),14,250.5,162.7,1.54,56,false
2025-10-30,onion,Lasalgaon (Vinchur),21,271.1,180.5,1.502,49,false
2025-10-30,onion,Nasik,1,93.6,82.6,1.133,74,false
2025-10-30,onion,Nasik,2,109.5,102.2,1.071,81,false
2025-10-30,onion,Nasik,3,126.9,121.0,1.049,80,false
2025-10-30,onion,Nasik,7,187.1,189.9,0.985,76,false
2025-10-30,onion,Nasik,14,253.4,229.5,1.104,69,false
2025-10-30,onion,Nasik,21,241.1,186.7,1.291,62,false
2025-10-30,onion,Pimpalgaon,1,66.2,54.9,1.206,78,false
2025-10-30,onion,Pimpalgaon,2,77.4,72.0,1.074,82,false
2025-10-30,onion,Pimpalgaon,3,90.6,84.5,1.072,81,false
2025-10-30,onion,Pimpalgaon,7,157.0,132.9,1.182,77,false
2025-10-30,onion,Pimpalgaon,14,244.3,171.5,1.425,70,false
2025-10-30,onion,Pimpalgaon,21,263.5,156.0,1.689,63,false
2025-10-30,onion,Pune,1,376.8,394.6,0.955,74,false
2025-10-30,onion,Pune,2,353.2,367.3,0.962,81,false
2025-10-30,onion,Pune,3,363.1,375.6,0.967,80,false
2025-10-30,onion,Pune,7,400.9,409.2,0.98,76,false
2025-10-30,onion,Pune,14,508.1,459.4,1.106,69,false
2025-10-30,onion,Pune,21,573.3,506.5,1.132,62,false
2025-10-30,onion,Solapur,1,67.7,66.7,1.015,66,false
2025-10-30,onion,Solapur,2,79.5,78.3,1.016,76,false
2025-10-30,onion,Solapur,3,97.5,94.0,1.037,75,false
2025-10-30,onion,Solapur,7,157.0,133.8,1.173,71,false
2025-10-30,onion,Solapur,14,190.6,120.3,1.584,64,false
2025-10-30,onion,Solapur,21,201.4,118.4,1.701,57,false
2025-10-30,soybean,Akola,1,75.5,86.7,0.871,72,true
2025-10-30,soybean,Akola,2,77.4,78.5,0.986,78,false
2025-10-30,soybean,Akola,3,81.1,82.5,0.982,77,false
2025-10-30,soybean,Akola,7,109.8,106.1,1.035,73,false
2025-10-30,soybean,Akola,14,141.0,144.1,0.979,66,false
2025-10-30,soybean,Akola,21,166.8,174.0,0.959,59,false
2025-10-30,soybean,Amarawati,1,86.9,63.6,1.366,72,false
2025-10-30,soybean,Amarawati,2,98.2,67.5,1.456,78,false
2025-10-30,soybean,Amarawati,3,108.4,81.3,1.333,77,false
2025-10-30,soybean,Amarawati,7,144.4,114.3,1.264,73,false
2025-10-30,soybean,Amarawati,14,170.5,168.4,1.013,66,false
2025-10-30,soybean,Amarawati,21,211.3,202.1,1.046,59,false
2025-10-30,soybean,Latur,1,77.7,71.2,1.09,44,false
2025-10-30,soybean,Latur,2,84.4,75.8,1.113,55,false
2025-10-30,soybean,Latur,3,100.4,94.6,1.061,54,false
2025-10-30,soybean,Latur,7,123.2,124.8,0.988,50,false
2025-10-30,soybean,Latur,14,127.3,149.8,0.85,43,true
2025-10-30,soybean,Latur,21,135.4,135.8,0.997,38,false
2025-10-30,soybean,Nagpur,1,95.0,95.7,0.992,59,false
2025-10-30,soybean,Nagpur,2,103.3,102.1,1.013,69,false
2025-10-30,soybean,Nagpur,3,110.4,107.1,1.032,68,false
2025-10-30,soybean,Nagpur,7,132.9,125.7,1.058,64,false
2025-10-30,soybean,Nagpur,14,176.6,166.3,1.062,58,false
2025-10-30,soybean,Nagpur,21,199.2,198.7,1.003,51,false
2025-10-30,soybean,Washim,1,90.2,87.1,1.036,52,false
2025-10-30,soybean,Washim,2,94.0,92.5,1.016,67,false
2025-10-30,soybean,Washim,3,99.4,102.3,0.972,66,false
2025-10-30,soybean,Washim,7,124.4,123.2,1.009,62,false
2025-10-30,soybean,Washim,14,156.6,150.2,1.043,56,false
2025-10-30,soybean,Washim,21,214.3,236.3,0.907,49,true
2025-10-30,tomato,Junnar (Narayangaon),1,281.2,294.1,0.956,68,false
2025-10-30,tomato,Junnar (Narayangaon),2,336.5,371.5,0.906,72,true
2025-10-30,tomato,Junnar (Narayangaon),3,356.7,429.6,0.83,71,true
2025-10-30,tomato,Junnar (Narayangaon),7,418.9,518.7,0.808,67,true
2025-10-30,tomato,Junnar (Narayangaon),14,563.4,804.2,0.701,60,true
2025-10-30,tomato,Junnar (Narayangaon),21,662.2,1056.6,0.627,53,true
2025-10-30,tomato,Nasik,1,200.8,208.6,0.962,77,false
2025-10-30,tomato,Nasik,2,249.1,261.4,0.953,79,false
2025-10-30,tomato,Nasik,3,257.0,267.1,0.962,78,false
2025-10-30,tomato,Nasik,7,353.7,373.9,0.946,74,true
2025-10-30,tomato,Nasik,14,501.6,566.3,0.886,67,true
2025-10-30,tomato,Nasik,21,558.0,700.9,0.796,60,true
2025-10-30,tomato,Pimpalgaon,1,291.6,286.9,1.016,80,false
2025-10-30,tomato,Pimpalgaon,2,361.1,384.5,0.939,81,true
2025-10-30,tomato,Pimpalgaon,3,394.3,447.9,0.88,80,true
2025-10-30,tomato,Pimpalgaon,7,487.3,589.0,0.827,76,true
2025-10-30,tomato,Pimpalgaon,14,448.8,744.9,0.602,69,true
2025-10-30,tomato,Pimpalgaon,21,436.1,1031.8,0.423,62,true
2025-10-30,tomato,Pune,1,212.4,216.0,0.983,81,false
2025-10-30,tomato,Pune,2,246.8,262.1,0.942,87,true
2025-10-30,tomato,Pune,3,272.6,290.7,0.938,86,true
2025-10-30,tomato,Pune,7,349.9,340.9,1.027,82,false
2025-10-30,tomato,Pune,14,381.7,395.3,0.965,75,false
2025-10-30,tomato,Pune,21,410.4,503.7,0.815,68,true
2025-10-30,tomato,Pune (Pimpri),1,240.8,244.0,0.987,84,false
2025-10-30,tomato,Pune (Pimpri),2,257.5,270.6,0.952,85,false
2025-10-30,tomato,Pune (Pimpri),3,263.6,284.5,0.926,84,true
2025-10-30,tomato,Pune (Pimpri),7,314.1,331.9,0.946,80,true
2025-10-30,tomato,Pune (Pimpri),14,424.1,500.7,0.847,73,true
2025-10-30,tomato,Pune (Pimpri),21,462.2,600.0,0.77,66,true
2025-11-02,onion,Lasalgaon,1,75.0,58.7,1.278,63,false
2025-11-02,onion,Lasalgaon,2,87.1,76.9,1.132,69,false
2025-11-02,onion,Lasalgaon,3,107.3,97.9,1.096,68,false
2025-11-02,onion,Lasalgaon,7,179.6,137.7,1.305,65,false
2025-11-02,onion,Lasalgaon,14,294.9,187.8,1.57,58,false
2025-11-02,onion,Lasalgaon,21,309.1,198.5,1.557,54,false
2025-11-02,onion,Lasalgaon (Niphad),1,76.5,61.5,1.243,69,false
2025-11-02,onion,Lasalgaon (Niphad),2,92.2,78.5,1.174,79,false
2025-11-02,onion,Lasalgaon (Niphad),3,113.8,99.0,1.149,78,false
2025-11-02,onion,Lasalgaon (Niphad),7,175.3,141.4,1.239,75,false
2025-11-02,onion,Lasalgaon (Niphad),14,270.9,182.8,1.482,68,false
2025-11-02,onion,Lasalgaon (Niphad),21,307.2,207.1,1.483,61,false
2025-11-02,onion,Lasalgaon (Vinchur),1,69.5,57.7,1.205,61,false
2025-11-02,onion,Lasalgaon (Vinchur),2,87.7,79.9,1.099,67,false
2025-11-02,onion,Lasalgaon (Vinchur),3,104.4,93.0,1.123,66,false
2025-11-02,onion,Lasalgaon (Vinchur),7,168.8,135.1,1.249,63,false
2025-11-02,onion,Lasalgaon (Vinchur),14,257.8,176.6,1.46,56,false
2025-11-02,onion,Lasalgaon (Vinchur),21,276.5,206.2,1.341,49,false
2025-11-02,onion,Nasik,1,96.1,82.9,1.159,71,false
2025-11-02,onion,Nasik,2,112.9,102.2,1.105,78,false
2025-11-02,onion,Nasik,3,130.5,121.1,1.078,77,false
2025-11-02,onion,Nasik,7,191.5,195.3,0.981,73,false
2025-11-02,onion,Nasik,14,246.5,214.5,1.149,66,false
2025-11-02,onion,Nasik,21,239.0,172.8,1.383,59,false
2025-11-02,onion,Pimpalgaon,1,67.5,55.1,1.226,75,false
2025-11-02,onion,Pimpalgaon,2,80.0,73.5,1.088,80,false
2025-11-02,onion,Pimpalgaon,3,93.6,86.6,1.08,79,false
2025-11-02,onion,Pimpalgaon,7,165.9,142.7,1.162,75,false
2025-11-02,onion,Pimpalgaon,14,248.4,174.0,1.428,68,false
2025-11-02,onion,Pimpalgaon,21,272.3,166.1,1.64,61,false
2025-11-02,onion,Pune,1,390.0,408.5,0.955,71,false
2025-11-02,onion,Pune,2,363.6,378.2,0.961,78,false
2025-11-02,onion,Pune,3,374.2,387.0,0.967,77,false
2025-11-02,onion,Pune,7,415.5,424.0,0.98,73,false
2025-11-02,onion,Pune,14,526.7,475.0,1.109,66,false
2025-11-02,onion,Pune,21,598.8,528.0,1.134,59,false
2025-11-02,onion,Solapur,1,68.7,68.3,1.006,63,false
2025-11-02,onion,Solapur,2,80.9,80.1,1.009,73,false
2025-11-02,onion,Solapur,3,96.7,93.8,1.032,72,false
2025-11-02,onion,Solapur,7,161.2,136.0,1.185,68,false
2025-11-02,onion,Solapur,14,195.3,119.7,1.632,61,false
2025-11-02,onion,Solapur,21,211.3,121.3,1.742,54,false
2025-11-02,soybean,Akola,1,72.0,85.7,0.84,71,true
2025-11-02,soybean,Akola,2,74.0,76.5,0.968,78,false
2025-11-02,soybean,Akola,3,76.5,79.4,0.964,77,false
2025-11-02,soybean,Akola,7,103.7,103.7,1.0,73,false
2025-11-02,soybean,Akola,14,140.4,150.5,0.933,66,true
2025-11-02,soybean,Akola,21,166.6,177.0,0.941,59,true
2025-11-02,soybean,Amarawati,1,89.2,64.3,1.387,69,false
2025-11-02,soybean,Amarawati,2,100.5,68.5,1.467,75,false
2025-11-02,soybean,Amarawati,3,109.3,81.7,1.338,74,false
2025-11-02,soybean,Amarawati,7,143.1,112.7,1.269,70,false
2025-11-02,soybean,Amarawati,14,174.3,172.4,1.011,63,false
2025-11-02,soybean,Amarawati,21,216.0,205.0,1.054,57,false
2025-11-02,soybean,Latur,1,78.0,71.6,1.09,41,false
2025-11-02,soybean,Latur,2,84.0,75.4,1.115,52,false
2025-11-02,soybean,Latur,3,101.0,95.3,1.06,51,false
2025-11-02,soybean,Latur,7,122.7,125.7,0.976,47,false
2025-11-02,soybean,Latur,14,129.8,152.1,0.853,42,true
2025-11-02,soybean,Latur,21,138.8,138.4,1.003,37,false
2025-11-02,soybean,Nagpur,1,90.4,93.5,0.967,59,false
2025-11-02,soybean,Nagpur,2,98.2,99.1,0.991,70,false
2025-11-02,soybean,Nagpur,3,104.4,103.2,1.012,69,false
2025-11-02,soybean,Nagpur,7,124.3,119.7,1.039,66,false
2025-11-02,soybean,Nagpur,14,162.3,162.2,1.001,59,false
2025-11-02,soybean,Nagpur,21,196.6,193.2,1.018,53,false
2025-11-02,soybean,Washim,1,92.6,88.6,1.045,50,false
2025-11-02,soybean,Washim,2,97.0,95.3,1.018,64,false
2025-11-02,soybean,Washim,3,100.5,104.0,0.967,63,false
2025-11-02,soybean,Washim,7,121.3,120.7,1.006,60,false
2025-11-02,soybean,Washim,14,154.9,150.2,1.031,53,false
2025-11-02,soybean,Washim,21,215.3,240.0,0.897,47,true
2025-11-02,tomato,Junnar (Narayangaon),1,272.9,292.3,0.934,65,true
2025-11-02,tomato,Junnar (Narayangaon),2,330.5,365.9,0.903,69,true
2025-11-02,tomato,Junnar (Narayangaon),3,350.7,419.1,0.837,68,true
2025-11-02,tomato,Junnar (Narayangaon),7,427.8,519.5,0.823,64,true
2025-11-02,tomato,Junnar (Narayangaon),14,574.6,811.4,0.708,57,true
2025-11-02,tomato,Junnar (Narayangaon),21,652.1,1050.0,0.621,50,true
2025-11-02,tomato,Nasik,1,198.7,209.4,0.949,76,true
2025-11-02,tomato,Nasik,2,244.9,260.3,0.941,78,true
2025-11-02,tomato,Nasik,3,255.9,266.0,0.962,77,false
2025-11-02,tomato,Nasik,7,350.0,377.3,0.928,73,true
2025-11-02,tomato,Nasik,14,513.0,572.3,0.896,66,true
2025-11-02,tomato,Nasik,21,555.8,681.9,0.815,59,true
2025-11-02,tomato,Pimpalgaon,1,271.7,265.3,1.024,79,false
2025-11-02,tomato,Pimpalgaon,2,347.0,369.1,0.94,80,true
2025-11-02,tomato,Pimpalgaon,3,388.1,439.4,0.883,79,true
2025-11-02,tomato,Pimpalgaon,7,478.8,580.5,0.825,75,true
2025-11-02,tomato,Pimpalgaon,14,446.5,752.1,0.594,68,true
2025-11-02,tomato,Pimpalgaon,21,414.7,972.8,0.426,61,true
2025-11-02,tomato,Pune,1,208.1,208.3,0.999,78,false
2025-11-02,tomato,Pune,2,238.4,250.6,0.951,84,false
2025-11-02,tomato,Pune,3,265.1,280.1,0.947,83,true
2025-11-02,tomato,Pune,7,351.6,341.1,1.031,79,false
2025-11-02,tomato,Pune,14,392.7,404.9,0.97,72,false
2025-11-02,tomato,Pune,21,416.9,511.5,0.815,65,true
2025-11-02,tomato,Pune (Pimpri),1,237.5,234.9,1.011,83,false
2025-11-02,tomato,Pune (Pimpri),2,245.9,252.9,0.972,85,false
2025-11-02,tomato,Pune (Pimpri),3,242.8,256.0,0.949,84,true
2025-11-02,tomato,Pune (Pimpri),7,296.0,310.6,0.953,80,false
2025-11-02,tomato,Pune (Pimpri),14,427.5,491.8,0.869,73,true
2025-11-02,tomato,Pune (Pimpri),21,461.0,577.3,0.799,66,true
